pdbid,mhc,peptide,cognate,pmhc_tcr_pae,mean_p_tcr_interface_pae,pmhc
0049db06f97bc7d415403d42353e7675,"DRA*01:01,DRB1*15:03",QAAVVRFQEAANKQK,True,7.195027682664044,6.104916572570801,"DRA*01:01,DRB1*15:03:QAAVVRFQEAANKQK"
013d54d7e6007934d3be16d93fd527b9,"DRA*01:01,DRB1*11:01",VDLAKSLRIAAKIYS,True,6.4425930457956655,14.71980381011963,"DRA*01:01,DRB1*11:01:VDLAKSLRIAAKIYS"
04fbb5d11b50e47282eba62c3cd3e3fa,"DRA*01:01,DRB1*15:03",MSFVMAYPEMLAAAA,True,6.588995821871222,7.037540435791016,"DRA*01:01,DRB1*15:03:MSFVMAYPEMLAAAA"
051855d4af0e825f0b5543bf2542428e,"DRA*01:01,DRB1*15:03",MSFVMAYPEMLAAAA,True,7.1821825258872085,13.38852119445801,"DRA*01:01,DRB1*15:03:MSFVMAYPEMLAAAA"
0646b60195f76d05db145c0ef737a09d,"DRA*01:01,DRB5*01:01",QAAVVRFQEAANKQK,True,6.402871003069026,5.914756774902344,"DRA*01:01,DRB5*01:01:QAAVVRFQEAANKQK"
07610de8ebce35f4df68b728ee18c91e,"DRA*01:01,DRB1*11:01",VDLAKSLRIAAKIYS,True,6.490007606838567,17.84744262695312,"DRA*01:01,DRB1*11:01:VDLAKSLRIAAKIYS"
07e81579d73699ef196cf901427ed57e,"DRA*01:01,DRB1*11:01",HEANTMAMMARDTAE,True,6.187411517691768,10.33591365814209,"DRA*01:01,DRB1*11:01:HEANTMAMMARDTAE"
086be32705b07f3d832c0bb415f447ab,"DQA1*01:02,DQB1*06:02",ISTNIRQAGVQYSR,True,5.683000992545963,6.616786479949951,"DQA1*01:02,DQB1*06:02:ISTNIRQAGVQYSR"
09b4d7933a3dea0327b353f86221a154,"DRA*01:01,DRB1*15:03",MSFVMAYPEMLAAAA,True,6.672388746864906,6.094666481018066,"DRA*01:01,DRB1*15:03:MSFVMAYPEMLAAAA"
0a19f061c7f44973de48018361a000d5,"DQA1*01:02,DQB1*06:02",ISTNIRQAGVQYSR,True,7.257962121771403,9.969769477844238,"DQA1*01:02,DQB1*06:02:ISTNIRQAGVQYSR"
0a1c6aa9d71b22866d6a315184afaf7b,"DQA1*01:02,DQB1*06:02",TEQQWNFAGIEAAAS,True,6.134444554832712,11.12911128997803,"DQA1*01:02,DQB1*06:02:TEQQWNFAGIEAAAS"
0e53d524195038dd1a3f24ab185a19fb,"DRA*01:01,DRB1*15:03",QAAVVRFQEAANKQK,True,5.718014828326655,10.68130683898926,"DRA*01:01,DRB1*15:03:QAAVVRFQEAANKQK"
10918c91c42c37e0411d2166f4a5f13d,"DRA*01:01,DRB1*15:03",QAAVVRFQEAANKQK,True,7.091313169572129,10.00298976898193,"DRA*01:01,DRB1*15:03:QAAVVRFQEAANKQK"
147285d85bb9108ae825c2e8625417c8,"DRA*01:01,DRB1*15:03",MSFVMAYPEMLAAAA,True,6.684392719605389,10.1954231262207,"DRA*01:01,DRB1*15:03:MSFVMAYPEMLAAAA"
156ca148b922da8cf7126c4a5e5dde57,"DRA*01:01,DRB1*15:03",MSFVMAYPEMLAAAA,True,6.519253955768938,8.625090599060059,"DRA*01:01,DRB1*15:03:MSFVMAYPEMLAAAA"
160d094078838d33a2ec66c442a9d6c9,"DRA*01:01,DRB1*15:03",MSFVMAYPEMLAAAA,True,5.4496968989572245,12.89836120605469,"DRA*01:01,DRB1*15:03:MSFVMAYPEMLAAAA"
17e1338266c3814edc9bc9cc6fc52053,"DRA*01:01,DRB5*01:01",QAAVVRFQEAANKQK,True,6.502382307192859,7.022980690002441,"DRA*01:01,DRB5*01:01:QAAVVRFQEAANKQK"
19349a0ff67ca81175e1cdf11e539dd8,"DRA*01:01,DRB1*15:03",MSFVMAYPEMLAAAA,True,5.287740126960481,6.828733921051025,"DRA*01:01,DRB1*15:03:MSFVMAYPEMLAAAA"
1c5919b5a1d3adf02be9f616f88b09ec,"DQA1*01:02,DQB1*06:02",ISTNIRQAGVQYSR,True,7.165503601721156,6.1591796875,"DQA1*01:02,DQB1*06:02:ISTNIRQAGVQYSR"
1d7dd5592b9f69c495fd7d3821e44d32,"DRA*01:01,DRB1*15:03",MSFVMAYPEMLAAAA,True,7.526421395536611,7.569362163543701,"DRA*01:01,DRB1*15:03:MSFVMAYPEMLAAAA"
1e5863bc64be7e3a9fe888b64f557f6c,"DRA*01:01,DRB5*01:01",QAAVVRFQEAANKQK,True,6.354271793365479,7.203161239624023,"DRA*01:01,DRB5*01:01:QAAVVRFQEAANKQK"
1ed0acf121ea9b26d83ea0d386c77039,"DQA1*01:02,DQB1*06:02",TEQQWNFAGIEAAAS,True,5.702163588462122,8.603562355041504,"DQA1*01:02,DQB1*06:02:TEQQWNFAGIEAAAS"
23d9c30db6cb21e530bc6d6a36a7ac9f,"DRA*01:01,DRB1*15:03",MSFVMAYPEMLAAAA,True,5.278327692237471,6.549655437469482,"DRA*01:01,DRB1*15:03:MSFVMAYPEMLAAAA"
24fa29750cd0ded26fecaf293f47d0d9,"DRA*01:01,DRB1*11:01",VDLAKSLRIAAKIYS,True,6.948889602789253,11.75342655181885,"DRA*01:01,DRB1*11:01:VDLAKSLRIAAKIYS"
25be5cc173a76cf111796c0a6df5977d,"DRA*01:01,DRB5*01:01",QAAVVRFQEAANKQK,True,6.275496128032302,5.944087505340576,"DRA*01:01,DRB5*01:01:QAAVVRFQEAANKQK"
264076735ab08ba34949935283b7c951,"DRA*01:01,DRB1*15:03",MSFVMAYPEMLAAAA,True,6.196046455039263,7.392047882080078,"DRA*01:01,DRB1*15:03:MSFVMAYPEMLAAAA"
27ccc276b4046495ad089399bc6b6484,"DQA1*01:02,DQB1*06:02",TEQQWNFAGIEAAAS,True,5.4550243517431,8.124403953552246,"DQA1*01:02,DQB1*06:02:TEQQWNFAGIEAAAS"
27d17ae12d97eab0e3338720ec1d7259,"DRA*01:01,DRB1*11:01",VDLAKSLRIAAKIYS,True,7.347288717545922,13.82600021362305,"DRA*01:01,DRB1*11:01:VDLAKSLRIAAKIYS"
2a32973056fd0d70fdcca7b3fb1062f5,"DQA1*01:02,DQB1*06:02",TEQQWNFAGIEAAAS,True,7.104060914585673,8.442276000976562,"DQA1*01:02,DQB1*06:02:TEQQWNFAGIEAAAS"
2abbb7e82f7e8efe38a85147c5715f67,"DQA1*01:02,DQB1*06:02",ISTNIRQAGVQYSR,True,7.335941959625032,8.329307556152344,"DQA1*01:02,DQB1*06:02:ISTNIRQAGVQYSR"
2b667d4691ae5e58c7bd731db7902398,"DQA1*01:02,DQB1*06:02",TEQQWNFAGIEAAAS,True,5.183469838110792,8.240445137023926,"DQA1*01:02,DQB1*06:02:TEQQWNFAGIEAAAS"
2bdc205fe5725b6939e065d86d70ab6d,"DRA*01:01,DRB1*15:03",MSFVMAYPEMLAAAA,True,6.078867593103397,16.34708023071289,"DRA*01:01,DRB1*15:03:MSFVMAYPEMLAAAA"
2c7b0bd614792bad90df9377f5539ddf,"DRA*01:01,DRB1*15:03",MSFVMAYPEMLAAAA,True,6.463408554301543,6.558294296264648,"DRA*01:01,DRB1*15:03:MSFVMAYPEMLAAAA"
2d325b92dcbf09acd7cdb51100015942,"DQA1*01:02,DQB1*06:02",TEQQWNFAGIEAAAS,True,5.650183010693879,8.010602951049805,"DQA1*01:02,DQB1*06:02:TEQQWNFAGIEAAAS"
333e1f800f2cfe9593e838840b9acb84,"DRA*01:01,DRB1*15:03",MSFVMAYPEMLAAAA,True,5.8648921866493655,9.433631896972656,"DRA*01:01,DRB1*15:03:MSFVMAYPEMLAAAA"
347ef5ce108b2662a13bbfb1d815a02c,"DRA*01:01,DRB1*11:01",VDLAKSLRIAAKIYS,True,6.7157354796634,10.43761157989502,"DRA*01:01,DRB1*11:01:VDLAKSLRIAAKIYS"
350afe1c3b7aba945642e8ed94cc91ef,"DRA*01:01,DRB1*01:02",TLQSLGAEIAVE,True,5.943934404675464,5.815148830413818,"DRA*01:01,DRB1*01:02:TLQSLGAEIAVE"
371e5d8713f04893d1d94dab42341575,"DQA1*01:02,DQB1*06:02",ISTNIRQAGVQYSR,True,5.897935273684405,10.16592407226562,"DQA1*01:02,DQB1*06:02:ISTNIRQAGVQYSR"
376f7862085d74c38ec1f5a9d324301a,"DRA*01:01,DRB1*15:03",QAAVVRFQEAANKQK,True,7.990479781924282,9.078354835510254,"DRA*01:01,DRB1*15:03:QAAVVRFQEAANKQK"
3adcd2e88059c686c3a5d4af7e6cd35d,"DRA*01:01,DRB5*01:01",QAAVVRFQEAANKQK,True,6.49193549156189,7.623914241790771,"DRA*01:01,DRB5*01:01:QAAVVRFQEAANKQK"
3b1ec0650615c4465a3c8c925d889bce,"DQA1*01:02,DQB1*06:02",TEQQWNFAGIEAAAS,True,6.012884192585033,10.79556560516357,"DQA1*01:02,DQB1*06:02:TEQQWNFAGIEAAAS"
3b94bf685d04421eff587438b92f2db6,"DRA*01:01,DRB1*15:03",MSFVMAYPEMLAAAA,True,5.321694884858745,6.930279731750488,"DRA*01:01,DRB1*15:03:MSFVMAYPEMLAAAA"
3bd385b2d7d489da3a74eb00f69eac5e,"DQA1*01:02,DQB1*06:02",ISTNIRQAGVQYSR,True,9.130958717199409,17.83721351623535,"DQA1*01:02,DQB1*06:02:ISTNIRQAGVQYSR"
3bfb46437e064c4c6184139432372e6b,"DRA*01:01,DRB1*15:03",MSFVMAYPEMLAAAA,True,6.426986041273025,7.266736030578613,"DRA*01:01,DRB1*15:03:MSFVMAYPEMLAAAA"
4033a21553480f48c189c0fb524d9b82,"DRA*01:01,DRB1*01:02",TLQSLGAEIAVE,True,6.9333312187889256,5.782763004302979,"DRA*01:01,DRB1*01:02:TLQSLGAEIAVE"
414beb1102476ae611262cd3b418fedb,"DRA*01:01,DRB1*15:03",MSFVMAYPEMLAAAA,True,5.6250237387707855,10.15307998657227,"DRA*01:01,DRB1*15:03:MSFVMAYPEMLAAAA"
42248b7ecde5fe8f7edeff92d93790ce,"DRA*01:01,DRB5*01:01",QAAVVRFQEAANKQK,True,6.320830337241227,7.6961669921875,"DRA*01:01,DRB5*01:01:QAAVVRFQEAANKQK"
430e913e528d06d0ece0e0313d5ccb7a,"DRA*01:01,DRB1*15:03",MSFVMAYPEMLAAAA,True,6.281899331685768,16.16228294372559,"DRA*01:01,DRB1*15:03:MSFVMAYPEMLAAAA"
436b62566f9c228a0536a7ccca1c1897,"DRA*01:01,DRB1*15:03",MSFVMAYPEMLAAAA,True,6.32957384786686,6.469816207885742,"DRA*01:01,DRB1*15:03:MSFVMAYPEMLAAAA"
437a51d81e448fddb9df28343d4f3c00,"DQA1*01:02,DQB1*06:02",TEQQWNFAGIEAAAS,True,8.445602250586267,12.72572422027588,"DQA1*01:02,DQB1*06:02:TEQQWNFAGIEAAAS"
43b3764ae894457ea280292536af762f,"DRA*01:01,DRB1*15:03",QAAVVRFQEAANKQK,True,7.564466835531473,10.03937816619873,"DRA*01:01,DRB1*15:03:QAAVVRFQEAANKQK"
4643f742d61336a26fe72cd0a504ea53,"DQA1*01:02,DQB1*06:02",ISTNIRQAGVQYSR,True,6.245449020591799,8.689216613769531,"DQA1*01:02,DQB1*06:02:ISTNIRQAGVQYSR"
468cc4bccce440ed14b6f06e01f0ac17,"DRA*01:01,DRB1*11:01",VDLAKSLRIAAKIYS,True,5.387599794102447,8.168863296508789,"DRA*01:01,DRB1*11:01:VDLAKSLRIAAKIYS"
47183cbb3fa857b43a206cb494c21344,"DRA*01:01,DRB5*01:01",QAAVVRFQEAANKQK,True,8.037525093237798,7.476704597473144,"DRA*01:01,DRB5*01:01:QAAVVRFQEAANKQK"
4b23f13842788691d5bd6f578a11bdb3,"DRA*01:01,DRB5*01:01",QAAVVRFQEAANKQK,True,6.202751554939609,9.329634666442873,"DRA*01:01,DRB5*01:01:QAAVVRFQEAANKQK"
4c0553db9faa6127e77890e88fe63d26,"DQA1*01:02,DQB1*06:02",TEQQWNFAGIEAAAS,True,6.605933054148802,8.87891960144043,"DQA1*01:02,DQB1*06:02:TEQQWNFAGIEAAAS"
4d7784f94fb2ea727adff9a4597d2a78,"DRA*01:01,DRB1*15:03",MSFVMAYPEMLAAAA,True,5.89445155015315,13.11836338043213,"DRA*01:01,DRB1*15:03:MSFVMAYPEMLAAAA"
52577ce8c58667184237cc5b7751bb8a,"DRA*01:01,DRB1*11:01",VDLAKSLRIAAKIYS,True,6.214412108589621,19.22881317138672,"DRA*01:01,DRB1*11:01:VDLAKSLRIAAKIYS"
52fee5257d1eb4b33314d41cd21c763f,"DQA1*01:02,DQB1*06:02",TEQQWNFAGIEAAAS,True,6.186471667206078,8.908181190490723,"DQA1*01:02,DQB1*06:02:TEQQWNFAGIEAAAS"
533ac87af9fc2c8b4c829d4fed803861,"DRA*01:01,DRB1*11:01",VDLAKSLRIAAKIYS,True,5.558449751176253,11.68608283996582,"DRA*01:01,DRB1*11:01:VDLAKSLRIAAKIYS"
56c4d3cac8ab5f619085d540abef1c06,"DRA*01:01,DRB5*01:01",QAAVVRFQEAANKQK,True,6.081699162015728,15.81949520111084,"DRA*01:01,DRB5*01:01:QAAVVRFQEAANKQK"
573684d623df15dadfc7c17702e03e45,"DRA*01:01,DRB1*15:03",MSFVMAYPEMLAAAA,True,6.114085686206818,14.83331203460693,"DRA*01:01,DRB1*15:03:MSFVMAYPEMLAAAA"
595d6d06b689a84adc70b03f0b05339d,"DRA*01:01,DRB1*15:03",MSFVMAYPEMLAAAA,True,6.630725599107547,12.40672016143799,"DRA*01:01,DRB1*15:03:MSFVMAYPEMLAAAA"
5b0cf76118430b8d88d008db037a8684,"DRA*01:01,DRB5*01:01",QAAVVRFQEAANKQK,True,7.049595046974341,8.896635055541992,"DRA*01:01,DRB5*01:01:QAAVVRFQEAANKQK"
5b93589650216762aacaa8d79cea6c56,"DRA*01:01,DRB1*01:02",TLQSLGAEIAVE,True,6.863831279141106,7.544416427612305,"DRA*01:01,DRB1*01:02:TLQSLGAEIAVE"
5bbbc2958a686297cfccd087f034c0cf,"DRA*01:01,DRB1*15:03",MSFVMAYPEMLAAAA,True,7.138665711103367,12.44061756134033,"DRA*01:01,DRB1*15:03:MSFVMAYPEMLAAAA"
5cae3f2a19f961c11f5c0d68537921df,"DQA1*01:02,DQB1*06:02",TEQQWNFAGIEAAAS,True,5.4582588308629605,7.650381088256836,"DQA1*01:02,DQB1*06:02:TEQQWNFAGIEAAAS"
5f6f7f9d4f66b41a352223903cefc0b4,"DRA*01:01,DRB1*15:03",MSFVMAYPEMLAAAA,True,6.778745185498483,8.640666961669922,"DRA*01:01,DRB1*15:03:MSFVMAYPEMLAAAA"
600ef7b3da1169d0498def758078d55e,"DRA*01:01,DRB5*01:01",QAAVVRFQEAANKQK,True,6.785710599458447,6.028051376342773,"DRA*01:01,DRB5*01:01:QAAVVRFQEAANKQK"
63cd62a497a5c074ce3ba207cd478447,"DRA*01:01,DRB1*11:01",VDLAKSLRIAAKIYS,True,8.38383750109266,9.691883087158203,"DRA*01:01,DRB1*11:01:VDLAKSLRIAAKIYS"
65c38ba76e238ee618ce5cae7bd37332,"DRA*01:01,DRB1*11:01",HEANTMAMMARDTAE,True,5.9558680081991495,8.457521438598633,"DRA*01:01,DRB1*11:01:HEANTMAMMARDTAE"
68a26c7db436ffb39ea0c6413e0725c3,"DRA*01:01,DRB1*15:03",MSFVMAYPEMLAAAA,True,6.46059097679598,7.767219066619873,"DRA*01:01,DRB1*15:03:MSFVMAYPEMLAAAA"
6a0edf2ac317b73dece825b9a9b8c773,"DRA*01:01,DRB5*01:01",QAAVVRFQEAANKQK,True,6.695951089041922,6.607583522796631,"DRA*01:01,DRB5*01:01:QAAVVRFQEAANKQK"
6bd69f16ccb1714b342ffe0ecf12a945,"DRA*01:01,DRB1*01:02",TLQSLGAEIAVE,True,7.540877204591849,11.617995262146,"DRA*01:01,DRB1*01:02:TLQSLGAEIAVE"
6dfb3e32cd89c90d06bd2d31cd7e31e3,"DRA*01:01,DRB5*01:01",QAAVVRFQEAANKQK,True,6.291157040723394,8.416166305541992,"DRA*01:01,DRB5*01:01:QAAVVRFQEAANKQK"
6f1449e70e88487f9a161d743ae32864,"DQA1*01:02,DQB1*06:02",TEQQWNFAGIEAAAS,True,6.000466299892341,6.779009819030762,"DQA1*01:02,DQB1*06:02:TEQQWNFAGIEAAAS"
7042a553713185fbea89bd56317aec23,"DRA*01:01,DRB1*15:03",MSFVMAYPEMLAAAA,True,6.225382728645553,10.8317461013794,"DRA*01:01,DRB1*15:03:MSFVMAYPEMLAAAA"
70bf1b6bae91da55560d5b8c808f6100,"DRA*01:01,DRB1*01:02",TLQSLGAEIAVE,True,8.773432577187577,8.712623596191406,"DRA*01:01,DRB1*01:02:TLQSLGAEIAVE"
7103daec3a9a635bc735cb215f208694,"DRA*01:01,DRB1*15:03",MSFVMAYPEMLAAAA,True,5.854999992122097,6.493721961975098,"DRA*01:01,DRB1*15:03:MSFVMAYPEMLAAAA"
718a5449c3c73c0d3ffd0f279818e6fb,"DRA*01:01,DRB1*15:03",MSFVMAYPEMLAAAA,True,6.213006692668192,15.47429943084717,"DRA*01:01,DRB1*15:03:MSFVMAYPEMLAAAA"
71c07e7836ea5e7d143895540f7f97a3,"DRA*01:01,DRB5*01:01",QAAVVRFQEAANKQK,True,7.028377952446129,17.55367660522461,"DRA*01:01,DRB5*01:01:QAAVVRFQEAANKQK"
721d16c25ddeda104e2af6d6b61e6f63,"DRA*01:01,DRB1*15:03",MSFVMAYPEMLAAAA,True,6.267413716874692,17.83535957336426,"DRA*01:01,DRB1*15:03:MSFVMAYPEMLAAAA"
737fc395b6569d7bb8f5861ea9172917,"DRA*01:01,DRB1*11:01",HEANTMAMMARDTAE,True,5.922152997277485,8.927786827087402,"DRA*01:01,DRB1*11:01:HEANTMAMMARDTAE"
7419d529b2338da2486b649df264d96a,"DQA1*01:02,DQB1*06:02",TEQQWNFAGIEAAAS,True,5.87869837249513,7.932620525360107,"DQA1*01:02,DQB1*06:02:TEQQWNFAGIEAAAS"
7545cadbb2f9b878e66b552ebd96afbf,"DRA*01:01,DRB1*11:01",VDLAKSLRIAAKIYS,True,6.636093513349743,15.23565006256104,"DRA*01:01,DRB1*11:01:VDLAKSLRIAAKIYS"
762cc820fb7d625c0c91cf93bb293722,"DQA1*01:02,DQB1*06:02",TEQQWNFAGIEAAAS,True,5.379201912629471,9.523229598999023,"DQA1*01:02,DQB1*06:02:TEQQWNFAGIEAAAS"
762e5261a8b1e2675f3daf9b7aebda53,"DRA*01:01,DRB1*15:03",MSFVMAYPEMLAAAA,True,5.498868870326379,14.78055953979492,"DRA*01:01,DRB1*15:03:MSFVMAYPEMLAAAA"
77027f61b871cca26c8cf4438264dc18,"DRA*01:01,DRB1*15:03",MSFVMAYPEMLAAAA,True,6.355080488011116,6.689479351043701,"DRA*01:01,DRB1*15:03:MSFVMAYPEMLAAAA"
795ba7e84e5513f9d2865c74b1f5c139,"DQA1*01:02,DQB1*06:02",ISTNIRQAGVQYSR,True,6.576288720354322,9.491384506225586,"DQA1*01:02,DQB1*06:02:ISTNIRQAGVQYSR"
7a577508d0120229b15f720d563acde0,"DRA*01:01,DRB1*15:03",MSFVMAYPEMLAAAA,True,5.62922964824103,6.666945934295654,"DRA*01:01,DRB1*15:03:MSFVMAYPEMLAAAA"
7b37aa2c1ab19b1b5ffb3fe9bcfd2348,"DRA*01:01,DRB1*11:01",HEANTMAMMARDTAE,True,6.299019773588859,10.12262153625488,"DRA*01:01,DRB1*11:01:HEANTMAMMARDTAE"
7b4b2c51b0bb2aa03156f964a262ccc4,"DRA*01:01,DRB5*01:01",QAAVVRFQEAANKQK,True,5.936777711094574,6.830894470214844,"DRA*01:01,DRB5*01:01:QAAVVRFQEAANKQK"
7c31f8958a655a95fdb851c89ddf31b2,"DRA*01:01,DRB1*11:01",HEANTMAMMARDTAE,True,9.031307788827242,12.32695865631104,"DRA*01:01,DRB1*11:01:HEANTMAMMARDTAE"
7cff3119fccfdc39335733c8cdeafe09,"DRA*01:01,DRB1*15:03",MSFVMAYPEMLAAAA,True,5.852842029000738,9.97202491760254,"DRA*01:01,DRB1*15:03:MSFVMAYPEMLAAAA"
7eb95bc88339dde4e2f5b63cfac5a99b,"DQA1*01:02,DQB1*06:02",ISTNIRQAGVQYSR,True,5.93809925414588,7.136558532714844,"DQA1*01:02,DQB1*06:02:ISTNIRQAGVQYSR"
81a97382213577284d228f27bfb3e768,"DRA*01:01,DRB1*15:03",MSFVMAYPEMLAAAA,True,5.897740565698911,6.842270851135254,"DRA*01:01,DRB1*15:03:MSFVMAYPEMLAAAA"
81f2b0dbdb25b6ef68326f74232007fd,"DRA*01:01,DRB1*15:03",MSFVMAYPEMLAAAA,True,6.226361338477813,8.801844596862793,"DRA*01:01,DRB1*15:03:MSFVMAYPEMLAAAA"
83135fd680462a5e6428b8a2aef167cc,"DRA*01:01,DRB5*01:01",QAAVVRFQEAANKQK,True,5.599499314276459,6.121870994567871,"DRA*01:01,DRB5*01:01:QAAVVRFQEAANKQK"
83acfb5cca3d3e9a6e48501092f8cdfd,"DRA*01:01,DRB1*15:03",MSFVMAYPEMLAAAA,True,6.960420537696165,6.868413925170898,"DRA*01:01,DRB1*15:03:MSFVMAYPEMLAAAA"
844ed60260db2a3ded63dda9615e2f26,"DRA*01:01,DRB1*11:01",HEANTMAMMARDTAE,True,6.184619815209333,8.66436767578125,"DRA*01:01,DRB1*11:01:HEANTMAMMARDTAE"
86199c9afe5590ec693835f2eb5e04ad,"DRA*01:01,DRB5*01:01",QAAVVRFQEAANKQK,True,6.080080294672244,9.885562896728516,"DRA*01:01,DRB5*01:01:QAAVVRFQEAANKQK"
875dc9fd4f910b301ba71d7689aa3301,"DRA*01:01,DRB1*01:02",TLQSLGAEIAVE,True,10.088174729037968,5.457833290100098,"DRA*01:01,DRB1*01:02:TLQSLGAEIAVE"
889a709fe05e6b2624a846add8b46968,"DRA*01:01,DRB5*01:01",QAAVVRFQEAANKQK,True,6.878078962774838,6.804250240325928,"DRA*01:01,DRB5*01:01:QAAVVRFQEAANKQK"
8a6d7ab9b072f4d762254b844a58021e,"DRA*01:01,DRB1*11:01",HEANTMAMMARDTAE,True,6.106095987013658,8.785382270812988,"DRA*01:01,DRB1*11:01:HEANTMAMMARDTAE"
8aae5b8072dbd110111942760ff007d9,"DRA*01:01,DRB5*01:01",QAAVVRFQEAANKQK,True,5.3662788635241,6.06505012512207,"DRA*01:01,DRB5*01:01:QAAVVRFQEAANKQK"
921723ddfc7783c6acc755e56e931a6d,"DQA1*01:02,DQB1*06:02",ISTNIRQAGVQYSR,True,7.703695855961751,11.32866764068604,"DQA1*01:02,DQB1*06:02:ISTNIRQAGVQYSR"
9283facab85f1c0fe7974c71ecf65546,"DRA*01:01,DRB1*11:01",HEANTMAMMARDTAE,True,6.303016941969385,9.405564308166504,"DRA*01:01,DRB1*11:01:HEANTMAMMARDTAE"
9464e2ddf93614f2da1a04292bd13da4,"DRA*01:01,DRB5*01:01",QAAVVRFQEAANKQK,True,5.625175823326349,5.754666328430176,"DRA*01:01,DRB5*01:01:QAAVVRFQEAANKQK"
9ae7bf40d9de4b21fe9d54d954a42c64,"DRA*01:01,DRB1*01:02",TLQSLGAEIAVE,True,6.726646797607095,6.265773773193359,"DRA*01:01,DRB1*01:02:TLQSLGAEIAVE"
9cf5cc1fdc2629c9248dd4729fd5ebde,"DRA*01:01,DRB5*01:01",QAAVVRFQEAANKQK,True,5.915826533853344,6.927950382232666,"DRA*01:01,DRB5*01:01:QAAVVRFQEAANKQK"
9dcc482ecf147cad5c67cbba0ddfbc1b,"DQA1*01:02,DQB1*06:02",TEQQWNFAGIEAAAS,True,6.08253166201519,8.251077651977539,"DQA1*01:02,DQB1*06:02:TEQQWNFAGIEAAAS"
9de634a6c1db710b51b1ea3e79c04e2a,"DRA*01:01,DRB1*15:03",MSFVMAYPEMLAAAA,True,5.881851755871493,15.91854763031006,"DRA*01:01,DRB1*15:03:MSFVMAYPEMLAAAA"
9df78a498fd107aebe5933857431d315,"DRA*01:01,DRB5*01:01",QAAVVRFQEAANKQK,True,6.2355346833958345,6.347242832183838,"DRA*01:01,DRB5*01:01:QAAVVRFQEAANKQK"
a09f1bec621eaebf2adc642d42d3f76f,"DRA*01:01,DRB1*15:03",MSFVMAYPEMLAAAA,True,5.078086862668486,7.118567943572998,"DRA*01:01,DRB1*15:03:MSFVMAYPEMLAAAA"
a0ce599b5171a030ed88951c28f569db,"DRA*01:01,DRB1*15:03",MSFVMAYPEMLAAAA,True,7.718142860777238,11.58376693725586,"DRA*01:01,DRB1*15:03:MSFVMAYPEMLAAAA"
a147842f141c8b1b7c50fba86cd73c51,"DQA1*01:02,DQB1*06:02",TEQQWNFAGIEAAAS,True,5.782275517576171,7.664177417755127,"DQA1*01:02,DQB1*06:02:TEQQWNFAGIEAAAS"
a1cc4614a07eb8e9b8cdb78d4cc99d00,"DRA*01:01,DRB5*01:01",QAAVVRFQEAANKQK,True,6.2982794723135935,13.67346668243408,"DRA*01:01,DRB5*01:01:QAAVVRFQEAANKQK"
a2c550edbf3958b49cccc78c6ca03643,"DQA1*01:02,DQB1*06:02",ISTNIRQAGVQYSR,True,5.9676017576229885,7.849181652069092,"DQA1*01:02,DQB1*06:02:ISTNIRQAGVQYSR"
a3bf5c298f9f4299432816665fd81317,"DRA*01:01,DRB1*15:03",QAAVVRFQEAANKQK,True,6.19760427942463,8.122857093811035,"DRA*01:01,DRB1*15:03:QAAVVRFQEAANKQK"
a704b4a9080406a4097d2a292bf45052,"DRA*01:01,DRB1*11:01",VDLAKSLRIAAKIYS,True,6.158619037030933,10.79993152618408,"DRA*01:01,DRB1*11:01:VDLAKSLRIAAKIYS"
a83792467ec8fce134f25a22441cc680,"DRA*01:01,DRB5*01:01",QAAVVRFQEAANKQK,True,7.46783550607321,6.259870529174805,"DRA*01:01,DRB5*01:01:QAAVVRFQEAANKQK"
a9513978dc8af1f6a1911c84c150401a,"DQA1*01:02,DQB1*06:02",TEQQWNFAGIEAAAS,True,5.80235591038014,9.0560884475708,"DQA1*01:02,DQB1*06:02:TEQQWNFAGIEAAAS"
aa64542bc046d9553d974cc334b3b5cc,"DRA*01:01,DRB1*15:03",MSFVMAYPEMLAAAA,True,6.395484282385053,7.294549465179443,"DRA*01:01,DRB1*15:03:MSFVMAYPEMLAAAA"
adee4efab3714296ce7e0b5e149d7281,"DRA*01:01,DRB5*01:01",QAAVVRFQEAANKQK,True,7.047613205929327,8.509140014648438,"DRA*01:01,DRB5*01:01:QAAVVRFQEAANKQK"
b0f8e3668c1da7bb06c59c4a9f0624e9,"DRA*01:01,DRB1*15:03",MSFVMAYPEMLAAAA,True,5.6527717436061184,9.887486457824709,"DRA*01:01,DRB1*15:03:MSFVMAYPEMLAAAA"
b4228731379e69d0eacde5465937c778,"DRA*01:01,DRB1*15:03",MSFVMAYPEMLAAAA,True,7.014936773580663,18.51377868652344,"DRA*01:01,DRB1*15:03:MSFVMAYPEMLAAAA"
b4ce388375af185c43f065185692e1f7,"DRA*01:01,DRB5*01:01",QAAVVRFQEAANKQK,True,5.541699832878193,9.805355072021484,"DRA*01:01,DRB5*01:01:QAAVVRFQEAANKQK"
b4d45938b4a686efff0b3962acb74ac8,"DRA*01:01,DRB1*15:03",MSFVMAYPEMLAAAA,True,6.316729214612176,6.912583351135254,"DRA*01:01,DRB1*15:03:MSFVMAYPEMLAAAA"
b559dc7cabbd6da8391e6d1939e6bc92,"DRA*01:01,DRB5*01:01",QAAVVRFQEAANKQK,True,6.488732550424688,6.465916633605957,"DRA*01:01,DRB5*01:01:QAAVVRFQEAANKQK"
b73273d42b92bfeb15791d084e39c84b,"DRA*01:01,DRB1*11:01",HEANTMAMMARDTAE,True,5.397519149418388,13.42042922973633,"DRA*01:01,DRB1*11:01:HEANTMAMMARDTAE"
b8d5e31203636546ad5e1fa6eda38153,"DQA1*01:02,DQB1*06:02",TEQQWNFAGIEAAAS,True,6.397969242931128,8.824861526489258,"DQA1*01:02,DQB1*06:02:TEQQWNFAGIEAAAS"
b905f3688bdc69386cc9b11fcb2da0e9,"DRA*01:01,DRB5*01:01",QAAVVRFQEAANKQK,True,5.715420099566964,6.427873134613037,"DRA*01:01,DRB5*01:01:QAAVVRFQEAANKQK"
ba172a45a04f0c10e95b16a306b5b976,"DRA*01:01,DRB1*15:03",MSFVMAYPEMLAAAA,True,5.748091059182634,6.294571876525879,"DRA*01:01,DRB1*15:03:MSFVMAYPEMLAAAA"
bb61bee7fb248d1a74159c487fd987c2,"DRA*01:01,DRB1*15:03",MSFVMAYPEMLAAAA,True,6.205286453601019,8.925786018371582,"DRA*01:01,DRB1*15:03:MSFVMAYPEMLAAAA"
bc917ca09ce5cbb429aaac55e6c551c7,"DRA*01:01,DRB1*01:02",TLQSLGAEIAVE,True,6.267881275686767,6.238889217376709,"DRA*01:01,DRB1*01:02:TLQSLGAEIAVE"
bc987dbe65a3a1ca9ed5cf5025bd9cbd,"DRA*01:01,DRB1*15:03",MSFVMAYPEMLAAAA,True,6.067877642324121,6.831827640533447,"DRA*01:01,DRB1*15:03:MSFVMAYPEMLAAAA"
bcfe454f2fc1d0109092f809a2883896,"DRA*01:01,DRB1*11:01",VDLAKSLRIAAKIYS,True,6.054350229571847,17.50759124755859,"DRA*01:01,DRB1*11:01:VDLAKSLRIAAKIYS"
bd1a89ba0d4982916635b79ec6a0e9db,"DRA*01:01,DRB5*01:01",QAAVVRFQEAANKQK,True,5.960003715972499,5.957514762878418,"DRA*01:01,DRB5*01:01:QAAVVRFQEAANKQK"
bf9d9907c054e95f79c96895d5fe1a81,"DRA*01:01,DRB1*15:03",MSFVMAYPEMLAAAA,True,6.164466115982592,7.002214908599854,"DRA*01:01,DRB1*15:03:MSFVMAYPEMLAAAA"
c1e3c1c05d1141ad619a307971a6143f,"DQA1*01:02,DQB1*06:02",TEQQWNFAGIEAAAS,True,5.678673426310222,9.545916557312012,"DQA1*01:02,DQB1*06:02:TEQQWNFAGIEAAAS"
c2811bfad1d30fb4ac70fec494b8c527,"DQA1*01:02,DQB1*06:02",TEQQWNFAGIEAAAS,True,7.282564443234261,10.58914375305176,"DQA1*01:02,DQB1*06:02:TEQQWNFAGIEAAAS"
c35ea3e3401cf902446b1db7b9399d94,"DQA1*01:02,DQB1*06:02",TEQQWNFAGIEAAAS,True,5.710068171115902,13.4852705001831,"DQA1*01:02,DQB1*06:02:TEQQWNFAGIEAAAS"
c3ccc63573426efa2e5a28e448cee11d,"DRA*01:01,DRB1*11:01",VDLAKSLRIAAKIYS,True,7.350276356191212,12.4688549041748,"DRA*01:01,DRB1*11:01:VDLAKSLRIAAKIYS"
c3dfef8e476526e21b4fa4af43e91b24,"DRA*01:01,DRB1*01:02",TLQSLGAEIAVE,True,6.967022888343353,6.592328071594238,"DRA*01:01,DRB1*01:02:TLQSLGAEIAVE"
c671adcae81a3724453511e11f56bb52,"DRA*01:01,DRB5*01:01",QAAVVRFQEAANKQK,True,6.354683561420612,6.494176864624023,"DRA*01:01,DRB5*01:01:QAAVVRFQEAANKQK"
c7411446e1c2b746db9c14b13eeafd9f,"DRA*01:01,DRB1*11:01",VDLAKSLRIAAKIYS,True,6.552812902571947,9.838682174682615,"DRA*01:01,DRB1*11:01:VDLAKSLRIAAKIYS"
c86d7187f1d2a84d4284e8951aaa8842,"DRA*01:01,DRB5*01:01",QAAVVRFQEAANKQK,True,5.856457910918388,6.737689971923828,"DRA*01:01,DRB5*01:01:QAAVVRFQEAANKQK"
ca52af11964dba712d989765a2ee5bd6,"DRA*01:01,DRB5*01:01",QAAVVRFQEAANKQK,True,6.729516019255217,6.201967239379883,"DRA*01:01,DRB5*01:01:QAAVVRFQEAANKQK"
cc7a2ddb248fec423e6d033f39a8d12b,"DRA*01:01,DRB1*15:03",MSFVMAYPEMLAAAA,True,5.679480145097691,8.011852264404297,"DRA*01:01,DRB1*15:03:MSFVMAYPEMLAAAA"
cc8acdc396e1d97d0d3d3d17e7342fcd,"DRA*01:01,DRB1*11:01",VDLAKSLRIAAKIYS,True,6.8156424060312775,9.55624771118164,"DRA*01:01,DRB1*11:01:VDLAKSLRIAAKIYS"
ce9e17c064edb174f50d1d26cd6a5a8a,"DRA*01:01,DRB1*15:03",QAAVVRFQEAANKQK,True,7.070080347622143,15.87431335449219,"DRA*01:01,DRB1*15:03:QAAVVRFQEAANKQK"
d0b856341b320c45ec71975fc292db64,"DRA*01:01,DRB5*01:01",QAAVVRFQEAANKQK,True,5.928584067597706,6.074022769927979,"DRA*01:01,DRB5*01:01:QAAVVRFQEAANKQK"
d14d94a004b3ced3824e419f5b19c4a4,"DRA*01:01,DRB1*15:03",MSFVMAYPEMLAAAA,True,6.34092781205012,7.180623531341553,"DRA*01:01,DRB1*15:03:MSFVMAYPEMLAAAA"
d28bbaa60d63b8808dbc02d1f38e3776,"DRA*01:01,DRB5*01:01",QAAVVRFQEAANKQK,True,5.145095355282812,6.438952445983887,"DRA*01:01,DRB5*01:01:QAAVVRFQEAANKQK"
d3c3614efa2b89383427c5e10e3f6b9d,"DRA*01:01,DRB1*11:01",VDLAKSLRIAAKIYS,True,8.009799234306112,18.89083862304688,"DRA*01:01,DRB1*11:01:VDLAKSLRIAAKIYS"
d4986590646d094daaa5ab4dbc4f8c84,"DRA*01:01,DRB1*15:03",QAAVVRFQEAANKQK,True,7.782045550316849,6.300000190734863,"DRA*01:01,DRB1*15:03:QAAVVRFQEAANKQK"
d6984da60f864b41bb2e2cb498942c01,"DRA*01:01,DRB1*15:03",QAAVVRFQEAANKQK,True,7.215273966133093,6.03156328201294,"DRA*01:01,DRB1*15:03:QAAVVRFQEAANKQK"
d6bdcfe038edea654c5ec50a976b4c5e,"DRA*01:01,DRB1*15:03",MSFVMAYPEMLAAAA,True,5.816843150536827,6.705400466918945,"DRA*01:01,DRB1*15:03:MSFVMAYPEMLAAAA"
d6c6b9948677c7c267ac8a23c1fee097,"DRA*01:01,DRB5*01:01",QAAVVRFQEAANKQK,True,6.789915565182181,6.569125175476074,"DRA*01:01,DRB5*01:01:QAAVVRFQEAANKQK"
d75766ed187e8412eef3678ac0f878f3,"DRA*01:01,DRB5*01:01",QAAVVRFQEAANKQK,True,6.93483410474423,6.681508541107178,"DRA*01:01,DRB5*01:01:QAAVVRFQEAANKQK"
d7960e54fafbba803435fcbb0ea5f09f,"DRA*01:01,DRB1*11:01",HEANTMAMMARDTAE,True,5.654742877642067,9.426029205322266,"DRA*01:01,DRB1*11:01:HEANTMAMMARDTAE"
d8f8af1b91ed0a94c7cf39413517e1b1,"DRA*01:01,DRB1*11:01",HEANTMAMMARDTAE,True,5.764478561172009,13.05239677429199,"DRA*01:01,DRB1*11:01:HEANTMAMMARDTAE"
d97086dc3d22b85803d8a19255483683,"DRA*01:01,DRB1*15:03",MSFVMAYPEMLAAAA,True,6.551975537047666,20.00587272644043,"DRA*01:01,DRB1*15:03:MSFVMAYPEMLAAAA"
d9caa69f43c3775c4217fa50cdd4d9dd,"DRA*01:01,DRB1*15:03",MSFVMAYPEMLAAAA,True,6.055773533676709,15.70318508148193,"DRA*01:01,DRB1*15:03:MSFVMAYPEMLAAAA"
dabb5868a69a1b22cbfc9bfc6c93daa9,"DRA*01:01,DRB1*11:01",VDLAKSLRIAAKIYS,True,6.013385161908173,18.1942310333252,"DRA*01:01,DRB1*11:01:VDLAKSLRIAAKIYS"
dbb6c6d95d7fa0e7b84c5579866a4943,"DRA*01:01,DRB1*15:03",MSFVMAYPEMLAAAA,True,6.208585239802587,6.316276073455811,"DRA*01:01,DRB1*15:03:MSFVMAYPEMLAAAA"
de682d124bd68bf3bc83ffc3f3e17da3,"DRA*01:01,DRB5*01:01",QAAVVRFQEAANKQK,True,5.751758097901064,6.248133659362793,"DRA*01:01,DRB5*01:01:QAAVVRFQEAANKQK"
de90075b1e4a5a984eea656afdf022db,"DRA*01:01,DRB1*11:01",VDLAKSLRIAAKIYS,True,6.669834104586767,15.74370193481445,"DRA*01:01,DRB1*11:01:VDLAKSLRIAAKIYS"
dec39ecb9c177933070716450f2c7b89,"DRA*01:01,DRB5*01:01",QAAVVRFQEAANKQK,True,6.526299318435468,7.785982608795166,"DRA*01:01,DRB5*01:01:QAAVVRFQEAANKQK"
dece36af8bda2dea0e8dafe0cba9f3e5,"DRA*01:01,DRB1*11:01",VDLAKSLRIAAKIYS,True,7.772569720539351,9.879117965698242,"DRA*01:01,DRB1*11:01:VDLAKSLRIAAKIYS"
defc426d0108c705c1572306d49d6b76,"DRA*01:01,DRB1*15:03",MSFVMAYPEMLAAAA,True,5.724892142830911,16.03726196289062,"DRA*01:01,DRB1*15:03:MSFVMAYPEMLAAAA"
df1bf40c15d3a854abbf1a46d2d67a4e,"DRA*01:01,DRB1*15:03",QAAVVRFQEAANKQK,True,6.657936409869225,7.914462089538574,"DRA*01:01,DRB1*15:03:QAAVVRFQEAANKQK"
df7ef5b8088e0b773139e89f94e9cf8f,"DRA*01:01,DRB1*15:03",MSFVMAYPEMLAAAA,True,5.672237250384162,12.98469161987305,"DRA*01:01,DRB1*15:03:MSFVMAYPEMLAAAA"
e01cc917feb7be1aea94f8b066e938d5,"DRA*01:01,DRB1*15:03",QAAVVRFQEAANKQK,True,5.327201001258457,6.746969699859619,"DRA*01:01,DRB1*15:03:QAAVVRFQEAANKQK"
e0fc44891f1dd70a3fd9863d6967faa9,"DQA1*01:02,DQB1*06:02",TEQQWNFAGIEAAAS,True,6.680685941573715,9.076689720153809,"DQA1*01:02,DQB1*06:02:TEQQWNFAGIEAAAS"
e22cd6f1fb7aa8510a7412106e57e723,"DRA*01:01,DRB1*15:03",QAAVVRFQEAANKQK,True,6.843035801307828,8.282367706298828,"DRA*01:01,DRB1*15:03:QAAVVRFQEAANKQK"
e2ee115b54be8bb6b0ffd7bb79913d95,"DRA*01:01,DRB1*15:03",MSFVMAYPEMLAAAA,True,5.799576250156543,6.677510738372803,"DRA*01:01,DRB1*15:03:MSFVMAYPEMLAAAA"
e32b1556966f82524ec8957cb23cc664,"DRA*01:01,DRB1*01:02",TLQSLGAEIAVE,True,8.309571341762817,4.560482501983643,"DRA*01:01,DRB1*01:02:TLQSLGAEIAVE"
e36e5763c41ec1936215548a58d6e7c4,"DRA*01:01,DRB1*15:03",QAAVVRFQEAANKQK,True,7.348860833711941,7.516464710235596,"DRA*01:01,DRB1*15:03:QAAVVRFQEAANKQK"
e5fec23c38b2ced1544688b7856c397d,"DRA*01:01,DRB1*15:03",MSFVMAYPEMLAAAA,True,6.583583912986556,7.138087272644043,"DRA*01:01,DRB1*15:03:MSFVMAYPEMLAAAA"
e8e2bb1d054ea8df7c1957e3c104acf6,"DRA*01:01,DRB1*15:03",MSFVMAYPEMLAAAA,True,6.136873405119952,7.591448307037354,"DRA*01:01,DRB1*15:03:MSFVMAYPEMLAAAA"
e9fc4cd814198c750381d4b690311b5e,"DQA1*01:02,DQB1*06:02",ISTNIRQAGVQYSR,True,6.090319372060006,8.605903625488281,"DQA1*01:02,DQB1*06:02:ISTNIRQAGVQYSR"
eb5c331cb83546d2e81023341fc46ab0,"DRA*01:01,DRB5*01:01",QAAVVRFQEAANKQK,True,6.049070324617274,6.059117317199707,"DRA*01:01,DRB5*01:01:QAAVVRFQEAANKQK"
ec285560cf2a1364d8429f16dbe3f985,"DRA*01:01,DRB1*11:01",HEANTMAMMARDTAE,True,6.003424136445567,13.47602844238281,"DRA*01:01,DRB1*11:01:HEANTMAMMARDTAE"
ed58e417118920d62e0e9e56e11d9749,"DRA*01:01,DRB5*01:01",QAAVVRFQEAANKQK,True,5.605018840886106,5.814290523529053,"DRA*01:01,DRB5*01:01:QAAVVRFQEAANKQK"
ee6883b7b4d40d435625b5bb6b93946d,"DRA*01:01,DRB1*15:03",QAAVVRFQEAANKQK,True,7.304619261590416,8.267743110656738,"DRA*01:01,DRB1*15:03:QAAVVRFQEAANKQK"
ee79584da9e8a3f2c5f84b26d1d58db5,"DQA1*01:02,DQB1*06:02",ISTNIRQAGVQYSR,True,6.610864776616905,8.9202299118042,"DQA1*01:02,DQB1*06:02:ISTNIRQAGVQYSR"
eebec83517742292eef8629d3d51d4b0,"DRA*01:01,DRB1*15:03",MSFVMAYPEMLAAAA,True,6.57421187144945,8.570281982421875,"DRA*01:01,DRB1*15:03:MSFVMAYPEMLAAAA"
eedb30cbb0777adba78013f6070bc45b,"DRA*01:01,DRB5*01:01",QAAVVRFQEAANKQK,True,6.902860832055124,7.235294342041016,"DRA*01:01,DRB5*01:01:QAAVVRFQEAANKQK"
efbe6cb0176852c5b4a03c5fd3ddaeb5,"DRA*01:01,DRB1*01:02",TLQSLGAEIAVE,True,7.074654177590912,6.956182479858398,"DRA*01:01,DRB1*01:02:TLQSLGAEIAVE"
f019a30551300d11ac68bd35c7b02fd0,"DRA*01:01,DRB1*11:01",VDLAKSLRIAAKIYS,True,7.082194972290466,9.456258773803713,"DRA*01:01,DRB1*11:01:VDLAKSLRIAAKIYS"
f1a920fb13e9da3868295364be6c73d8,"DRA*01:01,DRB1*15:03",QAAVVRFQEAANKQK,True,6.288583076701444,9.01457405090332,"DRA*01:01,DRB1*15:03:QAAVVRFQEAANKQK"
f202256db51525165eb2ef6b98bbe53b,"DQA1*01:02,DQB1*06:02",TEQQWNFAGIEAAAS,True,5.532058783174308,7.029928207397461,"DQA1*01:02,DQB1*06:02:TEQQWNFAGIEAAAS"
f2111cda3d5ce1ceabb9d9f184ba62a3,"DRA*01:01,DRB1*15:03",MSFVMAYPEMLAAAA,True,7.366129696356649,6.885288715362549,"DRA*01:01,DRB1*15:03:MSFVMAYPEMLAAAA"
f23429646895c1a572954c891b727fac,"DRA*01:01,DRB1*11:01",HEANTMAMMARDTAE,True,5.622370199336694,8.724082946777344,"DRA*01:01,DRB1*11:01:HEANTMAMMARDTAE"
f3eb89b67b38e37c04f5fff549842d06,"DQA1*01:02,DQB1*06:02",TEQQWNFAGIEAAAS,True,5.855151153015485,8.184103965759277,"DQA1*01:02,DQB1*06:02:TEQQWNFAGIEAAAS"
f4785707d6fc8b99025efa501cecb112,"DRA*01:01,DRB1*11:01",VDLAKSLRIAAKIYS,True,6.488388160283725,15.74672031402588,"DRA*01:01,DRB1*11:01:VDLAKSLRIAAKIYS"
f77b4bc8db4190d7d489a68c012b8687,"DRA*01:01,DRB1*15:03",QAAVVRFQEAANKQK,True,7.196659999932919,6.22489595413208,"DRA*01:01,DRB1*15:03:QAAVVRFQEAANKQK"
f837aa9abb819729d229475259d32cff,"DRA*01:01,DRB1*15:03",QAAVVRFQEAANKQK,True,6.027898169563859,12.51796722412109,"DRA*01:01,DRB1*15:03:QAAVVRFQEAANKQK"
f841b95253e429666d1ef10cf8067dde,"DRA*01:01,DRB1*15:03",QAAVVRFQEAANKQK,True,6.269195858359858,16.9809741973877,"DRA*01:01,DRB1*15:03:QAAVVRFQEAANKQK"
f9eb60c3463d8676d4c2d23bfe8743f6,"DRA*01:01,DRB1*11:01",HEANTMAMMARDTAE,True,5.846982137051199,17.92208290100098,"DRA*01:01,DRB1*11:01:HEANTMAMMARDTAE"
fb06cf32a64db46c7b8aceffe739a534,"DRA*01:01,DRB1*15:03",MSFVMAYPEMLAAAA,True,6.081120356234231,9.1160249710083,"DRA*01:01,DRB1*15:03:MSFVMAYPEMLAAAA"
fc8b54721aeb4edf1c38efed94b5287c,"DRA*01:01,DRB1*11:01",VDLAKSLRIAAKIYS,True,7.473520707555906,16.84506988525391,"DRA*01:01,DRB1*11:01:VDLAKSLRIAAKIYS"
ff638d72b645f7832aa132054116b767,"DRA*01:01,DRB5*01:01",QAAVVRFQEAANKQK,True,5.824232775617798,9.6986665725708,"DRA*01:01,DRB5*01:01:QAAVVRFQEAANKQK"
ffc85920a540c8b0b075bddfc90665e1,"DRA*01:01,DRB1*15:03",MSFVMAYPEMLAAAA,True,5.844816915083583,15.87244319915772,"DRA*01:01,DRB1*15:03:MSFVMAYPEMLAAAA"
a0b3dd887d647ce8024575827cbd4142,"DRA*01:01,DRB1*15:03",QAAVVRFQEAANKQK,False,7.548038850202984,14.03531646728516,"DRA*01:01,DRB1*15:03:QAAVVRFQEAANKQK"
9f214479fec0a9d17e2abae8babbd4f3,"DRA*01:01,DRB1*15:03",QAAVVRFQEAANKQK,False,6.717587950379733,9.28266716003418,"DRA*01:01,DRB1*15:03:QAAVVRFQEAANKQK"
a498725c24b78b449a09e1037bc1d0b0,"DRA*01:01,DRB1*15:03",QAAVVRFQEAANKQK,False,6.869168707180451,16.6983814239502,"DRA*01:01,DRB1*15:03:QAAVVRFQEAANKQK"
048c42482f1b75cb8020d1581af92315,"DRA*01:01,DRB1*15:03",QAAVVRFQEAANKQK,False,6.093829427747165,11.00246906280518,"DRA*01:01,DRB1*15:03:QAAVVRFQEAANKQK"
d8c72a6e2a2a4177a7aab559442508c7,"DRA*01:01,DRB1*15:03",QAAVVRFQEAANKQK,False,6.340871299731186,14.65005588531494,"DRA*01:01,DRB1*15:03:QAAVVRFQEAANKQK"
fb6ea5c6dbfd9ce92f6de29e983bfcb3,"DRA*01:01,DRB1*15:03",QAAVVRFQEAANKQK,False,8.567008712712456,14.72317886352539,"DRA*01:01,DRB1*15:03:QAAVVRFQEAANKQK"
70d22975551dfa492cce9570b1eb0985,"DRA*01:01,DRB1*15:03",QAAVVRFQEAANKQK,False,7.397648008514111,12.99489498138428,"DRA*01:01,DRB1*15:03:QAAVVRFQEAANKQK"
6f43506b2eec057d69c0662d09bbe31a,"DRA*01:01,DRB1*15:03",QAAVVRFQEAANKQK,False,6.947576115411871,10.03751945495606,"DRA*01:01,DRB1*15:03:QAAVVRFQEAANKQK"
92138cb0f75c0f50aa9c0c24a4017c38,"DRA*01:01,DRB1*15:03",QAAVVRFQEAANKQK,False,6.376870279839157,11.03808212280273,"DRA*01:01,DRB1*15:03:QAAVVRFQEAANKQK"
f1e08b835b6d87960ed5fa1dd3cee4a4,"DRA*01:01,DRB1*15:03",QAAVVRFQEAANKQK,False,7.560908730033176,12.95643615722656,"DRA*01:01,DRB1*15:03:QAAVVRFQEAANKQK"
108b79bade8ce90e3f248065ea1eae73,"DRA*01:01,DRB1*15:03",QAAVVRFQEAANKQK,False,6.803211695070656,9.47765827178955,"DRA*01:01,DRB1*15:03:QAAVVRFQEAANKQK"
c25e3d59e557979c3b682531e51c8d2a,"DRA*01:01,DRB1*15:03",QAAVVRFQEAANKQK,False,6.5299870530271615,10.28719615936279,"DRA*01:01,DRB1*15:03:QAAVVRFQEAANKQK"
6ba3bd023e7bf93b405c9bff23c9dcd7,"DRA*01:01,DRB1*15:03",QAAVVRFQEAANKQK,False,6.600465561029711,9.65429401397705,"DRA*01:01,DRB1*15:03:QAAVVRFQEAANKQK"
48d6181128bc8460316577e374d5edb1,"DRA*01:01,DRB1*15:03",QAAVVRFQEAANKQK,False,6.088794415631607,17.04947853088379,"DRA*01:01,DRB1*15:03:QAAVVRFQEAANKQK"
97e5cfac537e6111415ccb985c963dde,"DRA*01:01,DRB1*15:03",QAAVVRFQEAANKQK,False,7.58672412008833,14.29581832885742,"DRA*01:01,DRB1*15:03:QAAVVRFQEAANKQK"
4a7c137cc34a99b5aa7717884a36d8f9,"DRA*01:01,DRB1*15:03",QAAVVRFQEAANKQK,False,10.662589259377576,13.74365425109863,"DRA*01:01,DRB1*15:03:QAAVVRFQEAANKQK"
2a1d19a26616505fdf5877e3a9cfa0ab,"DRA*01:01,DRB1*15:03",QAAVVRFQEAANKQK,False,6.790868907115039,10.64066791534424,"DRA*01:01,DRB1*15:03:QAAVVRFQEAANKQK"
dc26a9110559ed64623f43e37db00ba1,"DRA*01:01,DRB1*15:03",QAAVVRFQEAANKQK,False,6.722715828699224,8.470340728759766,"DRA*01:01,DRB1*15:03:QAAVVRFQEAANKQK"
56bb0bd8d7e2b1bda1080ffbd91e973b,"DRA*01:01,DRB1*15:03",QAAVVRFQEAANKQK,False,7.18306899445944,9.976879119873049,"DRA*01:01,DRB1*15:03:QAAVVRFQEAANKQK"
8ce6f5735c8248b9513c13547b27ce03,"DRA*01:01,DRB1*15:03",QAAVVRFQEAANKQK,False,8.43778267514472,10.87554836273193,"DRA*01:01,DRB1*15:03:QAAVVRFQEAANKQK"
59a1f153055df49b5ae17be5d63656cc,"DRA*01:01,DRB1*15:03",QAAVVRFQEAANKQK,False,6.15015859421378,10.32524108886719,"DRA*01:01,DRB1*15:03:QAAVVRFQEAANKQK"
e97757f845e62e48ad5a7d8f4eae4b86,"DRA*01:01,DRB1*15:03",QAAVVRFQEAANKQK,False,9.29251396878348,22.78726387023925,"DRA*01:01,DRB1*15:03:QAAVVRFQEAANKQK"
d1dd6f2000c37798234dfdbd3f569dbc,"DRA*01:01,DRB1*15:03",QAAVVRFQEAANKQK,False,6.409270933868919,14.81183242797852,"DRA*01:01,DRB1*15:03:QAAVVRFQEAANKQK"
84a072bb55d1ad5c9acf3b8ecb95b361,"DRA*01:01,DRB1*15:03",QAAVVRFQEAANKQK,False,8.346835893248192,14.5775089263916,"DRA*01:01,DRB1*15:03:QAAVVRFQEAANKQK"
c5d6ee879f43f608472420b3360526eb,"DRA*01:01,DRB1*15:03",QAAVVRFQEAANKQK,False,8.166096522476856,14.33552932739258,"DRA*01:01,DRB1*15:03:QAAVVRFQEAANKQK"
50ad02385c11453f80bd96deae70dd35,"DRA*01:01,DRB1*15:03",QAAVVRFQEAANKQK,False,6.80839007952634,13.09515857696533,"DRA*01:01,DRB1*15:03:QAAVVRFQEAANKQK"
a00a554dd6dbe8c91ce71771952f403e,"DRA*01:01,DRB1*15:03",QAAVVRFQEAANKQK,False,6.014789201932795,9.380563735961914,"DRA*01:01,DRB1*15:03:QAAVVRFQEAANKQK"
d1446fc4c03104f2655c128dbe1f464c,"DRA*01:01,DRB1*15:03",QAAVVRFQEAANKQK,False,6.422712982007496,10.39735412597656,"DRA*01:01,DRB1*15:03:QAAVVRFQEAANKQK"
714330a35d30a4d9e478fe9a82aa4b59,"DRA*01:01,DRB1*15:03",QAAVVRFQEAANKQK,False,8.09020795471528,24.93993186950684,"DRA*01:01,DRB1*15:03:QAAVVRFQEAANKQK"
098c72d23fe35324d55cc0a01cd30480,"DRA*01:01,DRB1*15:03",QAAVVRFQEAANKQK,False,7.729776162576798,10.13911819458008,"DRA*01:01,DRB1*15:03:QAAVVRFQEAANKQK"
478784d0646df342bfb6e3f4e729e6a0,"DRA*01:01,DRB1*15:03",QAAVVRFQEAANKQK,False,5.849181081316173,7.996275424957275,"DRA*01:01,DRB1*15:03:QAAVVRFQEAANKQK"
616029b11e99f304a5adcec836c46c30,"DRA*01:01,DRB1*15:03",QAAVVRFQEAANKQK,False,6.2729078429942,10.8166446685791,"DRA*01:01,DRB1*15:03:QAAVVRFQEAANKQK"
43346044cd3b1a41d373e21c58f94171,"DRA*01:01,DRB1*15:03",QAAVVRFQEAANKQK,False,7.151194525518302,9.878843307495115,"DRA*01:01,DRB1*15:03:QAAVVRFQEAANKQK"
7852ae79deca83b79501ed6e448426c2,"DRA*01:01,DRB1*15:03",QAAVVRFQEAANKQK,False,7.607711515398111,12.03006553649902,"DRA*01:01,DRB1*15:03:QAAVVRFQEAANKQK"
7628deb9386291c81ad536f191cc5823,"DRA*01:01,DRB1*15:03",QAAVVRFQEAANKQK,False,6.548871290067883,10.01270389556885,"DRA*01:01,DRB1*15:03:QAAVVRFQEAANKQK"
9fbe419f9b1069ba8a9d6e393cf3a55b,"DRA*01:01,DRB1*15:03",QAAVVRFQEAANKQK,False,6.463092497793324,14.26240730285644,"DRA*01:01,DRB1*15:03:QAAVVRFQEAANKQK"
85790fb692eac3be2f9e1b5ed0e020a8,"DRA*01:01,DRB1*15:03",QAAVVRFQEAANKQK,False,6.53649028800741,9.075785636901855,"DRA*01:01,DRB1*15:03:QAAVVRFQEAANKQK"
b66b94a1c9428dd87a706978639d9fa6,"DRA*01:01,DRB1*15:03",QAAVVRFQEAANKQK,False,7.412149637156129,7.981010913848877,"DRA*01:01,DRB1*15:03:QAAVVRFQEAANKQK"
3c39e85414dc4bcaac3ddd1161e9cb85,"DRA*01:01,DRB1*15:03",QAAVVRFQEAANKQK,False,6.282081213568221,8.615431785583496,"DRA*01:01,DRB1*15:03:QAAVVRFQEAANKQK"
4ce68072639554c064f8b4ab02799d8f,"DRA*01:01,DRB1*15:03",QAAVVRFQEAANKQK,False,6.206361370248351,7.693500518798828,"DRA*01:01,DRB1*15:03:QAAVVRFQEAANKQK"
ee99eb5d28224290e578b5ffe520ff95,"DRA*01:01,DRB1*15:03",QAAVVRFQEAANKQK,False,6.434610567090435,12.87458801269531,"DRA*01:01,DRB1*15:03:QAAVVRFQEAANKQK"
e36971cc62fc848ca8a8e2756f489cf0,"DRA*01:01,DRB1*15:03",QAAVVRFQEAANKQK,False,7.377327626275375,10.75638771057129,"DRA*01:01,DRB1*15:03:QAAVVRFQEAANKQK"
9c0aaf3f507e67196132387c38b44ae2,"DRA*01:01,DRB1*15:03",QAAVVRFQEAANKQK,False,6.721565560802135,12.68243503570557,"DRA*01:01,DRB1*15:03:QAAVVRFQEAANKQK"
6052543f8c70de7c6af0437d9a5975c6,"DRA*01:01,DRB1*15:03",QAAVVRFQEAANKQK,False,6.183450342960758,8.75844955444336,"DRA*01:01,DRB1*15:03:QAAVVRFQEAANKQK"
9b11235ce4b329ef16ea4d969be1e7e2,"DRA*01:01,DRB1*15:03",QAAVVRFQEAANKQK,False,6.472960371740503,12.36305904388428,"DRA*01:01,DRB1*15:03:QAAVVRFQEAANKQK"
a4b1ec692f9164c08a828ea3a2b34f27,"DRA*01:01,DRB1*15:03",QAAVVRFQEAANKQK,False,6.759519555989434,11.12920093536377,"DRA*01:01,DRB1*15:03:QAAVVRFQEAANKQK"
982be41aaa639c4c469223a4ba127d69,"DRA*01:01,DRB1*15:03",QAAVVRFQEAANKQK,False,6.070316634940557,14.1776123046875,"DRA*01:01,DRB1*15:03:QAAVVRFQEAANKQK"
cc6c3bac39adc3e5d8982d3f49e15844,"DRA*01:01,DRB1*15:03",QAAVVRFQEAANKQK,False,8.002401752331677,11.48639678955078,"DRA*01:01,DRB1*15:03:QAAVVRFQEAANKQK"
53e0cf99d3160fa173469d46fd0bcbd4,"DRA*01:01,DRB1*15:03",QAAVVRFQEAANKQK,False,8.41252417885043,13.51776027679443,"DRA*01:01,DRB1*15:03:QAAVVRFQEAANKQK"
d4339d8059c588577af8087a95e4b4ce,"DRA*01:01,DRB1*15:03",QAAVVRFQEAANKQK,False,8.270790281324196,12.67368507385254,"DRA*01:01,DRB1*15:03:QAAVVRFQEAANKQK"
76df2f9a57ce9bea40fe0b3abc1a55bd,"DRA*01:01,DRB1*15:03",QAAVVRFQEAANKQK,False,9.624710406796783,10.89316177368164,"DRA*01:01,DRB1*15:03:QAAVVRFQEAANKQK"
1143af855c12be351498bc4251fe11a3,"DRA*01:01,DRB1*15:03",QAAVVRFQEAANKQK,False,7.7241327424134525,10.65759086608887,"DRA*01:01,DRB1*15:03:QAAVVRFQEAANKQK"
dd94c7980e7fab5fa50b5c2eb0a756d0,"DRA*01:01,DRB1*15:03",QAAVVRFQEAANKQK,False,6.9042494772225504,7.748125076293945,"DRA*01:01,DRB1*15:03:QAAVVRFQEAANKQK"
dd047552c12399eaa61b0cede816c104,"DRA*01:01,DRB1*15:03",QAAVVRFQEAANKQK,False,7.060373428263915,15.62650108337402,"DRA*01:01,DRB1*15:03:QAAVVRFQEAANKQK"
823e8a758852c621990a0e20d3b80588,"DRA*01:01,DRB1*15:03",QAAVVRFQEAANKQK,False,5.981855535538368,12.70432567596436,"DRA*01:01,DRB1*15:03:QAAVVRFQEAANKQK"
c02bcb7002dce384c0204a6594c2ee34,"DRA*01:01,DRB1*15:03",QAAVVRFQEAANKQK,False,6.068962382709279,13.45895957946777,"DRA*01:01,DRB1*15:03:QAAVVRFQEAANKQK"
64e47701dc04e942afb5fc14bcf81179,"DRA*01:01,DRB1*15:03",QAAVVRFQEAANKQK,False,7.387437489453484,18.71610069274902,"DRA*01:01,DRB1*15:03:QAAVVRFQEAANKQK"
5bdfa6491471fcbcee7e86ae0ef5c64f,"DRA*01:01,DRB1*15:03",QAAVVRFQEAANKQK,False,7.554478162927126,14.78303527832031,"DRA*01:01,DRB1*15:03:QAAVVRFQEAANKQK"
5f90718f74cbbafa64d0927c3ea68fb0,"DRA*01:01,DRB1*15:03",QAAVVRFQEAANKQK,False,6.607886421769253,8.052482604980469,"DRA*01:01,DRB1*15:03:QAAVVRFQEAANKQK"
b1755ed029955b150b1f70aaafd148a7,"DRA*01:01,DRB1*15:03",QAAVVRFQEAANKQK,False,5.813528793762211,10.10338306427002,"DRA*01:01,DRB1*15:03:QAAVVRFQEAANKQK"
b5ae487cce278460875f6d67ff2d255f,"DRA*01:01,DRB1*15:03",QAAVVRFQEAANKQK,False,8.494157398896547,15.1933536529541,"DRA*01:01,DRB1*15:03:QAAVVRFQEAANKQK"
c597db82432c66f682ff01381d27e80f,"DRA*01:01,DRB1*15:03",QAAVVRFQEAANKQK,False,9.0267386807614,7.646999835968018,"DRA*01:01,DRB1*15:03:QAAVVRFQEAANKQK"
ebe50fb3b92bdba69e27504ac2bf3487,"DRA*01:01,DRB1*15:03",QAAVVRFQEAANKQK,False,6.560937591178662,11.10200023651123,"DRA*01:01,DRB1*15:03:QAAVVRFQEAANKQK"
ab4cc188d02f188595ed659b0a84203f,"DRA*01:01,DRB1*15:03",QAAVVRFQEAANKQK,False,6.235640807899775,14.53322982788086,"DRA*01:01,DRB1*15:03:QAAVVRFQEAANKQK"
cdf1af4356d6f652c87d9c209b362e35,"DRA*01:01,DRB1*15:03",QAAVVRFQEAANKQK,False,6.700134796379438,10.92930507659912,"DRA*01:01,DRB1*15:03:QAAVVRFQEAANKQK"
a8ea1b0d742a4592ffb7d7568109d910,"DRA*01:01,DRB1*15:03",QAAVVRFQEAANKQK,False,8.632909709414413,10.46938991546631,"DRA*01:01,DRB1*15:03:QAAVVRFQEAANKQK"
6d054ea0a7f891adb56705adbf6bf9b9,"DRA*01:01,DRB1*15:03",QAAVVRFQEAANKQK,False,8.325115894797896,9.88893699645996,"DRA*01:01,DRB1*15:03:QAAVVRFQEAANKQK"
072b4b828061473fc5673d000f2acb63,"DRA*01:01,DRB1*15:03",QAAVVRFQEAANKQK,False,6.70971780088073,14.12351608276367,"DRA*01:01,DRB1*15:03:QAAVVRFQEAANKQK"
6511ace1af3b7d2968370cc33bad5762,"DRA*01:01,DRB1*15:03",QAAVVRFQEAANKQK,False,8.888930805575226,11.87832260131836,"DRA*01:01,DRB1*15:03:QAAVVRFQEAANKQK"
5ff8d2f0bf493561108075f72eb980d3,"DRA*01:01,DRB1*15:03",QAAVVRFQEAANKQK,False,8.477754824895833,12.28561019897461,"DRA*01:01,DRB1*15:03:QAAVVRFQEAANKQK"
0d024369d6068b70534f2588c8040088,"DRA*01:01,DRB1*15:03",QAAVVRFQEAANKQK,False,6.641508654144376,11.51173400878906,"DRA*01:01,DRB1*15:03:QAAVVRFQEAANKQK"
ae8cc6cb24912537a04e537f54bcab1e,"DRA*01:01,DRB1*15:03",QAAVVRFQEAANKQK,False,6.375721044806135,10.66782283782959,"DRA*01:01,DRB1*15:03:QAAVVRFQEAANKQK"
0ce246101380ffde694c198b8b8e8baf,"DRA*01:01,DRB1*15:03",QAAVVRFQEAANKQK,False,8.06511675567253,17.0498161315918,"DRA*01:01,DRB1*15:03:QAAVVRFQEAANKQK"
17387076c8bdeea676d2605b5488b96f,"DRA*01:01,DRB1*15:03",QAAVVRFQEAANKQK,False,6.677477643739025,12.26213455200195,"DRA*01:01,DRB1*15:03:QAAVVRFQEAANKQK"
093ad63235056217ada43079f7d40f33,"DRA*01:01,DRB1*15:03",QAAVVRFQEAANKQK,False,6.435960867411035,10.61497974395752,"DRA*01:01,DRB1*15:03:QAAVVRFQEAANKQK"
5030754ace07d310ac7206b8805f914e,"DRA*01:01,DRB1*15:03",QAAVVRFQEAANKQK,False,7.677945704276071,12.50246334075928,"DRA*01:01,DRB1*15:03:QAAVVRFQEAANKQK"
bff0412b813c10a34f70dbfdea1dd908,"DRA*01:01,DRB1*15:03",QAAVVRFQEAANKQK,False,6.156810427388224,9.776687622070312,"DRA*01:01,DRB1*15:03:QAAVVRFQEAANKQK"
7adc1027f4cfa8605ff295b19276bc61,"DRA*01:01,DRB1*15:03",QAAVVRFQEAANKQK,False,7.072023993110461,8.045674324035645,"DRA*01:01,DRB1*15:03:QAAVVRFQEAANKQK"
7a722ae8901b2e6d3f96fbc3040dcea5,"DRA*01:01,DRB1*15:03",QAAVVRFQEAANKQK,False,6.409955755710224,10.19911575317383,"DRA*01:01,DRB1*15:03:QAAVVRFQEAANKQK"
b0fa0d98529bf6b92fa42677eb03c935,"DRA*01:01,DRB1*15:03",QAAVVRFQEAANKQK,False,8.233887973305922,10.36765670776367,"DRA*01:01,DRB1*15:03:QAAVVRFQEAANKQK"
dd7280e107456f7327f39fb6d5bf8a73,"DRA*01:01,DRB1*15:03",QAAVVRFQEAANKQK,False,6.216112639197783,12.54171085357666,"DRA*01:01,DRB1*15:03:QAAVVRFQEAANKQK"
8b0f088a0169f67afda4afade9a258f4,"DRA*01:01,DRB1*15:03",QAAVVRFQEAANKQK,False,6.615170355255191,8.694364547729492,"DRA*01:01,DRB1*15:03:QAAVVRFQEAANKQK"
3ae43b3149b640cf9d2fb38e6908318e,"DRA*01:01,DRB1*15:03",QAAVVRFQEAANKQK,False,6.628691378094193,9.187538146972656,"DRA*01:01,DRB1*15:03:QAAVVRFQEAANKQK"
634e4ab0a233045a43eeb3b5c3f40c7b,"DRA*01:01,DRB1*15:03",QAAVVRFQEAANKQK,False,8.750654704448738,13.07512283325195,"DRA*01:01,DRB1*15:03:QAAVVRFQEAANKQK"
7e983e7d48654d651e3d679b0da852d8,"DRA*01:01,DRB1*15:03",QAAVVRFQEAANKQK,False,5.669331976550451,12.71565818786621,"DRA*01:01,DRB1*15:03:QAAVVRFQEAANKQK"
3ea12e1cfb9359cd21ce21a71399feb5,"DRA*01:01,DRB1*15:03",QAAVVRFQEAANKQK,False,6.165078662335479,11.42404842376709,"DRA*01:01,DRB1*15:03:QAAVVRFQEAANKQK"
c9fb6d100e952e1c21836881041a267c,"DRA*01:01,DRB1*15:03",QAAVVRFQEAANKQK,False,7.893323180550023,9.24601936340332,"DRA*01:01,DRB1*15:03:QAAVVRFQEAANKQK"
3e69b4d1cf49a3295cec69e4e0788b77,"DRA*01:01,DRB1*15:03",QAAVVRFQEAANKQK,False,6.807542475382487,9.057000160217283,"DRA*01:01,DRB1*15:03:QAAVVRFQEAANKQK"
e2f70f70de0330b0e7165a69a4aca20e,"DRA*01:01,DRB1*15:03",QAAVVRFQEAANKQK,False,8.528213814783747,13.74686813354492,"DRA*01:01,DRB1*15:03:QAAVVRFQEAANKQK"
57ac8e0179bca249cfa9d6de0588016c,"DRA*01:01,DRB1*15:03",QAAVVRFQEAANKQK,False,6.314322600471421,8.685121536254883,"DRA*01:01,DRB1*15:03:QAAVVRFQEAANKQK"
ec0d34a1b68a0b1dce3e3cd75130a744,"DRA*01:01,DRB1*15:03",QAAVVRFQEAANKQK,False,8.345713726652232,14.78475856781006,"DRA*01:01,DRB1*15:03:QAAVVRFQEAANKQK"
d95d00a7c528f4e40de4b5b68aa6f0b6,"DRA*01:01,DRB1*15:03",QAAVVRFQEAANKQK,False,7.108282351264122,11.68334865570068,"DRA*01:01,DRB1*15:03:QAAVVRFQEAANKQK"
c06188aaf6cc9e1234baef15997fcd58,"DRA*01:01,DRB1*15:03",QAAVVRFQEAANKQK,False,7.883094550235557,9.321117401123049,"DRA*01:01,DRB1*15:03:QAAVVRFQEAANKQK"
32e8133cf25ea4ba245de6ba875cdfe8,"DRA*01:01,DRB1*15:03",QAAVVRFQEAANKQK,False,6.987548445252811,10.05700016021728,"DRA*01:01,DRB1*15:03:QAAVVRFQEAANKQK"
0ac3fed85df02935696cf09fe75f980e,"DRA*01:01,DRB1*15:03",QAAVVRFQEAANKQK,False,6.3281773536005925,12.57822132110596,"DRA*01:01,DRB1*15:03:QAAVVRFQEAANKQK"
55471bba26217133095efe9c7bf59261,"DRA*01:01,DRB1*15:03",QAAVVRFQEAANKQK,False,6.203303518269225,10.07271003723144,"DRA*01:01,DRB1*15:03:QAAVVRFQEAANKQK"
b36dcda04c3f8d36c0b1191150aa32c5,"DRA*01:01,DRB1*15:03",QAAVVRFQEAANKQK,False,5.702969479064016,14.02311897277832,"DRA*01:01,DRB1*15:03:QAAVVRFQEAANKQK"
b65f07c9cdb586d81f456becc25a2b69,"DRA*01:01,DRB1*15:03",QAAVVRFQEAANKQK,False,6.374533059931259,15.30059623718262,"DRA*01:01,DRB1*15:03:QAAVVRFQEAANKQK"
92077dfcac960260a952f3b75b1faf65,"DRA*01:01,DRB1*15:03",QAAVVRFQEAANKQK,False,8.379352136801522,8.355111122131348,"DRA*01:01,DRB1*15:03:QAAVVRFQEAANKQK"
67974c612d6ae246f519caa1a29aafaa,"DRA*01:01,DRB1*15:03",QAAVVRFQEAANKQK,False,6.5556172025756005,8.2160005569458,"DRA*01:01,DRB1*15:03:QAAVVRFQEAANKQK"
dbda5e7d991a46ecafbe152759245a46,"DRA*01:01,DRB1*15:03",QAAVVRFQEAANKQK,False,6.349880044801793,12.59377861022949,"DRA*01:01,DRB1*15:03:QAAVVRFQEAANKQK"
1522939c7ea6b47cc6f3035fdae828df,"DRA*01:01,DRB1*15:03",QAAVVRFQEAANKQK,False,6.713198781013489,14.8996992111206,"DRA*01:01,DRB1*15:03:QAAVVRFQEAANKQK"
a8c11d9d81b1aeb2dfa48a2e82387bdc,"DRA*01:01,DRB1*15:03",QAAVVRFQEAANKQK,False,5.677163188259642,12.63991451263428,"DRA*01:01,DRB1*15:03:QAAVVRFQEAANKQK"
58d1318a95ff386931a7b7d1c7a6d25f,"DRA*01:01,DRB1*15:03",QAAVVRFQEAANKQK,False,7.15731161188784,9.966740608215332,"DRA*01:01,DRB1*15:03:QAAVVRFQEAANKQK"
6fffde2eb38051cbc1852f25d26646bc,"DRA*01:01,DRB1*15:03",QAAVVRFQEAANKQK,False,7.146112832370676,13.95587539672852,"DRA*01:01,DRB1*15:03:QAAVVRFQEAANKQK"
cb342875b2da091c274e9d9877876468,"DRA*01:01,DRB1*15:03",QAAVVRFQEAANKQK,False,6.516315164801251,11.08252429962158,"DRA*01:01,DRB1*15:03:QAAVVRFQEAANKQK"
27997eadb8f2e0319d99afbfd477c6d1,"DRA*01:01,DRB1*15:03",QAAVVRFQEAANKQK,False,6.004424455661733,13.31569862365723,"DRA*01:01,DRB1*15:03:QAAVVRFQEAANKQK"
3f715e5b89512321f3f0c450f3c1ecd9,"DRA*01:01,DRB1*15:03",QAAVVRFQEAANKQK,False,6.813658066894897,10.40263557434082,"DRA*01:01,DRB1*15:03:QAAVVRFQEAANKQK"
bcdf8e25596fab35f987718e3142b950,"DRA*01:01,DRB1*15:03",QAAVVRFQEAANKQK,False,9.926541738698738,14.16939163208008,"DRA*01:01,DRB1*15:03:QAAVVRFQEAANKQK"
80f9167b5509d18994a01d550ec1cf17,"DRA*01:01,DRB1*15:03",QAAVVRFQEAANKQK,False,6.905810808434206,15.3761510848999,"DRA*01:01,DRB1*15:03:QAAVVRFQEAANKQK"
a0f17118dd055cbb7d434cb564bf62e4,"DRA*01:01,DRB1*15:03",QAAVVRFQEAANKQK,False,6.287125551423791,11.35656547546387,"DRA*01:01,DRB1*15:03:QAAVVRFQEAANKQK"
b557a7bf03e78d64462f33b08df073bb,"DRA*01:01,DRB1*15:03",QAAVVRFQEAANKQK,False,6.269546895271176,13.45842361450195,"DRA*01:01,DRB1*15:03:QAAVVRFQEAANKQK"
82cbc1503e451bfe2529d12a85d20c26,"DRA*01:01,DRB1*15:03",QAAVVRFQEAANKQK,False,8.994538713202758,12.21244430541992,"DRA*01:01,DRB1*15:03:QAAVVRFQEAANKQK"
02f6c565bdb1b952ef49a34a4f346b48,"DRA*01:01,DRB1*15:03",QAAVVRFQEAANKQK,False,6.36586495792532,8.97220516204834,"DRA*01:01,DRB1*15:03:QAAVVRFQEAANKQK"
9fd4e3597af1bb0099c0385248549125,"DRA*01:01,DRB1*15:03",QAAVVRFQEAANKQK,False,8.317784534701723,10.34271907806396,"DRA*01:01,DRB1*15:03:QAAVVRFQEAANKQK"
8c91613b6752dbfbaecf51c556146193,"DRA*01:01,DRB1*15:03",QAAVVRFQEAANKQK,False,7.980763721704911,9.528800010681152,"DRA*01:01,DRB1*15:03:QAAVVRFQEAANKQK"
017ffb1fcef038d8d0d888fa72e379d3,"DRA*01:01,DRB1*15:03",QAAVVRFQEAANKQK,False,8.418839834016913,15.48005676269531,"DRA*01:01,DRB1*15:03:QAAVVRFQEAANKQK"
7c5ae83074f6dfaabdaf314729876554,"DRA*01:01,DRB1*15:03",QAAVVRFQEAANKQK,False,7.988723575367647,10.77207660675049,"DRA*01:01,DRB1*15:03:QAAVVRFQEAANKQK"
60ff6847e58b8ad6ee427f2b02952fd8,"DRA*01:01,DRB1*15:03",QAAVVRFQEAANKQK,False,6.583253004971673,11.04107761383057,"DRA*01:01,DRB1*15:03:QAAVVRFQEAANKQK"
f4c1bf5c48a3794dcc58423deb83d746,"DRA*01:01,DRB1*15:03",QAAVVRFQEAANKQK,False,7.210703351722412,14.75240325927734,"DRA*01:01,DRB1*15:03:QAAVVRFQEAANKQK"
0f3071c99acd6e8652b651705b27e730,"DRA*01:01,DRB1*15:03",QAAVVRFQEAANKQK,False,6.29540268594374,10.79518413543701,"DRA*01:01,DRB1*15:03:QAAVVRFQEAANKQK"
9360ff6f95592e1a2def89c5ff87072d,"DRA*01:01,DRB1*15:03",QAAVVRFQEAANKQK,False,7.384444086372602,8.992053031921387,"DRA*01:01,DRB1*15:03:QAAVVRFQEAANKQK"
18bb6dd21f6de263056eb76eb8f8f610,"DRA*01:01,DRB1*15:03",QAAVVRFQEAANKQK,False,7.077422544535469,11.57780456542969,"DRA*01:01,DRB1*15:03:QAAVVRFQEAANKQK"
27ee9d78ba6858e7fde1098d869db196,"DRA*01:01,DRB1*15:03",QAAVVRFQEAANKQK,False,7.236958981962765,9.178889274597168,"DRA*01:01,DRB1*15:03:QAAVVRFQEAANKQK"
46c0ff87c7f84075b7b6ae22602bca84,"DRA*01:01,DRB1*15:03",QAAVVRFQEAANKQK,False,8.031994255022015,9.58481788635254,"DRA*01:01,DRB1*15:03:QAAVVRFQEAANKQK"
820b9c2cff3d831255e566a6f3ed3bd2,"DRA*01:01,DRB1*15:03",QAAVVRFQEAANKQK,False,6.980033385753631,7.282541751861572,"DRA*01:01,DRB1*15:03:QAAVVRFQEAANKQK"
50dbfd28ab3151eabd8ab84790ec7af3,"DRA*01:01,DRB1*15:03",QAAVVRFQEAANKQK,False,7.28642952172605,13.69364738464356,"DRA*01:01,DRB1*15:03:QAAVVRFQEAANKQK"
f9fe357f0478959f34982b31221aa05e,"DRA*01:01,DRB1*15:03",QAAVVRFQEAANKQK,False,6.055510637644849,12.18592071533203,"DRA*01:01,DRB1*15:03:QAAVVRFQEAANKQK"
6b4cad8f6233c139e774a5b566db9f21,"DRA*01:01,DRB1*15:03",QAAVVRFQEAANKQK,False,7.333861978596738,10.9352502822876,"DRA*01:01,DRB1*15:03:QAAVVRFQEAANKQK"
207eae829fdb684151d11905e03a185b,"DRA*01:01,DRB1*15:03",QAAVVRFQEAANKQK,False,6.73246377465751,10.1138916015625,"DRA*01:01,DRB1*15:03:QAAVVRFQEAANKQK"
7ccacdcd7f10703ea52ee349060f1903,"DRA*01:01,DRB1*15:03",QAAVVRFQEAANKQK,False,9.605751023309324,8.970285415649414,"DRA*01:01,DRB1*15:03:QAAVVRFQEAANKQK"
dc70d312c9b33ec56e45b009ff9e7651,"DRA*01:01,DRB1*15:03",QAAVVRFQEAANKQK,False,7.5583582309988095,11.40906620025635,"DRA*01:01,DRB1*15:03:QAAVVRFQEAANKQK"
409bc5b56b43b68336665b8847cb05c2,"DRA*01:01,DRB1*15:03",QAAVVRFQEAANKQK,False,7.223058883524664,6.516119480133057,"DRA*01:01,DRB1*15:03:QAAVVRFQEAANKQK"
cdf77a99051e6c897269089d1e7433e6,"DRA*01:01,DRB1*15:03",QAAVVRFQEAANKQK,False,6.7620479878257305,10.61446666717529,"DRA*01:01,DRB1*15:03:QAAVVRFQEAANKQK"
cfe5705040632353b1b7e740ae450629,"DRA*01:01,DRB1*15:03",QAAVVRFQEAANKQK,False,6.01770066653981,11.47695732116699,"DRA*01:01,DRB1*15:03:QAAVVRFQEAANKQK"
148a33054eb1375f1695d06367ec82d7,"DRA*01:01,DRB1*15:03",QAAVVRFQEAANKQK,False,6.982924810302357,11.37998199462891,"DRA*01:01,DRB1*15:03:QAAVVRFQEAANKQK"
59c6729f54e603feaf99603eb790f641,"DRA*01:01,DRB1*15:03",QAAVVRFQEAANKQK,False,7.451317044076418,8.543072700500488,"DRA*01:01,DRB1*15:03:QAAVVRFQEAANKQK"
43bc75e8945d874da7eb668b230c4314,"DRA*01:01,DRB1*15:03",QAAVVRFQEAANKQK,False,7.530491223756004,9.489842414855955,"DRA*01:01,DRB1*15:03:QAAVVRFQEAANKQK"
48bd374b63ec89b9ef00b56ebed9bfa8,"DRA*01:01,DRB1*15:03",QAAVVRFQEAANKQK,False,5.946938969231347,9.13767433166504,"DRA*01:01,DRB1*15:03:QAAVVRFQEAANKQK"
f33d7c540a81514fcd270af5a27de546,"DRA*01:01,DRB1*15:03",QAAVVRFQEAANKQK,False,6.652760132583582,14.96207809448242,"DRA*01:01,DRB1*15:03:QAAVVRFQEAANKQK"
6c4543bc791126b3e5eac26e1f62c61d,"DRA*01:01,DRB1*15:03",QAAVVRFQEAANKQK,False,5.696821497150496,11.63507270812988,"DRA*01:01,DRB1*15:03:QAAVVRFQEAANKQK"
65417b262c5c46e0a527eb69014a78c1,"DRA*01:01,DRB1*15:03",QAAVVRFQEAANKQK,False,6.641297022488993,11.68521404266357,"DRA*01:01,DRB1*15:03:QAAVVRFQEAANKQK"
aeadf57c98373f861f969ac09bc6fc9c,"DRA*01:01,DRB1*15:03",QAAVVRFQEAANKQK,False,5.234356561791496,7.441500186920166,"DRA*01:01,DRB1*15:03:QAAVVRFQEAANKQK"
6b1e4e72f8341e3f7c69ff2458b23ec3,"DRA*01:01,DRB1*15:03",QAAVVRFQEAANKQK,False,6.826564024476444,8.642032623291016,"DRA*01:01,DRB1*15:03:QAAVVRFQEAANKQK"
1a2ef1612b82afeec76d008680363965,"DRA*01:01,DRB1*15:03",QAAVVRFQEAANKQK,False,6.175883531570435,12.82691764831543,"DRA*01:01,DRB1*15:03:QAAVVRFQEAANKQK"
2a797c46c5330600ee5afc8ef6399e2c,"DRA*01:01,DRB1*15:03",QAAVVRFQEAANKQK,False,5.831661580871133,11.5248556137085,"DRA*01:01,DRB1*15:03:QAAVVRFQEAANKQK"
2aa345dd99d2775da2fcf7e642418979,"DRA*01:01,DRB1*15:03",QAAVVRFQEAANKQK,False,7.519435086120077,8.33931827545166,"DRA*01:01,DRB1*15:03:QAAVVRFQEAANKQK"
881b882039030315f8916e059c508751,"DRA*01:01,DRB1*15:03",QAAVVRFQEAANKQK,False,7.49733062297182,8.399520874023438,"DRA*01:01,DRB1*15:03:QAAVVRFQEAANKQK"
a8a7673dc8580f7a62e7fdc7abe47c60,"DRA*01:01,DRB1*15:03",QAAVVRFQEAANKQK,False,5.614680246044608,11.98293972015381,"DRA*01:01,DRB1*15:03:QAAVVRFQEAANKQK"
f43cee2072d90af5d2312eb985c80a2d,"DRA*01:01,DRB1*15:03",QAAVVRFQEAANKQK,False,6.235671444085115,15.58670902252197,"DRA*01:01,DRB1*15:03:QAAVVRFQEAANKQK"
c9a3276c721a71a25dbe80a3b06f5e92,"DRA*01:01,DRB1*15:03",QAAVVRFQEAANKQK,False,5.303702043785768,12.68537712097168,"DRA*01:01,DRB1*15:03:QAAVVRFQEAANKQK"
f75772aee3f317c512b9d6cd33eee27c,"DRA*01:01,DRB1*15:03",QAAVVRFQEAANKQK,False,6.46080968524623,12.0274715423584,"DRA*01:01,DRB1*15:03:QAAVVRFQEAANKQK"
5ff91cd685f41d467e2556d5cd9d343c,"DRA*01:01,DRB1*15:03",QAAVVRFQEAANKQK,False,5.996896434434012,11.77204704284668,"DRA*01:01,DRB1*15:03:QAAVVRFQEAANKQK"
43bd8e2ecd84e51fd640890559d5340c,"DRA*01:01,DRB1*15:03",QAAVVRFQEAANKQK,False,6.485109800066196,9.339300155639648,"DRA*01:01,DRB1*15:03:QAAVVRFQEAANKQK"
03494d0a59e5a89358f26c902a39a80d,"DRA*01:01,DRB1*15:03",QAAVVRFQEAANKQK,False,5.965729365629309,13.16503238677978,"DRA*01:01,DRB1*15:03:QAAVVRFQEAANKQK"
e97886f5f922096189e7da89846397f6,"DRA*01:01,DRB1*15:03",QAAVVRFQEAANKQK,False,8.191653796012433,11.01500034332275,"DRA*01:01,DRB1*15:03:QAAVVRFQEAANKQK"
58b65a7b7eaa6597a0c74d982b4a0fd9,"DRA*01:01,DRB1*15:03",QAAVVRFQEAANKQK,False,6.437841010336783,11.46269702911377,"DRA*01:01,DRB1*15:03:QAAVVRFQEAANKQK"
e85c6d017a451c0163ffb7e906b673e7,"DRA*01:01,DRB1*15:03",QAAVVRFQEAANKQK,False,7.464708972920483,7.617016792297363,"DRA*01:01,DRB1*15:03:QAAVVRFQEAANKQK"
4ba8571b17f6e2ec32347ecfd7f2b50f,"DRA*01:01,DRB1*15:03",QAAVVRFQEAANKQK,False,6.26843499417315,11.72919654846191,"DRA*01:01,DRB1*15:03:QAAVVRFQEAANKQK"
b165567a11e238f0d70e210d99dfa77d,"DRA*01:01,DRB1*15:03",QAAVVRFQEAANKQK,False,6.045669778630513,10.83607387542725,"DRA*01:01,DRB1*15:03:QAAVVRFQEAANKQK"
b935c82e2547d395c70aa2a3bb8cb4a2,"DRA*01:01,DRB1*15:03",QAAVVRFQEAANKQK,False,6.936533718249377,8.287583351135254,"DRA*01:01,DRB1*15:03:QAAVVRFQEAANKQK"
206c65237f989c80dda0ac0803b81cbc,"DRA*01:01,DRB1*15:03",QAAVVRFQEAANKQK,False,8.949406586910868,11.13227462768555,"DRA*01:01,DRB1*15:03:QAAVVRFQEAANKQK"
952b0c875e22b5cf699c7e2f9dd196fd,"DRA*01:01,DRB1*15:03",QAAVVRFQEAANKQK,False,6.15819833909764,15.52872180938721,"DRA*01:01,DRB1*15:03:QAAVVRFQEAANKQK"
d43aecde5e0dcfb00c98e7c5d18d43b0,"DRA*01:01,DRB1*15:03",QAAVVRFQEAANKQK,False,6.33854391106324,12.31324100494385,"DRA*01:01,DRB1*15:03:QAAVVRFQEAANKQK"
1c839ad2ba1cb74da71ce5fa75c36e3e,"DRA*01:01,DRB1*15:03",QAAVVRFQEAANKQK,False,6.453046103084788,12.92666721343994,"DRA*01:01,DRB1*15:03:QAAVVRFQEAANKQK"
fa9b1e97161a324f0859958706645f14,"DRA*01:01,DRB1*15:03",QAAVVRFQEAANKQK,False,8.03599342177896,11.59717178344727,"DRA*01:01,DRB1*15:03:QAAVVRFQEAANKQK"
eba5e30ba79c531ccc6a21f53998dbef,"DRA*01:01,DRB1*15:03",QAAVVRFQEAANKQK,False,6.923079660359551,11.41397953033447,"DRA*01:01,DRB1*15:03:QAAVVRFQEAANKQK"
db76a898c7530a53c6aaf59d91d8a170,"DRA*01:01,DRB1*15:03",QAAVVRFQEAANKQK,False,6.6122220072773965,13.92892932891846,"DRA*01:01,DRB1*15:03:QAAVVRFQEAANKQK"
db4262943adbff7cf469e2b1ec2f2da2,"DRA*01:01,DRB1*15:03",QAAVVRFQEAANKQK,False,6.227876453165705,12.42257118225098,"DRA*01:01,DRB1*15:03:QAAVVRFQEAANKQK"
8e92885704fd47467d83c718b8f20880,"DRA*01:01,DRB1*15:03",QAAVVRFQEAANKQK,False,9.791054094718008,8.107177734375,"DRA*01:01,DRB1*15:03:QAAVVRFQEAANKQK"
6e4a6d3bcd4ab8b547f33c050e9d606b,"DRA*01:01,DRB1*15:03",QAAVVRFQEAANKQK,False,6.606910914682213,8.647252082824707,"DRA*01:01,DRB1*15:03:QAAVVRFQEAANKQK"
1a782392bb84da39140af854a680651e,"DRA*01:01,DRB1*15:03",QAAVVRFQEAANKQK,False,7.953999105146169,12.89147567749023,"DRA*01:01,DRB1*15:03:QAAVVRFQEAANKQK"
518e9ff1330d1c17117fdd124876fce4,"DRA*01:01,DRB1*15:03",QAAVVRFQEAANKQK,False,8.6143198426183,11.7595682144165,"DRA*01:01,DRB1*15:03:QAAVVRFQEAANKQK"
ac51b40c318baaa6ebfa72277e02477f,"DRA*01:01,DRB1*15:03",QAAVVRFQEAANKQK,False,6.747753117114556,10.06721305847168,"DRA*01:01,DRB1*15:03:QAAVVRFQEAANKQK"
807c939741f20b722809488efce86f42,"DRA*01:01,DRB1*15:03",QAAVVRFQEAANKQK,False,6.000422577998218,20.49441337585449,"DRA*01:01,DRB1*15:03:QAAVVRFQEAANKQK"
6eebce4989a55c755aff2275fca76564,"DRA*01:01,DRB1*15:03",QAAVVRFQEAANKQK,False,6.220042031878183,14.80967617034912,"DRA*01:01,DRB1*15:03:QAAVVRFQEAANKQK"
03cf39bae4d365806c1ff6589ec0efbf,"DRA*01:01,DRB1*15:03",QAAVVRFQEAANKQK,False,8.88685370801157,10.06153202056885,"DRA*01:01,DRB1*15:03:QAAVVRFQEAANKQK"
dc23b8b170668d7ea9833e930ecedd01,"DRA*01:01,DRB1*15:03",QAAVVRFQEAANKQK,False,5.952336487710769,17.29008865356445,"DRA*01:01,DRB1*15:03:QAAVVRFQEAANKQK"
663d94927f66fcc885dda3f7adbd6d67,"DRA*01:01,DRB1*15:03",QAAVVRFQEAANKQK,False,6.081818813222343,13.32499980926514,"DRA*01:01,DRB1*15:03:QAAVVRFQEAANKQK"
fe88a94e8049a7c1794a0f9d36182b81,"DRA*01:01,DRB1*15:03",QAAVVRFQEAANKQK,False,7.006673072835756,14.69707107543945,"DRA*01:01,DRB1*15:03:QAAVVRFQEAANKQK"
6423c4f24b2a93111c326b1adc2521a4,"DRA*01:01,DRB1*11:01",VDLAKSLRIAAKIYS,False,7.08946102525188,15.65402030944824,"DRA*01:01,DRB1*11:01:VDLAKSLRIAAKIYS"
fa08e9b666830e6b7a5a13e0840db12f,"DRA*01:01,DRB1*11:01",VDLAKSLRIAAKIYS,False,6.57507188279361,15.41023445129394,"DRA*01:01,DRB1*11:01:VDLAKSLRIAAKIYS"
9e33f14153c40da560fbf6caf26aaf73,"DRA*01:01,DRB1*11:01",VDLAKSLRIAAKIYS,False,7.219707753377802,19.2704906463623,"DRA*01:01,DRB1*11:01:VDLAKSLRIAAKIYS"
df73c8dc2c44d975a2b86276e4f32824,"DRA*01:01,DRB1*11:01",VDLAKSLRIAAKIYS,False,6.638290863853764,15.32223892211914,"DRA*01:01,DRB1*11:01:VDLAKSLRIAAKIYS"
91afbdf528c8e52dc61cffb4a5a67ffb,"DRA*01:01,DRB1*11:01",VDLAKSLRIAAKIYS,False,6.267694093928617,18.97481346130371,"DRA*01:01,DRB1*11:01:VDLAKSLRIAAKIYS"
18ebd7535f9e166ca673ef826df4aa81,"DRA*01:01,DRB1*11:01",VDLAKSLRIAAKIYS,False,7.18341697403398,18.35274505615234,"DRA*01:01,DRB1*11:01:VDLAKSLRIAAKIYS"
b7651ac9dbe56ec623325c620f7c763b,"DRA*01:01,DRB1*11:01",VDLAKSLRIAAKIYS,False,6.68304551154876,17.35284423828125,"DRA*01:01,DRB1*11:01:VDLAKSLRIAAKIYS"
145fee69cabf1394365f7f22217a75d2,"DRA*01:01,DRB1*11:01",VDLAKSLRIAAKIYS,False,7.0013228952869095,19.19745063781738,"DRA*01:01,DRB1*11:01:VDLAKSLRIAAKIYS"
05583893b08e25e3396089e2c85d7e41,"DRA*01:01,DRB1*11:01",VDLAKSLRIAAKIYS,False,6.9573269304886365,13.56470108032227,"DRA*01:01,DRB1*11:01:VDLAKSLRIAAKIYS"
c6a910f26d2923a3f65027d81d3c5a76,"DRA*01:01,DRB1*11:01",VDLAKSLRIAAKIYS,False,5.699265721657697,15.10152721405029,"DRA*01:01,DRB1*11:01:VDLAKSLRIAAKIYS"
cf128f157a47a5ed9f8a24885730a81c,"DRA*01:01,DRB1*11:01",VDLAKSLRIAAKIYS,False,7.293666941887085,18.52589797973633,"DRA*01:01,DRB1*11:01:VDLAKSLRIAAKIYS"
6b64ec3fdabb28c4e39bdf9df7d3a2b6,"DRA*01:01,DRB1*11:01",VDLAKSLRIAAKIYS,False,7.424997184697319,14.10014247894287,"DRA*01:01,DRB1*11:01:VDLAKSLRIAAKIYS"
d173ec9b5c49bfce2a8a06f1414d0bb2,"DRA*01:01,DRB1*11:01",VDLAKSLRIAAKIYS,False,7.230062952234692,16.53068733215332,"DRA*01:01,DRB1*11:01:VDLAKSLRIAAKIYS"
0f41a3f303abf4af58cbb54b11676d15,"DRA*01:01,DRB1*11:01",VDLAKSLRIAAKIYS,False,5.333815067262833,17.94068717956543,"DRA*01:01,DRB1*11:01:VDLAKSLRIAAKIYS"
8ce887674dd8e2a1e3d162d4cf904596,"DRA*01:01,DRB1*11:01",VDLAKSLRIAAKIYS,False,7.647864919550279,19.67092323303223,"DRA*01:01,DRB1*11:01:VDLAKSLRIAAKIYS"
9cdc0968f5b6d435bf14141e1e16dd21,"DRA*01:01,DRB1*11:01",VDLAKSLRIAAKIYS,False,5.650768250458098,14.7369499206543,"DRA*01:01,DRB1*11:01:VDLAKSLRIAAKIYS"
01cd3d77a74595b75d44856d31abbf6a,"DRA*01:01,DRB1*11:01",VDLAKSLRIAAKIYS,False,7.608068351147222,16.07680892944336,"DRA*01:01,DRB1*11:01:VDLAKSLRIAAKIYS"
9d72cdfe26b0f182cb09a23c5b301369,"DRA*01:01,DRB1*11:01",VDLAKSLRIAAKIYS,False,8.772706037469616,15.80505180358887,"DRA*01:01,DRB1*11:01:VDLAKSLRIAAKIYS"
504031c3b479baa86d10de973edde6d1,"DRA*01:01,DRB1*11:01",VDLAKSLRIAAKIYS,False,6.844129317648271,19.0998649597168,"DRA*01:01,DRB1*11:01:VDLAKSLRIAAKIYS"
cd9d8da93266162ebc067feabf3bd2e9,"DRA*01:01,DRB1*11:01",VDLAKSLRIAAKIYS,False,5.394440752339202,14.16032600402832,"DRA*01:01,DRB1*11:01:VDLAKSLRIAAKIYS"
aac86ebc4c8a309ba78d6b500994a737,"DRA*01:01,DRB1*11:01",VDLAKSLRIAAKIYS,False,5.942331599369019,16.92648315429688,"DRA*01:01,DRB1*11:01:VDLAKSLRIAAKIYS"
1f19582b49e9dc5aa391046a799e3ec9,"DRA*01:01,DRB1*11:01",VDLAKSLRIAAKIYS,False,6.991503567748286,15.86040019989014,"DRA*01:01,DRB1*11:01:VDLAKSLRIAAKIYS"
2e38c42d8235e10e0c69c3cb5c3419c1,"DRA*01:01,DRB1*11:01",VDLAKSLRIAAKIYS,False,6.691058718680343,18.2761287689209,"DRA*01:01,DRB1*11:01:VDLAKSLRIAAKIYS"
7aee88f095652c94bcc8166f9eeb40a7,"DRA*01:01,DRB1*11:01",VDLAKSLRIAAKIYS,False,5.951764616968719,16.36193656921387,"DRA*01:01,DRB1*11:01:VDLAKSLRIAAKIYS"
2675797920dbdd0be0b5aff8bb6e6ed8,"DRA*01:01,DRB1*11:01",VDLAKSLRIAAKIYS,False,7.365939264228593,17.85225105285645,"DRA*01:01,DRB1*11:01:VDLAKSLRIAAKIYS"
a33b72eb1929833e67e9079f23af96ce,"DRA*01:01,DRB1*11:01",VDLAKSLRIAAKIYS,False,7.1777357590526165,16.13860893249512,"DRA*01:01,DRB1*11:01:VDLAKSLRIAAKIYS"
8f3c4cf5a3f7eba75daa2ec865c19813,"DRA*01:01,DRB1*11:01",VDLAKSLRIAAKIYS,False,7.226360989290125,16.73607444763184,"DRA*01:01,DRB1*11:01:VDLAKSLRIAAKIYS"
c6840b36b0d50fa19dad69feae02f8b1,"DRA*01:01,DRB1*11:01",VDLAKSLRIAAKIYS,False,5.947593934207062,15.3009614944458,"DRA*01:01,DRB1*11:01:VDLAKSLRIAAKIYS"
51930012c92bb6e3f41e81f4e9ce0cf0,"DRA*01:01,DRB1*11:01",VDLAKSLRIAAKIYS,False,6.320028745426852,18.57344245910645,"DRA*01:01,DRB1*11:01:VDLAKSLRIAAKIYS"
c061af80903a10e184d75099299e52a6,"DRA*01:01,DRB1*11:01",VDLAKSLRIAAKIYS,False,5.832880416944498,17.498291015625,"DRA*01:01,DRB1*11:01:VDLAKSLRIAAKIYS"
063419c7770f1b2accf945113b4f0e94,"DRA*01:01,DRB1*11:01",VDLAKSLRIAAKIYS,False,5.804277102207012,20.65782737731934,"DRA*01:01,DRB1*11:01:VDLAKSLRIAAKIYS"
277fb147c5b28f3acbbb351814484ceb,"DRA*01:01,DRB1*11:01",VDLAKSLRIAAKIYS,False,7.407231435486691,20.81747627258301,"DRA*01:01,DRB1*11:01:VDLAKSLRIAAKIYS"
feb7b2eb864095f924e977651b27599d,"DRA*01:01,DRB1*11:01",VDLAKSLRIAAKIYS,False,5.434770982462068,18.20380973815918,"DRA*01:01,DRB1*11:01:VDLAKSLRIAAKIYS"
85c6ca82e6689ae619f1ac76ec591e24,"DRA*01:01,DRB1*11:01",VDLAKSLRIAAKIYS,False,7.157249996092467,16.27858352661133,"DRA*01:01,DRB1*11:01:VDLAKSLRIAAKIYS"
eca3358bc22eb1365e36eb6f054bf352,"DRA*01:01,DRB1*11:01",VDLAKSLRIAAKIYS,False,6.244146878579084,9.384523391723633,"DRA*01:01,DRB1*11:01:VDLAKSLRIAAKIYS"
287e01cf76f5a938a4bbfa2ed3773f73,"DRA*01:01,DRB1*11:01",VDLAKSLRIAAKIYS,False,6.092369908315279,16.90056037902832,"DRA*01:01,DRB1*11:01:VDLAKSLRIAAKIYS"
f35d59a87526a400a7078f6a3e790fb7,"DRA*01:01,DRB1*11:01",VDLAKSLRIAAKIYS,False,6.098951816052222,18.86139106750488,"DRA*01:01,DRB1*11:01:VDLAKSLRIAAKIYS"
8bfd12cb7ff739762adefe91b9cdcd85,"DRA*01:01,DRB1*11:01",VDLAKSLRIAAKIYS,False,8.307847619987749,14.31837940216064,"DRA*01:01,DRB1*11:01:VDLAKSLRIAAKIYS"
fdf4704778536dbf77bd77dd1bcfbe34,"DRA*01:01,DRB1*11:01",VDLAKSLRIAAKIYS,False,6.565619243683025,17.07437896728516,"DRA*01:01,DRB1*11:01:VDLAKSLRIAAKIYS"
d9b4793ebf06a894bdaf4c7c4afb8f0b,"DRA*01:01,DRB1*11:01",VDLAKSLRIAAKIYS,False,7.0050348933850834,16.72575378417969,"DRA*01:01,DRB1*11:01:VDLAKSLRIAAKIYS"
a62647076d7f58709c90b42b781ef40a,"DRA*01:01,DRB1*11:01",VDLAKSLRIAAKIYS,False,8.205392389677627,16.444580078125,"DRA*01:01,DRB1*11:01:VDLAKSLRIAAKIYS"
2a1a43e3adaf4bf87bae7315d3800120,"DRA*01:01,DRB1*11:01",VDLAKSLRIAAKIYS,False,6.423600331315521,16.36809539794922,"DRA*01:01,DRB1*11:01:VDLAKSLRIAAKIYS"
11d617420153d5a1edf72a0d33c4aec7,"DRA*01:01,DRB1*11:01",VDLAKSLRIAAKIYS,False,5.845027270074319,16.95088768005371,"DRA*01:01,DRB1*11:01:VDLAKSLRIAAKIYS"
b7d125efef01e3b1b004448174cedb54,"DRA*01:01,DRB1*11:01",VDLAKSLRIAAKIYS,False,6.537291934591632,16.9312572479248,"DRA*01:01,DRB1*11:01:VDLAKSLRIAAKIYS"
388a29010ec63ef0285bf2cadbd3288d,"DRA*01:01,DRB1*11:01",VDLAKSLRIAAKIYS,False,8.808199260506218,17.90340042114258,"DRA*01:01,DRB1*11:01:VDLAKSLRIAAKIYS"
0073a88c50f2091a535dc8cd287b174f,"DRA*01:01,DRB1*11:01",VDLAKSLRIAAKIYS,False,7.58169068531253,16.76818656921387,"DRA*01:01,DRB1*11:01:VDLAKSLRIAAKIYS"
081249c699b86795f6830dbf5ae61b3e,"DRA*01:01,DRB1*11:01",VDLAKSLRIAAKIYS,False,6.913223215399388,15.74300765991211,"DRA*01:01,DRB1*11:01:VDLAKSLRIAAKIYS"
52b2ebeccff8ebda56cc5b47b2262c61,"DRA*01:01,DRB1*11:01",VDLAKSLRIAAKIYS,False,8.234328305607407,14.98305702209473,"DRA*01:01,DRB1*11:01:VDLAKSLRIAAKIYS"
b9b79e8b67b006c7f1153dea9235f718,"DRA*01:01,DRB1*11:01",VDLAKSLRIAAKIYS,False,7.267013468600319,17.86997604370117,"DRA*01:01,DRB1*11:01:VDLAKSLRIAAKIYS"
b8787deb7df3560e6957056a5db28887,"DRA*01:01,DRB1*11:01",VDLAKSLRIAAKIYS,False,5.769452807482551,15.69360828399658,"DRA*01:01,DRB1*11:01:VDLAKSLRIAAKIYS"
794c5068faee98985d56678a09179d26,"DRA*01:01,DRB1*11:01",VDLAKSLRIAAKIYS,False,6.600394065327897,17.48702812194824,"DRA*01:01,DRB1*11:01:VDLAKSLRIAAKIYS"
a0f6022c5fd0e34b0902bf09c22b6607,"DRA*01:01,DRB1*11:01",VDLAKSLRIAAKIYS,False,6.416330101910759,19.06742668151855,"DRA*01:01,DRB1*11:01:VDLAKSLRIAAKIYS"
1e3528c216231e7ee0c3e5e1ecad7c50,"DRA*01:01,DRB1*11:01",VDLAKSLRIAAKIYS,False,7.32261673735949,18.28310394287109,"DRA*01:01,DRB1*11:01:VDLAKSLRIAAKIYS"
2a6d41fb5eee20f4e8e051b51c9a37ea,"DRA*01:01,DRB1*11:01",VDLAKSLRIAAKIYS,False,6.176861944619347,15.61542224884033,"DRA*01:01,DRB1*11:01:VDLAKSLRIAAKIYS"
710931dd0eb40fdb4572b6ee99fb3bc1,"DRA*01:01,DRB1*11:01",VDLAKSLRIAAKIYS,False,7.263803817262672,14.21356201171875,"DRA*01:01,DRB1*11:01:VDLAKSLRIAAKIYS"
dd79d55dc7b99af25cc3a7e7005dfc2f,"DRA*01:01,DRB1*11:01",VDLAKSLRIAAKIYS,False,7.989117402358181,21.99825668334961,"DRA*01:01,DRB1*11:01:VDLAKSLRIAAKIYS"
1172e64d1d6e2a71b16e7cb89065e7b2,"DRA*01:01,DRB1*11:01",VDLAKSLRIAAKIYS,False,8.263675028238087,17.00660133361816,"DRA*01:01,DRB1*11:01:VDLAKSLRIAAKIYS"
8c3e2fc981f43281fea984fcc3d2a1ca,"DRA*01:01,DRB1*11:01",VDLAKSLRIAAKIYS,False,7.418071425850151,17.30666542053223,"DRA*01:01,DRB1*11:01:VDLAKSLRIAAKIYS"
189f6c16b9d6298950689bb673c0cdfa,"DRA*01:01,DRB1*11:01",VDLAKSLRIAAKIYS,False,6.608339712532364,15.89000129699707,"DRA*01:01,DRB1*11:01:VDLAKSLRIAAKIYS"
e271c71e1a6f1df06d68b313ac66ae20,"DRA*01:01,DRB1*11:01",VDLAKSLRIAAKIYS,False,7.56464304607227,19.76251602172852,"DRA*01:01,DRB1*11:01:VDLAKSLRIAAKIYS"
1090f3c1dba52a66ef89087c8da28a7a,"DRA*01:01,DRB1*11:01",VDLAKSLRIAAKIYS,False,6.460008388593257,19.00881576538086,"DRA*01:01,DRB1*11:01:VDLAKSLRIAAKIYS"
384e7aa4140c717ce8f68413b3a0bb20,"DRA*01:01,DRB1*11:01",VDLAKSLRIAAKIYS,False,6.217892160413178,10.77708339691162,"DRA*01:01,DRB1*11:01:VDLAKSLRIAAKIYS"
06c822332db5cfc3606e689a65cff848,"DRA*01:01,DRB1*11:01",VDLAKSLRIAAKIYS,False,6.26497214921758,16.74357032775879,"DRA*01:01,DRB1*11:01:VDLAKSLRIAAKIYS"
6059002562dec53054a867fac23d2e52,"DRA*01:01,DRB1*11:01",VDLAKSLRIAAKIYS,False,6.51547552631944,19.1325912475586,"DRA*01:01,DRB1*11:01:VDLAKSLRIAAKIYS"
f346581c78b9534d28a99272f28beb8f,"DRA*01:01,DRB1*11:01",VDLAKSLRIAAKIYS,False,8.662839077673805,15.1342363357544,"DRA*01:01,DRB1*11:01:VDLAKSLRIAAKIYS"
73383170eaff186eebba5ec796123161,"DRA*01:01,DRB1*11:01",VDLAKSLRIAAKIYS,False,6.367727601451614,16.24205017089844,"DRA*01:01,DRB1*11:01:VDLAKSLRIAAKIYS"
8f17d3a70c661aa25f12cc33cd3d0366,"DRA*01:01,DRB1*11:01",VDLAKSLRIAAKIYS,False,6.046132202900108,13.88266658782959,"DRA*01:01,DRB1*11:01:VDLAKSLRIAAKIYS"
43c907c3201e38ecd64c57335b5e245d,"DRA*01:01,DRB1*11:01",VDLAKSLRIAAKIYS,False,6.555322332352676,20.00811004638672,"DRA*01:01,DRB1*11:01:VDLAKSLRIAAKIYS"
11d1250ed9cd1c723874a1d593c8752c,"DRA*01:01,DRB1*11:01",VDLAKSLRIAAKIYS,False,6.829560818009198,18.26945304870605,"DRA*01:01,DRB1*11:01:VDLAKSLRIAAKIYS"
48ead1eef2f7f4ffd019c7edc3618ea8,"DRA*01:01,DRB1*11:01",VDLAKSLRIAAKIYS,False,5.756367766720708,19.01702880859375,"DRA*01:01,DRB1*11:01:VDLAKSLRIAAKIYS"
1eee93463039df8ec9e05d2d9a3f8240,"DRA*01:01,DRB1*11:01",VDLAKSLRIAAKIYS,False,5.921174615972182,17.27054214477539,"DRA*01:01,DRB1*11:01:VDLAKSLRIAAKIYS"
3fb6dd31120140ffa416b295e5bee0b7,"DRA*01:01,DRB1*11:01",VDLAKSLRIAAKIYS,False,7.865480455714522,20.02051544189453,"DRA*01:01,DRB1*11:01:VDLAKSLRIAAKIYS"
02a606e768e3ce4357142e30205a1b1e,"DRA*01:01,DRB1*11:01",VDLAKSLRIAAKIYS,False,7.045553099495916,15.77641487121582,"DRA*01:01,DRB1*11:01:VDLAKSLRIAAKIYS"
38ff3d5194d4cc47bc20a1f071f09560,"DRA*01:01,DRB1*11:01",VDLAKSLRIAAKIYS,False,6.769079413303505,18.93659400939941,"DRA*01:01,DRB1*11:01:VDLAKSLRIAAKIYS"
4b2737efb026fcf9b653f84e91aa94de,"DRA*01:01,DRB1*11:01",VDLAKSLRIAAKIYS,False,6.522221944735252,16.04719543457031,"DRA*01:01,DRB1*11:01:VDLAKSLRIAAKIYS"
c352be49d953bfb809e1509d2fb01c9b,"DRA*01:01,DRB1*11:01",VDLAKSLRIAAKIYS,False,5.78031647494533,13.61197662353516,"DRA*01:01,DRB1*11:01:VDLAKSLRIAAKIYS"
d77276be14d37a1730867e1cae1b5568,"DRA*01:01,DRB1*11:01",VDLAKSLRIAAKIYS,False,7.334645113596593,17.14602088928223,"DRA*01:01,DRB1*11:01:VDLAKSLRIAAKIYS"
d4adee4135f65cb74cc7e6ccd5b490c1,"DRA*01:01,DRB1*11:01",VDLAKSLRIAAKIYS,False,6.178746022772389,17.14622116088867,"DRA*01:01,DRB1*11:01:VDLAKSLRIAAKIYS"
43a080abeb12e19f39a8d282c130462b,"DRA*01:01,DRB1*11:01",VDLAKSLRIAAKIYS,False,6.4734460209959925,16.71333312988281,"DRA*01:01,DRB1*11:01:VDLAKSLRIAAKIYS"
7fb4fa378b1351be83fa73a2dfed2697,"DRA*01:01,DRB1*11:01",VDLAKSLRIAAKIYS,False,6.050866427409104,16.90541648864746,"DRA*01:01,DRB1*11:01:VDLAKSLRIAAKIYS"
d2f4a22eedc0db6736952a67271c608f,"DRA*01:01,DRB1*11:01",VDLAKSLRIAAKIYS,False,8.506221546099114,22.23373031616211,"DRA*01:01,DRB1*11:01:VDLAKSLRIAAKIYS"
eb5956684b9f6d745511d0f66e8caad8,"DRA*01:01,DRB1*11:01",VDLAKSLRIAAKIYS,False,6.1996697766528905,18.75402450561523,"DRA*01:01,DRB1*11:01:VDLAKSLRIAAKIYS"
6d64657060e7c3979c84ca3a94f5cfa7,"DRA*01:01,DRB1*11:01",VDLAKSLRIAAKIYS,False,8.438119734223491,19.44719314575196,"DRA*01:01,DRB1*11:01:VDLAKSLRIAAKIYS"
905c0282117a421ab0093a4738fb7d50,"DRA*01:01,DRB1*11:01",VDLAKSLRIAAKIYS,False,6.12498676196405,18.6734619140625,"DRA*01:01,DRB1*11:01:VDLAKSLRIAAKIYS"
67ea63b7a0c434148aa05e4b9a40481a,"DRA*01:01,DRB1*11:01",VDLAKSLRIAAKIYS,False,6.095963623632793,17.16345024108887,"DRA*01:01,DRB1*11:01:VDLAKSLRIAAKIYS"
1463c3534da901f0ac23cc1f9065a253,"DRA*01:01,DRB1*11:01",VDLAKSLRIAAKIYS,False,6.181957772429472,12.19945907592773,"DRA*01:01,DRB1*11:01:VDLAKSLRIAAKIYS"
5ecdf459eaad3ea684c03b638d185602,"DRA*01:01,DRB1*11:01",VDLAKSLRIAAKIYS,False,5.92344828107306,17.53568840026855,"DRA*01:01,DRB1*11:01:VDLAKSLRIAAKIYS"
25540ad3aa27c426f62de41261b008d6,"DRA*01:01,DRB1*11:01",VDLAKSLRIAAKIYS,False,6.899543211917438,18.66046333312988,"DRA*01:01,DRB1*11:01:VDLAKSLRIAAKIYS"
ae77ebbb1665ee6ff796006e0c0d20e9,"DRA*01:01,DRB1*11:01",VDLAKSLRIAAKIYS,False,8.056859022729537,15.71884346008301,"DRA*01:01,DRB1*11:01:VDLAKSLRIAAKIYS"
3a29b0df1b315722a5716de4bb5fd15b,"DRA*01:01,DRB1*11:01",VDLAKSLRIAAKIYS,False,6.570034416282878,17.03111839294434,"DRA*01:01,DRB1*11:01:VDLAKSLRIAAKIYS"
56e87e0ed476f17f2a1134481c5a1296,"DRA*01:01,DRB1*11:01",VDLAKSLRIAAKIYS,False,5.868009110879317,16.28890228271484,"DRA*01:01,DRB1*11:01:VDLAKSLRIAAKIYS"
6c87e27e321d516afb840779430da665,"DRA*01:01,DRB1*11:01",VDLAKSLRIAAKIYS,False,8.976968120845374,15.38928604125977,"DRA*01:01,DRB1*11:01:VDLAKSLRIAAKIYS"
c53c56e74bfed70ef586b894d12dd239,"DRA*01:01,DRB1*11:01",VDLAKSLRIAAKIYS,False,7.2045796317212725,14.9918270111084,"DRA*01:01,DRB1*11:01:VDLAKSLRIAAKIYS"
9e016cd027a5bd0d6f15b4e72cc4da72,"DRA*01:01,DRB1*11:01",VDLAKSLRIAAKIYS,False,7.7453163736632895,17.56612396240234,"DRA*01:01,DRB1*11:01:VDLAKSLRIAAKIYS"
618a8e07c5ca2c5e50ffcd244feac21f,"DRA*01:01,DRB1*11:01",VDLAKSLRIAAKIYS,False,7.59481914345735,15.34515762329102,"DRA*01:01,DRB1*11:01:VDLAKSLRIAAKIYS"
737aad4370335d14eff1cb663b45d546,"DRA*01:01,DRB1*11:01",VDLAKSLRIAAKIYS,False,7.979746322014502,15.78328514099121,"DRA*01:01,DRB1*11:01:VDLAKSLRIAAKIYS"
d6ef6426152e002a027bf837b75ca651,"DRA*01:01,DRB1*11:01",VDLAKSLRIAAKIYS,False,6.324173021428229,17.00577735900879,"DRA*01:01,DRB1*11:01:VDLAKSLRIAAKIYS"
78fe4879595f4ee0bb187cc13708bc5a,"DRA*01:01,DRB1*11:01",VDLAKSLRIAAKIYS,False,8.338225898809233,18.9835205078125,"DRA*01:01,DRB1*11:01:VDLAKSLRIAAKIYS"
39cf2af70b9fc30649b90f29236cfd1c,"DRA*01:01,DRB1*11:01",VDLAKSLRIAAKIYS,False,6.823414714332071,19.02454566955566,"DRA*01:01,DRB1*11:01:VDLAKSLRIAAKIYS"
33993450d6d6108e1202947ad178bb3b,"DRA*01:01,DRB1*11:01",VDLAKSLRIAAKIYS,False,6.668982187439414,16.81979370117188,"DRA*01:01,DRB1*11:01:VDLAKSLRIAAKIYS"
480eb635ba32e546ad6375c5168fbcbf,"DRA*01:01,DRB1*11:01",VDLAKSLRIAAKIYS,False,6.286367386930129,17.86549949645996,"DRA*01:01,DRB1*11:01:VDLAKSLRIAAKIYS"
89c733679e85c680f4f55654c43e7949,"DRA*01:01,DRB1*11:01",VDLAKSLRIAAKIYS,False,5.658371165920706,18.7725944519043,"DRA*01:01,DRB1*11:01:VDLAKSLRIAAKIYS"
233ba4a39a3a30488092fb47854707d0,"DRA*01:01,DRB1*11:01",VDLAKSLRIAAKIYS,False,5.781091918111383,13.65200042724609,"DRA*01:01,DRB1*11:01:VDLAKSLRIAAKIYS"
48e322f7e907248bac6819233a37e058,"DRA*01:01,DRB1*11:01",VDLAKSLRIAAKIYS,False,7.205654995581683,18.4660587310791,"DRA*01:01,DRB1*11:01:VDLAKSLRIAAKIYS"
3f92f3814e5539f304a0b113259524b4,"DRA*01:01,DRB1*11:01",VDLAKSLRIAAKIYS,False,6.1042373268356345,19.36909675598145,"DRA*01:01,DRB1*11:01:VDLAKSLRIAAKIYS"
737beab754c9572b2a76192727869cb9,"DRA*01:01,DRB1*11:01",VDLAKSLRIAAKIYS,False,5.968016084864058,15.1865291595459,"DRA*01:01,DRB1*11:01:VDLAKSLRIAAKIYS"
9f72ec0a9306202cdf75e64c80f68104,"DRA*01:01,DRB1*11:01",VDLAKSLRIAAKIYS,False,6.26815046601791,18.84179496765137,"DRA*01:01,DRB1*11:01:VDLAKSLRIAAKIYS"
c2512b865c1d910d9f03bb1c2dd5dc08,"DRA*01:01,DRB1*11:01",VDLAKSLRIAAKIYS,False,5.09220622389301,17.19830322265625,"DRA*01:01,DRB1*11:01:VDLAKSLRIAAKIYS"
04c309226a2154df281dea0a811505f6,"DRA*01:01,DRB1*11:01",VDLAKSLRIAAKIYS,False,8.266783767174056,16.91691398620605,"DRA*01:01,DRB1*11:01:VDLAKSLRIAAKIYS"
c19061da17a42416fd7932bf79ae80a3,"DRA*01:01,DRB1*11:01",VDLAKSLRIAAKIYS,False,5.972632229857907,18.76289749145508,"DRA*01:01,DRB1*11:01:VDLAKSLRIAAKIYS"
aa7a99c82a2f8fda4830954d5d45826a,"DRA*01:01,DRB1*11:01",VDLAKSLRIAAKIYS,False,6.246513714583024,15.66986656188965,"DRA*01:01,DRB1*11:01:VDLAKSLRIAAKIYS"
f8da0e7d07c65240b59e0bc356e4d61a,"DRA*01:01,DRB1*11:01",VDLAKSLRIAAKIYS,False,7.634843731202107,19.90457534790039,"DRA*01:01,DRB1*11:01:VDLAKSLRIAAKIYS"
178d9e0af2f8869cf676efc43db06577,"DRA*01:01,DRB1*11:01",VDLAKSLRIAAKIYS,False,5.671841667680179,17.15421295166016,"DRA*01:01,DRB1*11:01:VDLAKSLRIAAKIYS"
b6b51bb60c9b0d72df499747a9043c18,"DRA*01:01,DRB1*11:01",VDLAKSLRIAAKIYS,False,6.245149505072949,14.71355533599854,"DRA*01:01,DRB1*11:01:VDLAKSLRIAAKIYS"
34990cfc2c3b679f8ce7f90d9e842fa6,"DRA*01:01,DRB1*11:01",VDLAKSLRIAAKIYS,False,5.900843593716121,17.92578506469727,"DRA*01:01,DRB1*11:01:VDLAKSLRIAAKIYS"
92d2312a20709a9926fb9b7e9f7f279b,"DRA*01:01,DRB1*11:01",VDLAKSLRIAAKIYS,False,6.375315558209139,13.71761894226074,"DRA*01:01,DRB1*11:01:VDLAKSLRIAAKIYS"
c9f7d49eeb539f605bc29a936a5a73bd,"DRA*01:01,DRB1*11:01",VDLAKSLRIAAKIYS,False,6.765876238486346,17.54415130615234,"DRA*01:01,DRB1*11:01:VDLAKSLRIAAKIYS"
0b8d2a55548f227c7f20b4fd8d2e109e,"DRA*01:01,DRB1*11:01",VDLAKSLRIAAKIYS,False,6.671322825043893,17.994873046875,"DRA*01:01,DRB1*11:01:VDLAKSLRIAAKIYS"
a353337e92a94a4cb97302c4742c5b7c,"DRA*01:01,DRB1*11:01",VDLAKSLRIAAKIYS,False,7.023986640144285,19.42641448974609,"DRA*01:01,DRB1*11:01:VDLAKSLRIAAKIYS"
19fd595b66f1c61a06abde5b0dc29508,"DRA*01:01,DRB1*11:01",VDLAKSLRIAAKIYS,False,6.894717400915482,14.87201881408691,"DRA*01:01,DRB1*11:01:VDLAKSLRIAAKIYS"
4d39073b19b56d4bf30a7ef4312fd9be,"DRA*01:01,DRB1*11:01",VDLAKSLRIAAKIYS,False,5.751501600002117,16.24477958679199,"DRA*01:01,DRB1*11:01:VDLAKSLRIAAKIYS"
faa493cb480242630cf0f58bcdb36233,"DRA*01:01,DRB1*11:01",VDLAKSLRIAAKIYS,False,6.509736315369512,12.18273544311523,"DRA*01:01,DRB1*11:01:VDLAKSLRIAAKIYS"
74712af9c05db02821d7bcacd61633d8,"DRA*01:01,DRB1*11:01",VDLAKSLRIAAKIYS,False,7.2955293753933725,18.3381290435791,"DRA*01:01,DRB1*11:01:VDLAKSLRIAAKIYS"
8ec66eff624c417c52387fa2e9030128,"DRA*01:01,DRB1*11:01",VDLAKSLRIAAKIYS,False,5.9542309277984025,22.55099105834961,"DRA*01:01,DRB1*11:01:VDLAKSLRIAAKIYS"
c0a3e10315cac26704bd2214ee710fd7,"DRA*01:01,DRB1*11:01",VDLAKSLRIAAKIYS,False,7.897264912169481,17.77678489685059,"DRA*01:01,DRB1*11:01:VDLAKSLRIAAKIYS"
0439c81e6374548b3ed9cec83d2b5f83,"DRA*01:01,DRB1*11:01",VDLAKSLRIAAKIYS,False,6.641951051667458,17.4353141784668,"DRA*01:01,DRB1*11:01:VDLAKSLRIAAKIYS"
926a2cbd72e0f19d37c944bf55e33d1a,"DRA*01:01,DRB1*11:01",VDLAKSLRIAAKIYS,False,6.927948297472561,19.69468879699707,"DRA*01:01,DRB1*11:01:VDLAKSLRIAAKIYS"
4c87c5d7ee4ec6b9eb99cbbb67c79e41,"DRA*01:01,DRB1*11:01",VDLAKSLRIAAKIYS,False,6.402128742852078,18.94544982910156,"DRA*01:01,DRB1*11:01:VDLAKSLRIAAKIYS"
80457d84a3bd22cf71875267ac0b9c8e,"DRA*01:01,DRB1*11:01",VDLAKSLRIAAKIYS,False,6.166982638221171,17.81954193115234,"DRA*01:01,DRB1*11:01:VDLAKSLRIAAKIYS"
bcb1f667a49c73bb3d50c8a70f60f64c,"DRA*01:01,DRB1*11:01",VDLAKSLRIAAKIYS,False,7.126054050397995,18.24954032897949,"DRA*01:01,DRB1*11:01:VDLAKSLRIAAKIYS"
f553c48e7745dd8787fdbfd0286f8b35,"DRA*01:01,DRB1*11:01",VDLAKSLRIAAKIYS,False,8.598913954641223,18.58104705810547,"DRA*01:01,DRB1*11:01:VDLAKSLRIAAKIYS"
eced3419b2d8d8b9321555889272f218,"DRA*01:01,DRB1*11:01",VDLAKSLRIAAKIYS,False,5.934246096390636,10.7034330368042,"DRA*01:01,DRB1*11:01:VDLAKSLRIAAKIYS"
b2553a7576d1ab832abc677a5637be32,"DRA*01:01,DRB1*11:01",VDLAKSLRIAAKIYS,False,7.694085845532732,14.06660175323486,"DRA*01:01,DRB1*11:01:VDLAKSLRIAAKIYS"
5fc913a230623582bad4f739b5d0c460,"DRA*01:01,DRB1*11:01",VDLAKSLRIAAKIYS,False,5.957129246884806,14.34950828552246,"DRA*01:01,DRB1*11:01:VDLAKSLRIAAKIYS"
082c319a86a4932b12ff2e46c7ee1182,"DRA*01:01,DRB1*11:01",VDLAKSLRIAAKIYS,False,6.452799084962583,19.82682800292969,"DRA*01:01,DRB1*11:01:VDLAKSLRIAAKIYS"
96cc09a5be1a4c6a9ddbd423382d12d3,"DRA*01:01,DRB1*11:01",VDLAKSLRIAAKIYS,False,7.529258516166029,15.93104076385498,"DRA*01:01,DRB1*11:01:VDLAKSLRIAAKIYS"
788aa4610ffa3a813c627c9cb44953a0,"DRA*01:01,DRB1*11:01",VDLAKSLRIAAKIYS,False,6.631480798801454,17.66641044616699,"DRA*01:01,DRB1*11:01:VDLAKSLRIAAKIYS"
be78f376b8257223403e8ebb7a302a7c,"DRA*01:01,DRB1*11:01",VDLAKSLRIAAKIYS,False,6.221198272830298,11.24676895141602,"DRA*01:01,DRB1*11:01:VDLAKSLRIAAKIYS"
36090f4e978818d01335b915bd6258f9,"DRA*01:01,DRB1*11:01",VDLAKSLRIAAKIYS,False,7.082207324187453,15.44037628173828,"DRA*01:01,DRB1*11:01:VDLAKSLRIAAKIYS"
26f279ddda5a0f57dad36b2ad29e15bc,"DRA*01:01,DRB1*11:01",VDLAKSLRIAAKIYS,False,6.210164710228183,18.03587913513184,"DRA*01:01,DRB1*11:01:VDLAKSLRIAAKIYS"
bd1d2245ddf7553e0d53449c7e119afb,"DRA*01:01,DRB1*11:01",VDLAKSLRIAAKIYS,False,5.876868467065534,18.57819938659668,"DRA*01:01,DRB1*11:01:VDLAKSLRIAAKIYS"
f32893b94722fa148c8dd1db5791c40d,"DRA*01:01,DRB1*11:01",VDLAKSLRIAAKIYS,False,7.571339484523325,20.9599609375,"DRA*01:01,DRB1*11:01:VDLAKSLRIAAKIYS"
142c9d20f01c493abbf99d6264cee9ec,"DRA*01:01,DRB1*11:01",VDLAKSLRIAAKIYS,False,6.896433011713231,15.71585369110107,"DRA*01:01,DRB1*11:01:VDLAKSLRIAAKIYS"
3c8d6fcb9eefc020c5ee18aa5336c3ff,"DRA*01:01,DRB1*11:01",VDLAKSLRIAAKIYS,False,6.770103768747535,16.32695579528809,"DRA*01:01,DRB1*11:01:VDLAKSLRIAAKIYS"
2a3ff4999f930427507274162d653d8e,"DRA*01:01,DRB1*11:01",VDLAKSLRIAAKIYS,False,5.79670037511486,20.12079048156738,"DRA*01:01,DRB1*11:01:VDLAKSLRIAAKIYS"
fcd4eb1fd086d3b91758f9adc7329ca7,"DRA*01:01,DRB1*11:01",VDLAKSLRIAAKIYS,False,7.623571345385383,17.51337432861328,"DRA*01:01,DRB1*11:01:VDLAKSLRIAAKIYS"
80e29346a989f1971522882e31b7b34d,"DRA*01:01,DRB1*11:01",VDLAKSLRIAAKIYS,False,5.903722313783063,16.82610511779785,"DRA*01:01,DRB1*11:01:VDLAKSLRIAAKIYS"
575c85bc42801c3d1e3fd9448267ba22,"DRA*01:01,DRB1*11:01",VDLAKSLRIAAKIYS,False,5.853695459153275,15.37912940979004,"DRA*01:01,DRB1*11:01:VDLAKSLRIAAKIYS"
6877dddb04fb815571e1a7f2c6a518ff,"DRA*01:01,DRB1*11:01",VDLAKSLRIAAKIYS,False,6.551361096606535,14.97445106506348,"DRA*01:01,DRB1*11:01:VDLAKSLRIAAKIYS"
a33f2b4d38c7e072e7fae8ecf5fcf269,"DRA*01:01,DRB1*11:01",VDLAKSLRIAAKIYS,False,5.946576800791293,13.51664924621582,"DRA*01:01,DRB1*11:01:VDLAKSLRIAAKIYS"
05fc7546275b0391cc86f7b03c6d5272,"DRA*01:01,DRB1*11:01",VDLAKSLRIAAKIYS,False,5.475976096844805,17.06664657592773,"DRA*01:01,DRB1*11:01:VDLAKSLRIAAKIYS"
9a607691b1ebb2f990fe7154bea6c2a9,"DRA*01:01,DRB1*11:01",VDLAKSLRIAAKIYS,False,7.428273178293814,15.18833446502686,"DRA*01:01,DRB1*11:01:VDLAKSLRIAAKIYS"
87bb082b2260fdb13c6c7175e3d0d0a5,"DRA*01:01,DRB1*11:01",VDLAKSLRIAAKIYS,False,6.130802243597367,14.70690536499023,"DRA*01:01,DRB1*11:01:VDLAKSLRIAAKIYS"
ff4c9c2a966f0b050b8ce2b4c638c74a,"DRA*01:01,DRB1*11:01",VDLAKSLRIAAKIYS,False,5.158799251300447,15.90703868865967,"DRA*01:01,DRB1*11:01:VDLAKSLRIAAKIYS"
0ad240c7c27c8cd0fedd80fcad467f81,"DRA*01:01,DRB1*11:01",VDLAKSLRIAAKIYS,False,7.332953883944457,21.11929702758789,"DRA*01:01,DRB1*11:01:VDLAKSLRIAAKIYS"
069ba0e66f62d14f6030f27fbbc21c34,"DRA*01:01,DRB1*11:01",VDLAKSLRIAAKIYS,False,7.2166983622756655,16.33740425109863,"DRA*01:01,DRB1*11:01:VDLAKSLRIAAKIYS"
caafe954aae29cb200d4526a31564bdd,"DRA*01:01,DRB1*11:01",VDLAKSLRIAAKIYS,False,5.910587325771576,15.51322364807129,"DRA*01:01,DRB1*11:01:VDLAKSLRIAAKIYS"
768943737a3b0f0c2ed626e8d0dc938f,"DRA*01:01,DRB1*11:01",VDLAKSLRIAAKIYS,False,8.448540487099223,18.51101303100586,"DRA*01:01,DRB1*11:01:VDLAKSLRIAAKIYS"
f8013ff6d76fe49c1b1ff2fd1da1297d,"DRA*01:01,DRB1*11:01",VDLAKSLRIAAKIYS,False,7.876022881729829,15.57286167144775,"DRA*01:01,DRB1*11:01:VDLAKSLRIAAKIYS"
2dcf17de6c721e5ab3a7a5e067fe37a8,"DRA*01:01,DRB1*11:01",VDLAKSLRIAAKIYS,False,7.091553607722513,18.22427177429199,"DRA*01:01,DRB1*11:01:VDLAKSLRIAAKIYS"
b77e2be4b921d34460e9c0ee1decdbfa,"DRA*01:01,DRB1*11:01",VDLAKSLRIAAKIYS,False,7.252918964273789,16.76057052612305,"DRA*01:01,DRB1*11:01:VDLAKSLRIAAKIYS"
ed8e595e6eca56dd96d28027f731a1c1,"DRA*01:01,DRB1*11:01",VDLAKSLRIAAKIYS,False,5.598839839767007,16.51965522766113,"DRA*01:01,DRB1*11:01:VDLAKSLRIAAKIYS"
dc31b99388799060bb4a8a4e0728bac8,"DRA*01:01,DRB1*11:01",VDLAKSLRIAAKIYS,False,6.281812789159663,16.84531593322754,"DRA*01:01,DRB1*11:01:VDLAKSLRIAAKIYS"
5b50a0efd243c2f179dec869200c4ed8,"DRA*01:01,DRB1*11:01",VDLAKSLRIAAKIYS,False,6.119698934038093,18.40747261047364,"DRA*01:01,DRB1*11:01:VDLAKSLRIAAKIYS"
a0b4eecbc77c014f7c4db9cc62918d44,"DRA*01:01,DRB1*11:01",VDLAKSLRIAAKIYS,False,5.981650204239011,14.10564708709717,"DRA*01:01,DRB1*11:01:VDLAKSLRIAAKIYS"
c8176418a0da8b017703ed699ccab1fa,"DRA*01:01,DRB1*11:01",VDLAKSLRIAAKIYS,False,5.977235303205602,14.28295516967773,"DRA*01:01,DRB1*11:01:VDLAKSLRIAAKIYS"
d741ad01e6b60286b8d8dfc12fb2c610,"DRA*01:01,DRB1*11:01",VDLAKSLRIAAKIYS,False,6.861566833888783,20.57521247863769,"DRA*01:01,DRB1*11:01:VDLAKSLRIAAKIYS"
79392c7e03fdc1f3e988a3955ac5571a,"DRA*01:01,DRB1*11:01",VDLAKSLRIAAKIYS,False,6.012040520847349,18.53695869445801,"DRA*01:01,DRB1*11:01:VDLAKSLRIAAKIYS"
7c19587801b473487285e7932e76675d,"DRA*01:01,DRB1*11:01",VDLAKSLRIAAKIYS,False,7.952178630153961,17.70124435424805,"DRA*01:01,DRB1*11:01:VDLAKSLRIAAKIYS"
99e0a114bb8eab64a46377f0130fe4a0,"DRA*01:01,DRB1*11:01",VDLAKSLRIAAKIYS,False,7.342413146355573,16.12319374084473,"DRA*01:01,DRB1*11:01:VDLAKSLRIAAKIYS"
67fe5aa09fc3bfc1385eed9d5068aaee,"DRA*01:01,DRB1*11:01",VDLAKSLRIAAKIYS,False,6.221183975409369,16.6972827911377,"DRA*01:01,DRB1*11:01:VDLAKSLRIAAKIYS"
bedbbb8030d0869009aae1993b94f675,"DRA*01:01,DRB1*11:01",VDLAKSLRIAAKIYS,False,6.327132139918434,19.99563026428223,"DRA*01:01,DRB1*11:01:VDLAKSLRIAAKIYS"
b148a7cd0780862f53b933f08250569d,"DRA*01:01,DRB1*11:01",VDLAKSLRIAAKIYS,False,6.8368446425292175,18.31105232238769,"DRA*01:01,DRB1*11:01:VDLAKSLRIAAKIYS"
ab571890a1d65514ed9edac9b6b00c3e,"DRA*01:01,DRB1*11:01",VDLAKSLRIAAKIYS,False,6.687277440655321,8.618160247802734,"DRA*01:01,DRB1*11:01:VDLAKSLRIAAKIYS"
81df42ea79837e73672b5db56c79d7fa,"DRA*01:01,DRB1*11:01",VDLAKSLRIAAKIYS,False,5.637181551862296,18.6794376373291,"DRA*01:01,DRB1*11:01:VDLAKSLRIAAKIYS"
860a8eaeed3d71aa25b092628a42f5a3,"DRA*01:01,DRB1*11:01",VDLAKSLRIAAKIYS,False,6.109445718614262,13.57162475585938,"DRA*01:01,DRB1*11:01:VDLAKSLRIAAKIYS"
a1dfa75d5fef88dd87ae04e4ec21b9c5,"DRA*01:01,DRB1*11:01",VDLAKSLRIAAKIYS,False,5.899314830089774,17.65167617797852,"DRA*01:01,DRB1*11:01:VDLAKSLRIAAKIYS"
a68bd909a3f8184e3d132225d6b75eaa,"DRA*01:01,DRB1*11:01",VDLAKSLRIAAKIYS,False,8.666149099498428,15.3601541519165,"DRA*01:01,DRB1*11:01:VDLAKSLRIAAKIYS"
06ec06778f4c92282768d0f707a49898,"DRA*01:01,DRB1*11:01",VDLAKSLRIAAKIYS,False,6.815511424344878,16.70546913146973,"DRA*01:01,DRB1*11:01:VDLAKSLRIAAKIYS"
0abaff35d3424be36393a936fb90817f,"DRA*01:01,DRB1*11:01",VDLAKSLRIAAKIYS,False,6.001280029057136,20.03561401367188,"DRA*01:01,DRB1*11:01:VDLAKSLRIAAKIYS"
3f746f34b5229bde40462a508b622b6d,"DRA*01:01,DRB1*11:01",VDLAKSLRIAAKIYS,False,6.382774604537658,17.05487251281738,"DRA*01:01,DRB1*11:01:VDLAKSLRIAAKIYS"
24fd36b5cec032c940d30c1f6b87e37c,"DRA*01:01,DRB1*11:01",VDLAKSLRIAAKIYS,False,5.957465922444308,16.99514579772949,"DRA*01:01,DRB1*11:01:VDLAKSLRIAAKIYS"
9d1d8b3ea57fd8134fa2ea91406bd761,"DRA*01:01,DRB1*15:03",MSFVMAYPEMLAAAA,False,6.742774724529268,15.88512706756592,"DRA*01:01,DRB1*15:03:MSFVMAYPEMLAAAA"
0e2ff9c1834fadd5a16cd1c9f11e7d12,"DRA*01:01,DRB1*15:03",MSFVMAYPEMLAAAA,False,6.332400399095872,14.67422103881836,"DRA*01:01,DRB1*15:03:MSFVMAYPEMLAAAA"
9506b7cd67bd18232bd25cbe4c0fe0b0,"DRA*01:01,DRB1*15:03",MSFVMAYPEMLAAAA,False,6.7215555811474434,18.62928771972656,"DRA*01:01,DRB1*15:03:MSFVMAYPEMLAAAA"
49b450cc38fe66115d9a4d175cf90b0e,"DRA*01:01,DRB1*15:03",MSFVMAYPEMLAAAA,False,7.193994667938656,16.38468742370605,"DRA*01:01,DRB1*15:03:MSFVMAYPEMLAAAA"
cd2e157331bf66efd54c7047c384c2f9,"DRA*01:01,DRB1*15:03",MSFVMAYPEMLAAAA,False,6.956463154923682,18.38767623901367,"DRA*01:01,DRB1*15:03:MSFVMAYPEMLAAAA"
ce4e1df958abd38bff6b0441a51afbf9,"DRA*01:01,DRB1*15:03",MSFVMAYPEMLAAAA,False,6.396297799335299,18.20377731323243,"DRA*01:01,DRB1*15:03:MSFVMAYPEMLAAAA"
fb5cf1a4d5a18cb8c92e09c034fe1e85,"DRA*01:01,DRB1*15:03",MSFVMAYPEMLAAAA,False,6.680846330474405,16.72617721557617,"DRA*01:01,DRB1*15:03:MSFVMAYPEMLAAAA"
da3ebbb4c1b93eac2c16ff4506346880,"DRA*01:01,DRB1*15:03",MSFVMAYPEMLAAAA,False,6.458277494174983,18.74492263793945,"DRA*01:01,DRB1*15:03:MSFVMAYPEMLAAAA"
fb6dd1104e54b7a3a279ef6f77ec4f0e,"DRA*01:01,DRB1*15:03",MSFVMAYPEMLAAAA,False,5.270584635229672,7.670133590698242,"DRA*01:01,DRB1*15:03:MSFVMAYPEMLAAAA"
a6c2c533491ead77a134ff5e826af163,"DRA*01:01,DRB1*15:03",MSFVMAYPEMLAAAA,False,6.3265929633803415,16.02045440673828,"DRA*01:01,DRB1*15:03:MSFVMAYPEMLAAAA"
2655534a679092e572c5ba26e76e0f2a,"DRA*01:01,DRB1*15:03",MSFVMAYPEMLAAAA,False,7.046521563389722,11.32025527954102,"DRA*01:01,DRB1*15:03:MSFVMAYPEMLAAAA"
2c0dcdae9134426ff207cd76137d8bad,"DRA*01:01,DRB1*15:03",MSFVMAYPEMLAAAA,False,7.617737392612532,12.22340774536133,"DRA*01:01,DRB1*15:03:MSFVMAYPEMLAAAA"
a4cfa455515fcebca8d1c2502437c18d,"DRA*01:01,DRB1*15:03",MSFVMAYPEMLAAAA,False,6.2576269135755656,10.01833343505859,"DRA*01:01,DRB1*15:03:MSFVMAYPEMLAAAA"
e6c3ab51d8d89529941de44b776050b2,"DRA*01:01,DRB1*15:03",MSFVMAYPEMLAAAA,False,5.574273508802669,8.398252487182617,"DRA*01:01,DRB1*15:03:MSFVMAYPEMLAAAA"
efb8c1a6e96e50630b08fc45eec14312,"DRA*01:01,DRB1*15:03",MSFVMAYPEMLAAAA,False,7.768497738053062,9.09000015258789,"DRA*01:01,DRB1*15:03:MSFVMAYPEMLAAAA"
340e7daa2789cc1985899b32234d578f,"DRA*01:01,DRB1*15:03",MSFVMAYPEMLAAAA,False,6.451169831324689,12.37826633453369,"DRA*01:01,DRB1*15:03:MSFVMAYPEMLAAAA"
3aa9d137e8ad9a1389767b655f6c5fa7,"DRA*01:01,DRB1*15:03",MSFVMAYPEMLAAAA,False,5.884087614489207,11.15528297424316,"DRA*01:01,DRB1*15:03:MSFVMAYPEMLAAAA"
fe2f2484eaa3868ba3c1d9d6510fe02d,"DRA*01:01,DRB1*15:03",MSFVMAYPEMLAAAA,False,6.856734401332036,8.976837158203125,"DRA*01:01,DRB1*15:03:MSFVMAYPEMLAAAA"
a76e3394c5e25303c50298b96961a3db,"DRA*01:01,DRB1*15:03",MSFVMAYPEMLAAAA,False,6.662361103265524,7.277151584625244,"DRA*01:01,DRB1*15:03:MSFVMAYPEMLAAAA"
82e97fb6c29ceb12f95bb2b1c5ea1cf4,"DRA*01:01,DRB1*15:03",MSFVMAYPEMLAAAA,False,7.476921822882054,15.06646919250488,"DRA*01:01,DRB1*15:03:MSFVMAYPEMLAAAA"
4c0ab9904a87141a6e99b67b6a774517,"DRA*01:01,DRB1*15:03",MSFVMAYPEMLAAAA,False,6.439061632792155,9.372966766357422,"DRA*01:01,DRB1*15:03:MSFVMAYPEMLAAAA"
4b8eabf797d0976075d851b228f38a6f,"DRA*01:01,DRB1*15:03",MSFVMAYPEMLAAAA,False,5.894638693927466,7.778082847595215,"DRA*01:01,DRB1*15:03:MSFVMAYPEMLAAAA"
fc92dee981738286b938f7fd20116a9c,"DRA*01:01,DRB1*15:03",MSFVMAYPEMLAAAA,False,6.653498942711774,10.23930644989014,"DRA*01:01,DRB1*15:03:MSFVMAYPEMLAAAA"
e8f25cd677159f6b6dd67490193b406a,"DRA*01:01,DRB1*15:03",MSFVMAYPEMLAAAA,False,5.968569337473472,11.57330703735352,"DRA*01:01,DRB1*15:03:MSFVMAYPEMLAAAA"
eeac6249c036dfde3f619778d3a6cd0a,"DRA*01:01,DRB1*15:03",MSFVMAYPEMLAAAA,False,5.628816773022424,7.927138805389404,"DRA*01:01,DRB1*15:03:MSFVMAYPEMLAAAA"
5f97f829e51ce1a3cc1f23dea1955428,"DRA*01:01,DRB1*15:03",MSFVMAYPEMLAAAA,False,6.942804921002266,16.84172439575195,"DRA*01:01,DRB1*15:03:MSFVMAYPEMLAAAA"
2cf756051701e032259edbb3cb448c63,"DRA*01:01,DRB1*15:03",MSFVMAYPEMLAAAA,False,5.790024034415974,21.98291397094727,"DRA*01:01,DRB1*15:03:MSFVMAYPEMLAAAA"
8a542695b743be6c0431629fc61f11b2,"DRA*01:01,DRB1*15:03",MSFVMAYPEMLAAAA,False,5.762741580087306,14.17795944213867,"DRA*01:01,DRB1*15:03:MSFVMAYPEMLAAAA"
b8be8fd97fa45383dd212318c288682d,"DRA*01:01,DRB1*15:03",MSFVMAYPEMLAAAA,False,7.448465586580737,19.18715667724609,"DRA*01:01,DRB1*15:03:MSFVMAYPEMLAAAA"
ecd4973880bbfba4867975110b44990c,"DRA*01:01,DRB1*15:03",MSFVMAYPEMLAAAA,False,7.146386439585878,10.99237060546875,"DRA*01:01,DRB1*15:03:MSFVMAYPEMLAAAA"
59c285d44ddb5ea7b4b06ed413b5f04f,"DRA*01:01,DRB1*15:03",MSFVMAYPEMLAAAA,False,6.48452899125925,9.132692337036133,"DRA*01:01,DRB1*15:03:MSFVMAYPEMLAAAA"
c9caaefaebce00fff52a3b2f11218f4a,"DRA*01:01,DRB1*15:03",MSFVMAYPEMLAAAA,False,8.555909046684782,15.25112533569336,"DRA*01:01,DRB1*15:03:MSFVMAYPEMLAAAA"
c0b0d39fd245375133e45ce3c9f77c06,"DRA*01:01,DRB1*15:03",MSFVMAYPEMLAAAA,False,8.409111305845885,18.0577449798584,"DRA*01:01,DRB1*15:03:MSFVMAYPEMLAAAA"
4f44d4bdf54d0cc73171a0c449aec80d,"DRA*01:01,DRB1*15:03",MSFVMAYPEMLAAAA,False,6.482741263038234,11.67957878112793,"DRA*01:01,DRB1*15:03:MSFVMAYPEMLAAAA"
fcaeec1b00b7d6375f6781d431381d37,"DRA*01:01,DRB1*15:03",MSFVMAYPEMLAAAA,False,6.575610967182443,14.8380651473999,"DRA*01:01,DRB1*15:03:MSFVMAYPEMLAAAA"
331843c457abb0ef73c9fd2db9f9e333,"DRA*01:01,DRB1*15:03",MSFVMAYPEMLAAAA,False,7.714745405680453,10.55683422088623,"DRA*01:01,DRB1*15:03:MSFVMAYPEMLAAAA"
367f25f79b6f5c61ddefeb5106862562,"DRA*01:01,DRB1*15:03",MSFVMAYPEMLAAAA,False,6.879844816451541,11.69202899932861,"DRA*01:01,DRB1*15:03:MSFVMAYPEMLAAAA"
9c7a400b54125c1927f250653c1550de,"DRA*01:01,DRB1*15:03",MSFVMAYPEMLAAAA,False,5.554504048123079,7.985867023468018,"DRA*01:01,DRB1*15:03:MSFVMAYPEMLAAAA"
f11f872b540c1d7388f80112e671bc62,"DRA*01:01,DRB1*15:03",MSFVMAYPEMLAAAA,False,7.011090883787941,9.15976333618164,"DRA*01:01,DRB1*15:03:MSFVMAYPEMLAAAA"
91e3b036d4908c984bd3cfb0ee7799bb,"DRA*01:01,DRB1*15:03",MSFVMAYPEMLAAAA,False,6.2520465514239145,9.06273365020752,"DRA*01:01,DRB1*15:03:MSFVMAYPEMLAAAA"
b3441a43956987fad666b1713a5d2782,"DRA*01:01,DRB1*15:03",MSFVMAYPEMLAAAA,False,6.256272731314437,12.58321857452393,"DRA*01:01,DRB1*15:03:MSFVMAYPEMLAAAA"
0521bee38c28452ee1b552ce4eaadb83,"DRA*01:01,DRB1*15:03",MSFVMAYPEMLAAAA,False,6.54837478503059,7.905478477478027,"DRA*01:01,DRB1*15:03:MSFVMAYPEMLAAAA"
33b4620b3431a0acb35b8f26da216a3d,"DRA*01:01,DRB1*15:03",MSFVMAYPEMLAAAA,False,8.450935015705005,18.81340217590332,"DRA*01:01,DRB1*15:03:MSFVMAYPEMLAAAA"
c9e80ecadf5437040fc6b75cdbe217a9,"DRA*01:01,DRB1*15:03",MSFVMAYPEMLAAAA,False,7.070308889363948,8.325251579284668,"DRA*01:01,DRB1*15:03:MSFVMAYPEMLAAAA"
7bd34e3f5efb0b249f7bf5a63f9d52f7,"DRA*01:01,DRB1*15:03",MSFVMAYPEMLAAAA,False,8.203462235879156,10.87063694000244,"DRA*01:01,DRB1*15:03:MSFVMAYPEMLAAAA"
5de587389887f39d65b12f3ab2a281f1,"DRA*01:01,DRB1*15:03",MSFVMAYPEMLAAAA,False,9.468922323835573,18.97782707214355,"DRA*01:01,DRB1*15:03:MSFVMAYPEMLAAAA"
57ef29d1f29b4a8546e671c9a9d99dc1,"DRA*01:01,DRB1*15:03",MSFVMAYPEMLAAAA,False,7.636582526285805,14.35427761077881,"DRA*01:01,DRB1*15:03:MSFVMAYPEMLAAAA"
3d93268c194258b75f19c86a13e73b20,"DRA*01:01,DRB1*15:03",MSFVMAYPEMLAAAA,False,6.71347994368198,11.19568634033203,"DRA*01:01,DRB1*15:03:MSFVMAYPEMLAAAA"
7a36abb5b04eaebf04758a4cdfc178c0,"DRA*01:01,DRB1*15:03",MSFVMAYPEMLAAAA,False,5.945412566667932,13.82257843017578,"DRA*01:01,DRB1*15:03:MSFVMAYPEMLAAAA"
601c74252ffadc062bdd312b9d0a02c3,"DRA*01:01,DRB1*15:03",MSFVMAYPEMLAAAA,False,6.621260440030295,18.51624870300293,"DRA*01:01,DRB1*15:03:MSFVMAYPEMLAAAA"
2ba664f1bb91474f3bc748c1e671c53e,"DRA*01:01,DRB1*15:03",MSFVMAYPEMLAAAA,False,6.511992558672347,8.114161491394043,"DRA*01:01,DRB1*15:03:MSFVMAYPEMLAAAA"
b045162bf2fa523ab4fa93c7622cffee,"DRA*01:01,DRB1*15:03",MSFVMAYPEMLAAAA,False,6.110590577962106,8.43310260772705,"DRA*01:01,DRB1*15:03:MSFVMAYPEMLAAAA"
b2164e3bbe428d6d5b43b736b29a236f,"DRA*01:01,DRB1*15:03",MSFVMAYPEMLAAAA,False,8.19266713626032,21.69238090515137,"DRA*01:01,DRB1*15:03:MSFVMAYPEMLAAAA"
5e000682250f1867affdb90bb1ca010b,"DRA*01:01,DRB1*15:03",MSFVMAYPEMLAAAA,False,6.767766894139516,12.64693069458008,"DRA*01:01,DRB1*15:03:MSFVMAYPEMLAAAA"
79dd042915af206ef522d2fb860eb0d6,"DRA*01:01,DRB1*15:03",MSFVMAYPEMLAAAA,False,6.627763396915905,17.73953056335449,"DRA*01:01,DRB1*15:03:MSFVMAYPEMLAAAA"
e1c72ddb1cac7b1e5d4ec78919f706e8,"DRA*01:01,DRB1*15:03",MSFVMAYPEMLAAAA,False,6.637796604818859,14.37074756622314,"DRA*01:01,DRB1*15:03:MSFVMAYPEMLAAAA"
eb7af6a60d6734ab1e0cfbb8d762293d,"DRA*01:01,DRB1*15:03",MSFVMAYPEMLAAAA,False,6.732314392867905,9.699708938598633,"DRA*01:01,DRB1*15:03:MSFVMAYPEMLAAAA"
e4d266722e44252c43bf7c2e4ecdeeb5,"DRA*01:01,DRB1*15:03",MSFVMAYPEMLAAAA,False,5.853552816473898,7.820022106170654,"DRA*01:01,DRB1*15:03:MSFVMAYPEMLAAAA"
66bacb4078132c8820c82fa64f07e613,"DRA*01:01,DRB1*15:03",MSFVMAYPEMLAAAA,False,6.300485212366085,10.89572143554688,"DRA*01:01,DRB1*15:03:MSFVMAYPEMLAAAA"
719fb6f07e27327388fde22a4b89182e,"DRA*01:01,DRB1*15:03",MSFVMAYPEMLAAAA,False,10.09543935748565,9.249634742736816,"DRA*01:01,DRB1*15:03:MSFVMAYPEMLAAAA"
cc29a98f38cae9c5c454db84fec944d9,"DRA*01:01,DRB1*15:03",MSFVMAYPEMLAAAA,False,6.920065590337439,11.31526184082031,"DRA*01:01,DRB1*15:03:MSFVMAYPEMLAAAA"
ce70be954a71e3c5363f11d6304c08bc,"DRA*01:01,DRB1*15:03",MSFVMAYPEMLAAAA,False,8.637674785572255,8.15228271484375,"DRA*01:01,DRB1*15:03:MSFVMAYPEMLAAAA"
317ee3a94060490734af9ccb014cdd42,"DRA*01:01,DRB1*15:03",MSFVMAYPEMLAAAA,False,6.907675189410939,18.15964317321777,"DRA*01:01,DRB1*15:03:MSFVMAYPEMLAAAA"
e980376f432595fc4be26ff9ee6a9eba,"DRA*01:01,DRB1*15:03",MSFVMAYPEMLAAAA,False,7.228033818466889,12.8370771408081,"DRA*01:01,DRB1*15:03:MSFVMAYPEMLAAAA"
6e7a5d875f52d62b0923d0fbfbe520ff,"DRA*01:01,DRB1*15:03",MSFVMAYPEMLAAAA,False,6.722438693747801,15.80861663818359,"DRA*01:01,DRB1*15:03:MSFVMAYPEMLAAAA"
89f81cd3355bc74d01f10d4abf3a3bae,"DRA*01:01,DRB1*15:03",MSFVMAYPEMLAAAA,False,5.348076203416502,13.05046081542969,"DRA*01:01,DRB1*15:03:MSFVMAYPEMLAAAA"
4d78fc47d85a1d301ae020f9cce58451,"DRA*01:01,DRB1*15:03",MSFVMAYPEMLAAAA,False,7.444241617635724,12.22493267059326,"DRA*01:01,DRB1*15:03:MSFVMAYPEMLAAAA"
4ac6e201c7cd37144bd03acfff62922e,"DRA*01:01,DRB1*15:03",MSFVMAYPEMLAAAA,False,7.590996142695932,8.13340950012207,"DRA*01:01,DRB1*15:03:MSFVMAYPEMLAAAA"
8150f42dedc983a98fb5b1e490b1f792,"DRA*01:01,DRB1*15:03",MSFVMAYPEMLAAAA,False,8.410988197406802,6.896889686584473,"DRA*01:01,DRB1*15:03:MSFVMAYPEMLAAAA"
4f961ddfe4722948fbb4aed55495c6cd,"DRA*01:01,DRB1*15:03",MSFVMAYPEMLAAAA,False,7.045458712570373,9.991975784301758,"DRA*01:01,DRB1*15:03:MSFVMAYPEMLAAAA"
a8285ee0bc8da063c66dd0ebcc115dd8,"DRA*01:01,DRB1*15:03",MSFVMAYPEMLAAAA,False,7.81260058148702,17.29112815856934,"DRA*01:01,DRB1*15:03:MSFVMAYPEMLAAAA"
ded6037f9c90729c17c9ecd09779272f,"DRA*01:01,DRB1*15:03",MSFVMAYPEMLAAAA,False,8.40799099104244,7.152958393096924,"DRA*01:01,DRB1*15:03:MSFVMAYPEMLAAAA"
b440a376795ea53f3145cbe6243d89bb,"DRA*01:01,DRB1*15:03",MSFVMAYPEMLAAAA,False,6.34272423635728,11.11114311218262,"DRA*01:01,DRB1*15:03:MSFVMAYPEMLAAAA"
958ec6efc454fe9fd33ab244bbcdab07,"DRA*01:01,DRB1*15:03",MSFVMAYPEMLAAAA,False,6.89914308666351,13.62749099731445,"DRA*01:01,DRB1*15:03:MSFVMAYPEMLAAAA"
9f7d29beecb8835d74cd5bd418caec0b,"DRA*01:01,DRB1*15:03",MSFVMAYPEMLAAAA,False,7.320323738294365,17.7619743347168,"DRA*01:01,DRB1*15:03:MSFVMAYPEMLAAAA"
437d8842113c59f36e934e45d701427d,"DRA*01:01,DRB1*15:03",MSFVMAYPEMLAAAA,False,5.970196791957407,14.18715572357178,"DRA*01:01,DRB1*15:03:MSFVMAYPEMLAAAA"
37e0d3897f3f2624a7a331f812ae3e84,"DRA*01:01,DRB1*15:03",MSFVMAYPEMLAAAA,False,5.9241563313147605,6.706523895263672,"DRA*01:01,DRB1*15:03:MSFVMAYPEMLAAAA"
e96cf14d1ded697587d23f2ca911678a,"DRA*01:01,DRB1*15:03",MSFVMAYPEMLAAAA,False,5.727871561782951,10.52397537231445,"DRA*01:01,DRB1*15:03:MSFVMAYPEMLAAAA"
136c4e94bd2652727c95ce000bcf7821,"DRA*01:01,DRB1*15:03",MSFVMAYPEMLAAAA,False,6.308715844056369,11.2201452255249,"DRA*01:01,DRB1*15:03:MSFVMAYPEMLAAAA"
b570f656259bd435c28f26f0f82c3c7b,"DRA*01:01,DRB1*15:03",MSFVMAYPEMLAAAA,False,6.084588815227448,8.554574966430664,"DRA*01:01,DRB1*15:03:MSFVMAYPEMLAAAA"
66dba9f82d1b137eca547fdebf3a8f36,"DRA*01:01,DRB1*15:03",MSFVMAYPEMLAAAA,False,5.341215099072924,7.26727819442749,"DRA*01:01,DRB1*15:03:MSFVMAYPEMLAAAA"
e65a27a4f1334c5ad38d3e010f16c750,"DRA*01:01,DRB1*15:03",MSFVMAYPEMLAAAA,False,6.8797812762861845,10.21104431152344,"DRA*01:01,DRB1*15:03:MSFVMAYPEMLAAAA"
3f272c309bcf7d1913985c01b250a2af,"DRA*01:01,DRB1*15:03",MSFVMAYPEMLAAAA,False,6.979708273258194,10.32543754577637,"DRA*01:01,DRB1*15:03:MSFVMAYPEMLAAAA"
6db325782845b7fb3869b60944712437,"DRA*01:01,DRB1*15:03",MSFVMAYPEMLAAAA,False,5.832461621140932,12.1589527130127,"DRA*01:01,DRB1*15:03:MSFVMAYPEMLAAAA"
df06db453fde597ad2ae02ff1cf7722b,"DRA*01:01,DRB1*15:03",MSFVMAYPEMLAAAA,False,6.684558286294513,19.05342864990234,"DRA*01:01,DRB1*15:03:MSFVMAYPEMLAAAA"
f5bba6f417d9782e60070cd4d7f25e62,"DRA*01:01,DRB1*15:03",MSFVMAYPEMLAAAA,False,5.79701950844346,9.953970909118652,"DRA*01:01,DRB1*15:03:MSFVMAYPEMLAAAA"
2960de67f9096a9af61ee3cd53dfdcdb,"DRA*01:01,DRB1*15:03",MSFVMAYPEMLAAAA,False,6.393431483296787,7.088688850402832,"DRA*01:01,DRB1*15:03:MSFVMAYPEMLAAAA"
e69fc6d60b0668bc1d5a851146b03466,"DRA*01:01,DRB1*15:03",MSFVMAYPEMLAAAA,False,7.022459485732457,17.62452125549316,"DRA*01:01,DRB1*15:03:MSFVMAYPEMLAAAA"
602d29c78c6413b98593d4efa77608e5,"DRA*01:01,DRB1*15:03",MSFVMAYPEMLAAAA,False,6.685116457260331,18.29289054870605,"DRA*01:01,DRB1*15:03:MSFVMAYPEMLAAAA"
6826b4e2496095655cbcc8991831a76b,"DRA*01:01,DRB1*15:03",MSFVMAYPEMLAAAA,False,6.721736518775716,10.92057704925537,"DRA*01:01,DRB1*15:03:MSFVMAYPEMLAAAA"
73df59269108c266359fb52776c88d4c,"DRA*01:01,DRB1*15:03",MSFVMAYPEMLAAAA,False,6.425625540533334,7.87666654586792,"DRA*01:01,DRB1*15:03:MSFVMAYPEMLAAAA"
ec55fe25f28025a354139c73e898d1b3,"DRA*01:01,DRB1*15:03",MSFVMAYPEMLAAAA,False,6.7693253818680255,13.83785533905029,"DRA*01:01,DRB1*15:03:MSFVMAYPEMLAAAA"
c8e451380da2ead83a53e34f297b77fb,"DRA*01:01,DRB1*15:03",MSFVMAYPEMLAAAA,False,6.249761321438697,6.535693168640137,"DRA*01:01,DRB1*15:03:MSFVMAYPEMLAAAA"
4c51c586d4983c00020f60c6ad7f066f,"DRA*01:01,DRB1*15:03",MSFVMAYPEMLAAAA,False,5.887933295614579,14.31545257568359,"DRA*01:01,DRB1*15:03:MSFVMAYPEMLAAAA"
c4d1e2ec985c93c9ce89d8fe298084d5,"DRA*01:01,DRB1*15:03",MSFVMAYPEMLAAAA,False,6.267327177985903,12.75402355194092,"DRA*01:01,DRB1*15:03:MSFVMAYPEMLAAAA"
44356c9d46d1822082b7c563cf3a5462,"DRA*01:01,DRB1*15:03",MSFVMAYPEMLAAAA,False,5.745787298435311,14.47651767730713,"DRA*01:01,DRB1*15:03:MSFVMAYPEMLAAAA"
2d882a2663f7ebdcf0b9487978ebb556,"DRA*01:01,DRB1*15:03",MSFVMAYPEMLAAAA,False,6.302729395926922,14.88893795013428,"DRA*01:01,DRB1*15:03:MSFVMAYPEMLAAAA"
121e3d3a5008ef0f7c80d5d438a2ad75,"DRA*01:01,DRB1*15:03",MSFVMAYPEMLAAAA,False,6.590616961531627,12.82894420623779,"DRA*01:01,DRB1*15:03:MSFVMAYPEMLAAAA"
f5d70b337cb5c690ccc7ea8dfa9a884b,"DRA*01:01,DRB1*15:03",MSFVMAYPEMLAAAA,False,6.820196594856345,12.51591396331787,"DRA*01:01,DRB1*15:03:MSFVMAYPEMLAAAA"
0e0a588284f0c5ac61f19ceaa8ca2312,"DRA*01:01,DRB1*15:03",MSFVMAYPEMLAAAA,False,6.924574997410571,16.79386711120605,"DRA*01:01,DRB1*15:03:MSFVMAYPEMLAAAA"
54ddd00aeaa41eb8144965b886441fa0,"DRA*01:01,DRB1*15:03",MSFVMAYPEMLAAAA,False,7.205051733102618,10.18211936950684,"DRA*01:01,DRB1*15:03:MSFVMAYPEMLAAAA"
b4cc34843627f4c87d90231fed34b1e6,"DRA*01:01,DRB1*15:03",MSFVMAYPEMLAAAA,False,7.853723568509235,10.0818338394165,"DRA*01:01,DRB1*15:03:MSFVMAYPEMLAAAA"
59c258908f1d37a9656e77e1d971bfa4,"DRA*01:01,DRB1*15:03",MSFVMAYPEMLAAAA,False,7.060370984836718,18.17450141906738,"DRA*01:01,DRB1*15:03:MSFVMAYPEMLAAAA"
9c3c82a2036dfa07b9b96c6d5fad7aa0,"DRA*01:01,DRB1*15:03",MSFVMAYPEMLAAAA,False,7.364856311835495,13.57488250732422,"DRA*01:01,DRB1*15:03:MSFVMAYPEMLAAAA"
d544a02a0309570448b05476383872cf,"DRA*01:01,DRB1*15:03",MSFVMAYPEMLAAAA,False,7.317224418373967,11.66697311401367,"DRA*01:01,DRB1*15:03:MSFVMAYPEMLAAAA"
6815f51e618892bdc8dcbd2b3d52f7c3,"DRA*01:01,DRB1*15:03",MSFVMAYPEMLAAAA,False,6.130391854429695,6.920667171478272,"DRA*01:01,DRB1*15:03:MSFVMAYPEMLAAAA"
a437ded46760250ea68636d2bdc3e775,"DRA*01:01,DRB1*15:03",MSFVMAYPEMLAAAA,False,6.241789183195899,19.78852081298828,"DRA*01:01,DRB1*15:03:MSFVMAYPEMLAAAA"
f6c4be53fba3a5a7e920da93fcc9a295,"DRA*01:01,DRB1*15:03",MSFVMAYPEMLAAAA,False,5.801859138280123,8.472394943237305,"DRA*01:01,DRB1*15:03:MSFVMAYPEMLAAAA"
ece4b9a67c4e8809c2b09ae212ef2fbc,"DRA*01:01,DRB1*15:03",MSFVMAYPEMLAAAA,False,6.420942465422534,12.20528602600098,"DRA*01:01,DRB1*15:03:MSFVMAYPEMLAAAA"
f3e97ddad5c963ff098f8fdbc83d0c82,"DRA*01:01,DRB1*15:03",MSFVMAYPEMLAAAA,False,6.858249065455269,17.07604217529297,"DRA*01:01,DRB1*15:03:MSFVMAYPEMLAAAA"
55805e94687981d2e1adcc4e825ac10c,"DRA*01:01,DRB1*15:03",MSFVMAYPEMLAAAA,False,6.892730975279672,15.29928779602051,"DRA*01:01,DRB1*15:03:MSFVMAYPEMLAAAA"
e21f9cd560093a9f200ba871316e4e7c,"DRA*01:01,DRB1*15:03",MSFVMAYPEMLAAAA,False,7.638057011956401,15.54994106292725,"DRA*01:01,DRB1*15:03:MSFVMAYPEMLAAAA"
197a2fb70a48cb18ea967b6817a82db8,"DRA*01:01,DRB1*15:03",MSFVMAYPEMLAAAA,False,6.025092813690648,8.960800170898438,"DRA*01:01,DRB1*15:03:MSFVMAYPEMLAAAA"
678f40908497abb14af62bd32ce30e62,"DRA*01:01,DRB1*15:03",MSFVMAYPEMLAAAA,False,7.969808813231403,9.71082878112793,"DRA*01:01,DRB1*15:03:MSFVMAYPEMLAAAA"
f55d18e6dbaae5dc659663f19dc40089,"DRA*01:01,DRB1*15:03",MSFVMAYPEMLAAAA,False,6.526484609351439,8.777486801147461,"DRA*01:01,DRB1*15:03:MSFVMAYPEMLAAAA"
b0dea456398b7df1005dfaa3266e23df,"DRA*01:01,DRB1*15:03",MSFVMAYPEMLAAAA,False,8.752081988512511,19.02533340454102,"DRA*01:01,DRB1*15:03:MSFVMAYPEMLAAAA"
6a104b16356a1f2440156a8c30637d67,"DRA*01:01,DRB1*15:03",MSFVMAYPEMLAAAA,False,6.375558033724586,17.9385814666748,"DRA*01:01,DRB1*15:03:MSFVMAYPEMLAAAA"
e61f5e818dc70ede397526616ac093cc,"DRA*01:01,DRB1*15:03",MSFVMAYPEMLAAAA,False,7.535410317913737,8.333282470703125,"DRA*01:01,DRB1*15:03:MSFVMAYPEMLAAAA"
a432a46adad21677cafe0fdb4a5f1754,"DRA*01:01,DRB1*15:03",MSFVMAYPEMLAAAA,False,6.79506484995948,13.77133369445801,"DRA*01:01,DRB1*15:03:MSFVMAYPEMLAAAA"
62fff8eb7323feb8b05327a2a9b990cf,"DRA*01:01,DRB1*15:03",MSFVMAYPEMLAAAA,False,5.051384815060291,9.885583877563477,"DRA*01:01,DRB1*15:03:MSFVMAYPEMLAAAA"
f7faf3ac72af92c713c1181ad95a3cc9,"DRA*01:01,DRB1*15:03",MSFVMAYPEMLAAAA,False,6.91743772655779,13.6950626373291,"DRA*01:01,DRB1*15:03:MSFVMAYPEMLAAAA"
94fe9e959e48282040177b3aa7d7cc62,"DRA*01:01,DRB1*15:03",MSFVMAYPEMLAAAA,False,6.116082795704112,11.94400024414062,"DRA*01:01,DRB1*15:03:MSFVMAYPEMLAAAA"
2ee2266fc6b4fdd65b778336bdec9d12,"DRA*01:01,DRB1*15:03",MSFVMAYPEMLAAAA,False,8.843977521676303,12.77969932556152,"DRA*01:01,DRB1*15:03:MSFVMAYPEMLAAAA"
ce8f6573d53e6d45e93a5d7d28b7d6f6,"DRA*01:01,DRB1*15:03",MSFVMAYPEMLAAAA,False,6.807189259626677,21.08645248413086,"DRA*01:01,DRB1*15:03:MSFVMAYPEMLAAAA"
f7909179b396892bc1656590dade0c46,"DRA*01:01,DRB1*15:03",MSFVMAYPEMLAAAA,False,5.863591087565703,7.98144006729126,"DRA*01:01,DRB1*15:03:MSFVMAYPEMLAAAA"
d085f7f5ef642a5b9f5080244c449c5d,"DRA*01:01,DRB1*15:03",MSFVMAYPEMLAAAA,False,6.941575302095974,18.54804801940918,"DRA*01:01,DRB1*15:03:MSFVMAYPEMLAAAA"
5acb1e016174ac884d94d1d8dc77312c,"DRA*01:01,DRB1*15:03",MSFVMAYPEMLAAAA,False,5.12799761630526,8.738484382629395,"DRA*01:01,DRB1*15:03:MSFVMAYPEMLAAAA"
f8601f245665959b6232057481c2c955,"DRA*01:01,DRB1*15:03",MSFVMAYPEMLAAAA,False,6.190846030256638,8.444311141967773,"DRA*01:01,DRB1*15:03:MSFVMAYPEMLAAAA"
e016795c96d06361f5f1fb83bb117361,"DRA*01:01,DRB1*15:03",MSFVMAYPEMLAAAA,False,6.617317422149736,15.77916049957275,"DRA*01:01,DRB1*15:03:MSFVMAYPEMLAAAA"
00695dbfa8fb2f6aa959a903eb19b55e,"DRA*01:01,DRB1*15:03",MSFVMAYPEMLAAAA,False,5.695097731842714,22.8569393157959,"DRA*01:01,DRB1*15:03:MSFVMAYPEMLAAAA"
e61707b5119167d918ff523768dd0f04,"DRA*01:01,DRB1*15:03",MSFVMAYPEMLAAAA,False,6.573071272263575,16.29427528381348,"DRA*01:01,DRB1*15:03:MSFVMAYPEMLAAAA"
180fcf89e070a9917acb857324c50e29,"DRA*01:01,DRB1*15:03",MSFVMAYPEMLAAAA,False,7.685618706957787,8.439230918884277,"DRA*01:01,DRB1*15:03:MSFVMAYPEMLAAAA"
c69f31cd9a12c893d653116237923336,"DRA*01:01,DRB1*15:03",MSFVMAYPEMLAAAA,False,6.601986217437267,11.98074436187744,"DRA*01:01,DRB1*15:03:MSFVMAYPEMLAAAA"
8f9a339a28a08cad3410eda47502e3f9,"DRA*01:01,DRB1*15:03",MSFVMAYPEMLAAAA,False,5.942884301131262,19.1003646850586,"DRA*01:01,DRB1*15:03:MSFVMAYPEMLAAAA"
c0794b78e491a8264b8092d838b3fd59,"DRA*01:01,DRB1*15:03",MSFVMAYPEMLAAAA,False,7.622099962472977,14.29507541656494,"DRA*01:01,DRB1*15:03:MSFVMAYPEMLAAAA"
06d7eb1f830098961a3ccbadf69c5412,"DRA*01:01,DRB1*15:03",MSFVMAYPEMLAAAA,False,5.97271505975897,9.29875946044922,"DRA*01:01,DRB1*15:03:MSFVMAYPEMLAAAA"
c0d474cf053f23ff8d2b5a7401e7ed5e,"DRA*01:01,DRB1*15:03",MSFVMAYPEMLAAAA,False,6.669050086472416,10.29841423034668,"DRA*01:01,DRB1*15:03:MSFVMAYPEMLAAAA"
6c2b917fde4fe4939fc9844ce97073fe,"DRA*01:01,DRB1*15:03",MSFVMAYPEMLAAAA,False,6.243467496923598,7.026888370513916,"DRA*01:01,DRB1*15:03:MSFVMAYPEMLAAAA"
e218be9f13a4d082b4f972eda4e2229d,"DRA*01:01,DRB1*15:03",MSFVMAYPEMLAAAA,False,5.978022823467889,9.446967124938965,"DRA*01:01,DRB1*15:03:MSFVMAYPEMLAAAA"
7e2ff10e7eecc5fcc7bc568c491e8360,"DRA*01:01,DRB1*15:03",MSFVMAYPEMLAAAA,False,7.684296127686058,8.414666175842285,"DRA*01:01,DRB1*15:03:MSFVMAYPEMLAAAA"
e9a547709c3eab13636eca6e7b818704,"DRA*01:01,DRB1*15:03",MSFVMAYPEMLAAAA,False,6.761431225107498,17.29526710510254,"DRA*01:01,DRB1*15:03:MSFVMAYPEMLAAAA"
f5175abe2dccf5b8f8da467303e5d831,"DRA*01:01,DRB1*15:03",MSFVMAYPEMLAAAA,False,7.372273340995056,11.87131309509277,"DRA*01:01,DRB1*15:03:MSFVMAYPEMLAAAA"
1ce224032da0d9f302dbfb4ae1dcdd2d,"DRA*01:01,DRB1*15:03",MSFVMAYPEMLAAAA,False,5.945425588030274,10.83590984344482,"DRA*01:01,DRB1*15:03:MSFVMAYPEMLAAAA"
34ebd8af2e0f0f93199db4a8f5f42b70,"DRA*01:01,DRB5*01:01",QAAVVRFQEAANKQK,False,6.776176868032675,7.275419235229492,"DRA*01:01,DRB5*01:01:QAAVVRFQEAANKQK"
0dc25c7464184657224aebc41f2b5bb8,"DRA*01:01,DRB5*01:01",QAAVVRFQEAANKQK,False,6.63802697167677,9.15162467956543,"DRA*01:01,DRB5*01:01:QAAVVRFQEAANKQK"
d4c5382ae89cd2f5ddae4185647ca614,"DRA*01:01,DRB5*01:01",QAAVVRFQEAANKQK,False,6.129117256766334,7.976765155792236,"DRA*01:01,DRB5*01:01:QAAVVRFQEAANKQK"
2fdcf3a606af0a7cea1ea50ae29d4ebd,"DRA*01:01,DRB5*01:01",QAAVVRFQEAANKQK,False,6.696458295513602,7.553744316101074,"DRA*01:01,DRB5*01:01:QAAVVRFQEAANKQK"
8981da440ccd8df01adc33ae896598df,"DRA*01:01,DRB5*01:01",QAAVVRFQEAANKQK,False,5.937553845831296,8.75344181060791,"DRA*01:01,DRB5*01:01:QAAVVRFQEAANKQK"
53c0139fa110774ccc87cefa5412b5ff,"DRA*01:01,DRB5*01:01",QAAVVRFQEAANKQK,False,6.833001640064264,11.4842529296875,"DRA*01:01,DRB5*01:01:QAAVVRFQEAANKQK"
a162e04a921973dd92f02acc451ae6c6,"DRA*01:01,DRB5*01:01",QAAVVRFQEAANKQK,False,5.929800593127161,16.44193458557129,"DRA*01:01,DRB5*01:01:QAAVVRFQEAANKQK"
1aeefa0a10ca15f242082f9cb3689ff0,"DRA*01:01,DRB5*01:01",QAAVVRFQEAANKQK,False,6.082137762917942,15.12058353424072,"DRA*01:01,DRB5*01:01:QAAVVRFQEAANKQK"
af56dc0d22717e42ef897fc0bae79f32,"DRA*01:01,DRB5*01:01",QAAVVRFQEAANKQK,False,5.994275405223074,18.87621688842773,"DRA*01:01,DRB5*01:01:QAAVVRFQEAANKQK"
63360412f89042857630659ab6d381e8,"DRA*01:01,DRB5*01:01",QAAVVRFQEAANKQK,False,6.53461150733474,8.29565715789795,"DRA*01:01,DRB5*01:01:QAAVVRFQEAANKQK"
57d291a12bb8e36a2b1ba26ca83f4e6e,"DRA*01:01,DRB5*01:01",QAAVVRFQEAANKQK,False,5.675586596993839,13.96889495849609,"DRA*01:01,DRB5*01:01:QAAVVRFQEAANKQK"
e6814c89c34a79ece8f7057e14347edf,"DRA*01:01,DRB5*01:01",QAAVVRFQEAANKQK,False,6.406103561063546,10.85287380218506,"DRA*01:01,DRB5*01:01:QAAVVRFQEAANKQK"
bcd309a00c42136628499ae1bcb4f347,"DRA*01:01,DRB5*01:01",QAAVVRFQEAANKQK,False,7.117083330341414,10.22611808776856,"DRA*01:01,DRB5*01:01:QAAVVRFQEAANKQK"
4eecf4eea1db9ede7203dee1f49f49ad,"DRA*01:01,DRB5*01:01",QAAVVRFQEAANKQK,False,6.341072406634017,11.71512508392334,"DRA*01:01,DRB5*01:01:QAAVVRFQEAANKQK"
daf489a59d3e2eccabfcf859056c1839,"DRA*01:01,DRB5*01:01",QAAVVRFQEAANKQK,False,6.206139713565078,7.604918479919434,"DRA*01:01,DRB5*01:01:QAAVVRFQEAANKQK"
3e6fe1644aada312015f86e7da27f22e,"DRA*01:01,DRB5*01:01",QAAVVRFQEAANKQK,False,5.657014748402995,10.21150398254394,"DRA*01:01,DRB5*01:01:QAAVVRFQEAANKQK"
cf538f0d50e58eb0a4d80d4d1d76cc81,"DRA*01:01,DRB5*01:01",QAAVVRFQEAANKQK,False,7.954186164706361,16.91836547851562,"DRA*01:01,DRB5*01:01:QAAVVRFQEAANKQK"
52f0601fbbb4aebb38538e192684fa94,"DRA*01:01,DRB5*01:01",QAAVVRFQEAANKQK,False,6.996664558831625,7.681352138519287,"DRA*01:01,DRB5*01:01:QAAVVRFQEAANKQK"
e19684a00b37ee3dc28089da01ca59a2,"DRA*01:01,DRB5*01:01",QAAVVRFQEAANKQK,False,5.186002229825089,7.154479026794434,"DRA*01:01,DRB5*01:01:QAAVVRFQEAANKQK"
4c9a229b10321f014921446aa5f1e368,"DRA*01:01,DRB5*01:01",QAAVVRFQEAANKQK,False,5.849448059323956,7.092849731445312,"DRA*01:01,DRB5*01:01:QAAVVRFQEAANKQK"
53b2e7da8b63c4ea38e882f6f4f6c1ea,"DRA*01:01,DRB5*01:01",QAAVVRFQEAANKQK,False,7.135514908868244,7.68830680847168,"DRA*01:01,DRB5*01:01:QAAVVRFQEAANKQK"
bbe283d3930da28ad6700e9a79d60234,"DRA*01:01,DRB5*01:01",QAAVVRFQEAANKQK,False,5.891062080754643,8.114303588867188,"DRA*01:01,DRB5*01:01:QAAVVRFQEAANKQK"
7f24ceef6d5ae54b2b2f9ed0768de3cb,"DRA*01:01,DRB5*01:01",QAAVVRFQEAANKQK,False,5.811159765847021,15.41305446624756,"DRA*01:01,DRB5*01:01:QAAVVRFQEAANKQK"
edae87edef78aa7cff324bda6d2b665f,"DRA*01:01,DRB5*01:01",QAAVVRFQEAANKQK,False,7.220533584490403,7.599494934082031,"DRA*01:01,DRB5*01:01:QAAVVRFQEAANKQK"
8a234fdba1593c40e61967388283cfe3,"DRA*01:01,DRB5*01:01",QAAVVRFQEAANKQK,False,7.296440940738612,7.393287658691406,"DRA*01:01,DRB5*01:01:QAAVVRFQEAANKQK"
ee5bd78e5b2ea6081d63d2e5d979f0ec,"DRA*01:01,DRB5*01:01",QAAVVRFQEAANKQK,False,6.514454532959882,7.149311065673828,"DRA*01:01,DRB5*01:01:QAAVVRFQEAANKQK"
cd56eb24e16181307867ecb2f29167f2,"DRA*01:01,DRB5*01:01",QAAVVRFQEAANKQK,False,6.102883641753151,18.49221801757812,"DRA*01:01,DRB5*01:01:QAAVVRFQEAANKQK"
3305d32acc46f2f59489e2e934f94b13,"DRA*01:01,DRB5*01:01",QAAVVRFQEAANKQK,False,5.906159523655386,7.081026077270508,"DRA*01:01,DRB5*01:01:QAAVVRFQEAANKQK"
5d25e72670abdf94247c46e6e1996c26,"DRA*01:01,DRB5*01:01",QAAVVRFQEAANKQK,False,6.112914054972284,16.76179695129395,"DRA*01:01,DRB5*01:01:QAAVVRFQEAANKQK"
b8ba337505251abd751902c755f6bb6d,"DRA*01:01,DRB5*01:01",QAAVVRFQEAANKQK,False,5.919070397684927,8.093595504760742,"DRA*01:01,DRB5*01:01:QAAVVRFQEAANKQK"
cc5ca4c118f7d7c19b2df27de01c5bc2,"DRA*01:01,DRB5*01:01",QAAVVRFQEAANKQK,False,6.247107128536,7.017487049102783,"DRA*01:01,DRB5*01:01:QAAVVRFQEAANKQK"
9a264390925fe8d9867e36485855c6d7,"DRA*01:01,DRB5*01:01",QAAVVRFQEAANKQK,False,6.79285463219953,16.55155563354492,"DRA*01:01,DRB5*01:01:QAAVVRFQEAANKQK"
fb21f7a661b70342ba6411321b95d726,"DRA*01:01,DRB5*01:01",QAAVVRFQEAANKQK,False,6.247436406381992,13.83619117736816,"DRA*01:01,DRB5*01:01:QAAVVRFQEAANKQK"
bc85df5cc967e871b490fd202904a0f2,"DRA*01:01,DRB5*01:01",QAAVVRFQEAANKQK,False,6.342994598756539,14.70815277099609,"DRA*01:01,DRB5*01:01:QAAVVRFQEAANKQK"
8f079d92d10a33f9660a39eb3316b33b,"DRA*01:01,DRB5*01:01",QAAVVRFQEAANKQK,False,6.777538771028808,14.23734951019287,"DRA*01:01,DRB5*01:01:QAAVVRFQEAANKQK"
6215cd747a6cb7f298bb8a03e3cfb5d9,"DRA*01:01,DRB5*01:01",QAAVVRFQEAANKQK,False,5.92347484420204,11.42279243469238,"DRA*01:01,DRB5*01:01:QAAVVRFQEAANKQK"
8a7a021630a5504cf76203380f5402a9,"DRA*01:01,DRB5*01:01",QAAVVRFQEAANKQK,False,6.976160140091749,12.6345329284668,"DRA*01:01,DRB5*01:01:QAAVVRFQEAANKQK"
b09d81299e801c71cbc3509899196d42,"DRA*01:01,DRB5*01:01",QAAVVRFQEAANKQK,False,6.179334684795236,7.528585433959961,"DRA*01:01,DRB5*01:01:QAAVVRFQEAANKQK"
effb538b33be5d2901d585380e850d9a,"DRA*01:01,DRB5*01:01",QAAVVRFQEAANKQK,False,6.943061232356773,16.0814094543457,"DRA*01:01,DRB5*01:01:QAAVVRFQEAANKQK"
8ed7702264b900ac6db9d42ce73de918,"DRA*01:01,DRB5*01:01",QAAVVRFQEAANKQK,False,6.779371165798668,9.996429443359377,"DRA*01:01,DRB5*01:01:QAAVVRFQEAANKQK"
3350dac8d097e47cdba14cd137eb3f99,"DRA*01:01,DRB5*01:01",QAAVVRFQEAANKQK,False,6.061291524987207,16.29281044006348,"DRA*01:01,DRB5*01:01:QAAVVRFQEAANKQK"
f3d4d806c0ad910cc9a7604f8bb41dec,"DRA*01:01,DRB5*01:01",QAAVVRFQEAANKQK,False,7.172526941166706,7.735714912414551,"DRA*01:01,DRB5*01:01:QAAVVRFQEAANKQK"
b126b78f05585d83fad8e0a5da63af53,"DRA*01:01,DRB5*01:01",QAAVVRFQEAANKQK,False,7.471268022840552,6.48598051071167,"DRA*01:01,DRB5*01:01:QAAVVRFQEAANKQK"
f2f26d3ed39118ab1c728b832b7db6e5,"DRA*01:01,DRB5*01:01",QAAVVRFQEAANKQK,False,7.265735722231689,13.12493705749512,"DRA*01:01,DRB5*01:01:QAAVVRFQEAANKQK"
ca7c496017391ccb31205c3492f4eb5a,"DRA*01:01,DRB5*01:01",QAAVVRFQEAANKQK,False,5.955830572854624,6.994287967681885,"DRA*01:01,DRB5*01:01:QAAVVRFQEAANKQK"
d4e953a1a9f2a4a0f4015640457cb832,"DRA*01:01,DRB5*01:01",QAAVVRFQEAANKQK,False,6.082795971933838,8.895606994628906,"DRA*01:01,DRB5*01:01:QAAVVRFQEAANKQK"
7d9bd96cb90f16d888ea47c8625c1143,"DRA*01:01,DRB5*01:01",QAAVVRFQEAANKQK,False,6.664162198235007,7.286812305450439,"DRA*01:01,DRB5*01:01:QAAVVRFQEAANKQK"
a310e5be0fafe0fcc474f66f1226a468,"DRA*01:01,DRB5*01:01",QAAVVRFQEAANKQK,False,6.595947969466079,10.55385208129883,"DRA*01:01,DRB5*01:01:QAAVVRFQEAANKQK"
2d7667c3b8861cb1352e7613d7f0b77a,"DRA*01:01,DRB5*01:01",QAAVVRFQEAANKQK,False,5.694650332366719,6.592592716217041,"DRA*01:01,DRB5*01:01:QAAVVRFQEAANKQK"
02a63bad77d57be802054a8bacbd8a2b,"DRA*01:01,DRB5*01:01",QAAVVRFQEAANKQK,False,6.986773209010853,9.034375190734863,"DRA*01:01,DRB5*01:01:QAAVVRFQEAANKQK"
5e558e65db5b6270e0cfec8fbcabd3cd,"DRA*01:01,DRB5*01:01",QAAVVRFQEAANKQK,False,6.562322449734231,12.04327201843262,"DRA*01:01,DRB5*01:01:QAAVVRFQEAANKQK"
4ec55697825a7dfc66c3a0b038b29074,"DRA*01:01,DRB5*01:01",QAAVVRFQEAANKQK,False,5.559804507564096,7.716209411621094,"DRA*01:01,DRB5*01:01:QAAVVRFQEAANKQK"
0518a19e31e61437aceec9b74fcc96da,"DRA*01:01,DRB5*01:01",QAAVVRFQEAANKQK,False,7.090988215389385,7.653892040252685,"DRA*01:01,DRB5*01:01:QAAVVRFQEAANKQK"
6608098dcf46d53c0d20ced32e8d22a6,"DRA*01:01,DRB5*01:01",QAAVVRFQEAANKQK,False,7.2450976568405725,9.164042472839355,"DRA*01:01,DRB5*01:01:QAAVVRFQEAANKQK"
194ad44b3b2b7f6f0fb3fe6905d094ee,"DRA*01:01,DRB5*01:01",QAAVVRFQEAANKQK,False,6.474258237939422,9.578454971313477,"DRA*01:01,DRB5*01:01:QAAVVRFQEAANKQK"
cb22628b571620e18e8e8cefcb87f9a8,"DRA*01:01,DRB5*01:01",QAAVVRFQEAANKQK,False,6.532803956055446,17.83501243591309,"DRA*01:01,DRB5*01:01:QAAVVRFQEAANKQK"
16bf32e5072397b50b17f779f19d7453,"DRA*01:01,DRB5*01:01",QAAVVRFQEAANKQK,False,7.614776709291342,8.351418495178223,"DRA*01:01,DRB5*01:01:QAAVVRFQEAANKQK"
286549c3dd9dd0b5a7c8f352fb67ed93,"DRA*01:01,DRB5*01:01",QAAVVRFQEAANKQK,False,7.607992889974425,7.452419281005859,"DRA*01:01,DRB5*01:01:QAAVVRFQEAANKQK"
e2619c9ef82d17037b3846bf4ed01afc,"DRA*01:01,DRB5*01:01",QAAVVRFQEAANKQK,False,6.40280007441818,8.629426002502441,"DRA*01:01,DRB5*01:01:QAAVVRFQEAANKQK"
cc074b666b59e0a90be9a55b60935de2,"DRA*01:01,DRB5*01:01",QAAVVRFQEAANKQK,False,6.032266802991889,8.915021896362305,"DRA*01:01,DRB5*01:01:QAAVVRFQEAANKQK"
0191fd8d367aa3a5894f80146f343b25,"DRA*01:01,DRB5*01:01",QAAVVRFQEAANKQK,False,6.899178872096524,8.728611946105957,"DRA*01:01,DRB5*01:01:QAAVVRFQEAANKQK"
bc9339a3631c25ccefe8e6a9b8ef43b9,"DRA*01:01,DRB5*01:01",QAAVVRFQEAANKQK,False,5.940828634809291,7.854647636413574,"DRA*01:01,DRB5*01:01:QAAVVRFQEAANKQK"
c34114ae2dd83f36c9c19182b33da83c,"DRA*01:01,DRB5*01:01",QAAVVRFQEAANKQK,False,6.42031900107676,17.53418731689453,"DRA*01:01,DRB5*01:01:QAAVVRFQEAANKQK"
39533428587a879537d09274d178bb5a,"DRA*01:01,DRB5*01:01",QAAVVRFQEAANKQK,False,6.907931099813465,12.64584541320801,"DRA*01:01,DRB5*01:01:QAAVVRFQEAANKQK"
d9b22f21d9b64305cdc36efd03b72965,"DRA*01:01,DRB5*01:01",QAAVVRFQEAANKQK,False,6.068706207412464,17.81219291687012,"DRA*01:01,DRB5*01:01:QAAVVRFQEAANKQK"
2857e7e6749d2ab301b50904403f3141,"DRA*01:01,DRB5*01:01",QAAVVRFQEAANKQK,False,5.980091938349156,9.283041000366213,"DRA*01:01,DRB5*01:01:QAAVVRFQEAANKQK"
4cffa2c18f06f2f20a940950d426c809,"DRA*01:01,DRB5*01:01",QAAVVRFQEAANKQK,False,6.218271172873674,8.007760047912598,"DRA*01:01,DRB5*01:01:QAAVVRFQEAANKQK"
2accdb076efc762c54c9b0f6ac78218c,"DRA*01:01,DRB5*01:01",QAAVVRFQEAANKQK,False,6.1037536118210864,9.12593936920166,"DRA*01:01,DRB5*01:01:QAAVVRFQEAANKQK"
322623ab9e7b4cbc811aad2e6045d947,"DRA*01:01,DRB5*01:01",QAAVVRFQEAANKQK,False,6.218071298270954,9.445086479187012,"DRA*01:01,DRB5*01:01:QAAVVRFQEAANKQK"
b4dbdfc7afeae13491afa993e9ad2309,"DRA*01:01,DRB5*01:01",QAAVVRFQEAANKQK,False,6.658593528337796,14.78254318237305,"DRA*01:01,DRB5*01:01:QAAVVRFQEAANKQK"
c1841c6e5fb524db4c916b1b0655067c,"DRA*01:01,DRB5*01:01",QAAVVRFQEAANKQK,False,5.844981822515763,9.23891830444336,"DRA*01:01,DRB5*01:01:QAAVVRFQEAANKQK"
cd78138444868cdfeba9e8ce40b34def,"DRA*01:01,DRB5*01:01",QAAVVRFQEAANKQK,False,5.719754134844552,10.42942237854004,"DRA*01:01,DRB5*01:01:QAAVVRFQEAANKQK"
884be2f192c84756abc3bd499e2bc0b2,"DRA*01:01,DRB5*01:01",QAAVVRFQEAANKQK,False,7.085389316520271,10.48528957366943,"DRA*01:01,DRB5*01:01:QAAVVRFQEAANKQK"
59c9cf1f728f010bf172eb9dae8457b6,"DRA*01:01,DRB5*01:01",QAAVVRFQEAANKQK,False,6.519700598976223,13.7011547088623,"DRA*01:01,DRB5*01:01:QAAVVRFQEAANKQK"
2659fee77547b5f2b664a20bd7505a56,"DRA*01:01,DRB5*01:01",QAAVVRFQEAANKQK,False,6.061999085139605,10.60414600372314,"DRA*01:01,DRB5*01:01:QAAVVRFQEAANKQK"
8c45e02c373882c1365a9007320a66fb,"DRA*01:01,DRB5*01:01",QAAVVRFQEAANKQK,False,6.702438853107318,14.87884330749512,"DRA*01:01,DRB5*01:01:QAAVVRFQEAANKQK"
57b8e6ce7d06d6f9cedf983c29c3ce64,"DRA*01:01,DRB5*01:01",QAAVVRFQEAANKQK,False,7.799079996915016,13.04377174377441,"DRA*01:01,DRB5*01:01:QAAVVRFQEAANKQK"
5c3658ecfe66cd63604b0d2567330ab9,"DRA*01:01,DRB5*01:01",QAAVVRFQEAANKQK,False,6.391140974067944,8.575572967529297,"DRA*01:01,DRB5*01:01:QAAVVRFQEAANKQK"
d5bf5e99a8d935b5c2ba9801582bacb6,"DRA*01:01,DRB5*01:01",QAAVVRFQEAANKQK,False,6.420428937400867,7.721205711364746,"DRA*01:01,DRB5*01:01:QAAVVRFQEAANKQK"
c6edd05e72f53dabab5f9b60c12daf9f,"DRA*01:01,DRB5*01:01",QAAVVRFQEAANKQK,False,6.179228782709907,8.514961242675781,"DRA*01:01,DRB5*01:01:QAAVVRFQEAANKQK"
c6638d81812da7eec4ef260aff1fe93d,"DRA*01:01,DRB5*01:01",QAAVVRFQEAANKQK,False,5.390222406054009,19.75366592407227,"DRA*01:01,DRB5*01:01:QAAVVRFQEAANKQK"
6fe40c7f520bbf53ab70fd9211ad1206,"DRA*01:01,DRB5*01:01",QAAVVRFQEAANKQK,False,6.1326168698423045,7.658438205718994,"DRA*01:01,DRB5*01:01:QAAVVRFQEAANKQK"
a22df5b5938a28c3322056eac4ca750d,"DRA*01:01,DRB5*01:01",QAAVVRFQEAANKQK,False,6.555840380752788,11.82072925567627,"DRA*01:01,DRB5*01:01:QAAVVRFQEAANKQK"
a16a4f92401777698ab556d41501b47e,"DRA*01:01,DRB5*01:01",QAAVVRFQEAANKQK,False,7.158499996694505,7.373838424682617,"DRA*01:01,DRB5*01:01:QAAVVRFQEAANKQK"
db368146a5bd5466597e62cb5b3263c7,"DRA*01:01,DRB5*01:01",QAAVVRFQEAANKQK,False,7.080225488781428,8.715832710266113,"DRA*01:01,DRB5*01:01:QAAVVRFQEAANKQK"
d687b838901813487b6abe63627c704c,"DRA*01:01,DRB5*01:01",QAAVVRFQEAANKQK,False,7.627576948957506,12.95731067657471,"DRA*01:01,DRB5*01:01:QAAVVRFQEAANKQK"
c122f2f580699cc6a0f41ad366b19ba3,"DRA*01:01,DRB5*01:01",QAAVVRFQEAANKQK,False,7.493095803404806,14.13703441619873,"DRA*01:01,DRB5*01:01:QAAVVRFQEAANKQK"
3391ddc2936fa86d82a3e6bb085384a5,"DRA*01:01,DRB5*01:01",QAAVVRFQEAANKQK,False,7.126175123316459,7.594728469848633,"DRA*01:01,DRB5*01:01:QAAVVRFQEAANKQK"
234eacb10239add032d5fa7056e376d5,"DRA*01:01,DRB5*01:01",QAAVVRFQEAANKQK,False,6.308948495107539,15.57644271850586,"DRA*01:01,DRB5*01:01:QAAVVRFQEAANKQK"
109e0cbafc97e155054ad025f04e3b7c,"DRA*01:01,DRB5*01:01",QAAVVRFQEAANKQK,False,6.5731119583634765,7.10554313659668,"DRA*01:01,DRB5*01:01:QAAVVRFQEAANKQK"
49dc9a32740d81f912d1f9124812df66,"DRA*01:01,DRB5*01:01",QAAVVRFQEAANKQK,False,5.818368960401686,16.1002025604248,"DRA*01:01,DRB5*01:01:QAAVVRFQEAANKQK"
efeb61197712e126d2a7f1677976f968,"DRA*01:01,DRB5*01:01",QAAVVRFQEAANKQK,False,6.751288862088147,8.154869079589844,"DRA*01:01,DRB5*01:01:QAAVVRFQEAANKQK"
19c8907d8b6e7274c159efd45e8e15e6,"DRA*01:01,DRB5*01:01",QAAVVRFQEAANKQK,False,5.4665705153796855,13.5703239440918,"DRA*01:01,DRB5*01:01:QAAVVRFQEAANKQK"
0280ce8c3e96febe5df09160edfe810a,"DRA*01:01,DRB5*01:01",QAAVVRFQEAANKQK,False,5.970335273441178,6.485110759735107,"DRA*01:01,DRB5*01:01:QAAVVRFQEAANKQK"
f1b8ccb8912ef40366f7ddee2adfa2ed,"DRA*01:01,DRB5*01:01",QAAVVRFQEAANKQK,False,5.200419136496151,10.9394998550415,"DRA*01:01,DRB5*01:01:QAAVVRFQEAANKQK"
9836f9e40b752ac9e77808dba3c3f666,"DRA*01:01,DRB5*01:01",QAAVVRFQEAANKQK,False,5.865579200115542,8.529921531677246,"DRA*01:01,DRB5*01:01:QAAVVRFQEAANKQK"
62f90afadeec2e4906555506c44b7916,"DRA*01:01,DRB5*01:01",QAAVVRFQEAANKQK,False,6.138952540389805,7.330522537231445,"DRA*01:01,DRB5*01:01:QAAVVRFQEAANKQK"
a9f123abb2d7981692ad01bdb807690e,"DRA*01:01,DRB5*01:01",QAAVVRFQEAANKQK,False,6.54839812079354,9.578851699829102,"DRA*01:01,DRB5*01:01:QAAVVRFQEAANKQK"
8ef1325aacf121f28b2b17e15b25f687,"DRA*01:01,DRB5*01:01",QAAVVRFQEAANKQK,False,5.347257854658015,8.219889640808105,"DRA*01:01,DRB5*01:01:QAAVVRFQEAANKQK"
61cacbc999c753264b1693517ab75f6f,"DRA*01:01,DRB5*01:01",QAAVVRFQEAANKQK,False,6.554003303527832,16.39083290100098,"DRA*01:01,DRB5*01:01:QAAVVRFQEAANKQK"
5d1ad3df4dffe117e052e620c62f17c1,"DRA*01:01,DRB5*01:01",QAAVVRFQEAANKQK,False,5.98392296889249,8.387333869934082,"DRA*01:01,DRB5*01:01:QAAVVRFQEAANKQK"
cb157a3051705e6d726caf9905072185,"DRA*01:01,DRB5*01:01",QAAVVRFQEAANKQK,False,7.125848973836718,10.06268692016602,"DRA*01:01,DRB5*01:01:QAAVVRFQEAANKQK"
7d60f87309813db2d1a2c44a0ae356ca,"DRA*01:01,DRB5*01:01",QAAVVRFQEAANKQK,False,7.437511078049154,10.50082015991211,"DRA*01:01,DRB5*01:01:QAAVVRFQEAANKQK"
753a6687fd0d7c154a42577704dbf0b6,"DRA*01:01,DRB5*01:01",QAAVVRFQEAANKQK,False,6.231038947961979,10.97817420959473,"DRA*01:01,DRB5*01:01:QAAVVRFQEAANKQK"
9e9b8b8410ada678b3118cb5a0a643f0,"DRA*01:01,DRB5*01:01",QAAVVRFQEAANKQK,False,5.798195625489823,6.623610973358154,"DRA*01:01,DRB5*01:01:QAAVVRFQEAANKQK"
d80556e5e17d77eb27b7889dffd5067e,"DRA*01:01,DRB5*01:01",QAAVVRFQEAANKQK,False,7.36673114537583,7.54506254196167,"DRA*01:01,DRB5*01:01:QAAVVRFQEAANKQK"
a7186ddd1b2b2355523598d47b4cc825,"DRA*01:01,DRB5*01:01",QAAVVRFQEAANKQK,False,7.308799409589614,8.226173400878906,"DRA*01:01,DRB5*01:01:QAAVVRFQEAANKQK"
5c954d463dd4fd5223188554f18b9d89,"DRA*01:01,DRB5*01:01",QAAVVRFQEAANKQK,False,7.122999125368455,7.978593349456787,"DRA*01:01,DRB5*01:01:QAAVVRFQEAANKQK"
020baf896e97cdbc0cc24ca387a3039a,"DRA*01:01,DRB5*01:01",QAAVVRFQEAANKQK,False,6.727020694327956,10.41787528991699,"DRA*01:01,DRB5*01:01:QAAVVRFQEAANKQK"
c8295eff270a3591d758aa0335cf1fe1,"DRA*01:01,DRB5*01:01",QAAVVRFQEAANKQK,False,7.256721022549797,11.5949649810791,"DRA*01:01,DRB5*01:01:QAAVVRFQEAANKQK"
00e17384b5b77ef7dfbf3863268c4a62,"DRA*01:01,DRB5*01:01",QAAVVRFQEAANKQK,False,7.117577241707143,8.775566101074219,"DRA*01:01,DRB5*01:01:QAAVVRFQEAANKQK"
eee6e8d75cbdcbf375eeae73dcb7794b,"DRA*01:01,DRB5*01:01",QAAVVRFQEAANKQK,False,5.523574112406293,7.366157531738281,"DRA*01:01,DRB5*01:01:QAAVVRFQEAANKQK"
83b81b87e143bb95ab704a4d6eeed2be,"DRA*01:01,DRB5*01:01",QAAVVRFQEAANKQK,False,6.492752928575126,8.145116806030273,"DRA*01:01,DRB5*01:01:QAAVVRFQEAANKQK"
274e31f58639e6f2e2d846e85549f397,"DRA*01:01,DRB5*01:01",QAAVVRFQEAANKQK,False,6.142581048902039,8.441529273986816,"DRA*01:01,DRB5*01:01:QAAVVRFQEAANKQK"
a146d0940da616bf9223075644fe37f8,"DRA*01:01,DRB5*01:01",QAAVVRFQEAANKQK,False,6.3146956247079205,8.144466400146484,"DRA*01:01,DRB5*01:01:QAAVVRFQEAANKQK"
1585fd6a0e02dc2b3185bf90e8ef999a,"DRA*01:01,DRB5*01:01",QAAVVRFQEAANKQK,False,6.224496263943257,9.665200233459473,"DRA*01:01,DRB5*01:01:QAAVVRFQEAANKQK"
d1a79bb32869b382789a75484a8260fa,"DRA*01:01,DRB5*01:01",QAAVVRFQEAANKQK,False,6.55729420620336,7.473545551300049,"DRA*01:01,DRB5*01:01:QAAVVRFQEAANKQK"
4ba47d7be345981a35e71e4ae8afcc6d,"DRA*01:01,DRB5*01:01",QAAVVRFQEAANKQK,False,6.495414617426255,9.108450889587402,"DRA*01:01,DRB5*01:01:QAAVVRFQEAANKQK"
8bcd0245fcb668bd18ec73e71b5784ff,"DRA*01:01,DRB5*01:01",QAAVVRFQEAANKQK,False,6.775592500935582,11.22153472900391,"DRA*01:01,DRB5*01:01:QAAVVRFQEAANKQK"
6d0692e2f3c447ca2d679fb66e40ae14,"DRA*01:01,DRB5*01:01",QAAVVRFQEAANKQK,False,6.422662502176621,11.79427909851074,"DRA*01:01,DRB5*01:01:QAAVVRFQEAANKQK"
06952fb2325b8fe648ee0bc86498dfb3,"DRA*01:01,DRB5*01:01",QAAVVRFQEAANKQK,False,6.405763408593964,9.202569961547852,"DRA*01:01,DRB5*01:01:QAAVVRFQEAANKQK"
2f5a38d41756d296aa41481c363dfc94,"DRA*01:01,DRB5*01:01",QAAVVRFQEAANKQK,False,6.4455120901225,12.07703495025635,"DRA*01:01,DRB5*01:01:QAAVVRFQEAANKQK"
7798c63ff1967a00800721b39cfa3c98,"DRA*01:01,DRB5*01:01",QAAVVRFQEAANKQK,False,5.438762055912486,11.31006050109863,"DRA*01:01,DRB5*01:01:QAAVVRFQEAANKQK"
de4ca0f3d22893defc1d53dd7decc75e,"DRA*01:01,DRB5*01:01",QAAVVRFQEAANKQK,False,7.9774152852925475,13.31778526306152,"DRA*01:01,DRB5*01:01:QAAVVRFQEAANKQK"
ab0d4c0d11750c9d3c4368293933b4ff,"DRA*01:01,DRB5*01:01",QAAVVRFQEAANKQK,False,7.367346783375629,7.558115482330322,"DRA*01:01,DRB5*01:01:QAAVVRFQEAANKQK"
684a0c1030570d47840aba7d34523cb6,"DRA*01:01,DRB5*01:01",QAAVVRFQEAANKQK,False,6.534535337195677,8.190232276916504,"DRA*01:01,DRB5*01:01:QAAVVRFQEAANKQK"
e76e872c46bf1419fe6349396973d941,"DRA*01:01,DRB5*01:01",QAAVVRFQEAANKQK,False,6.319316586062009,7.478439331054687,"DRA*01:01,DRB5*01:01:QAAVVRFQEAANKQK"
2bb795e33da5de7a8cae105c89b62931,"DRA*01:01,DRB5*01:01",QAAVVRFQEAANKQK,False,5.657145506100512,7.199787616729736,"DRA*01:01,DRB5*01:01:QAAVVRFQEAANKQK"
8f9977c1b73ec7f45dd99aee26945fd3,"DRA*01:01,DRB5*01:01",QAAVVRFQEAANKQK,False,6.493833513210833,9.620200157165527,"DRA*01:01,DRB5*01:01:QAAVVRFQEAANKQK"
033f664fa4dabd20b0f405152f4e1b9d,"DRA*01:01,DRB5*01:01",QAAVVRFQEAANKQK,False,6.831343989452754,8.081862449645996,"DRA*01:01,DRB5*01:01:QAAVVRFQEAANKQK"
786724cff9d1e796f47206a9255124bf,"DRA*01:01,DRB5*01:01",QAAVVRFQEAANKQK,False,6.906196110808933,7.824414253234863,"DRA*01:01,DRB5*01:01:QAAVVRFQEAANKQK"
a7f4a9ec98385de7bb4344a9738abb44,"DRA*01:01,DRB5*01:01",QAAVVRFQEAANKQK,False,6.095982783452655,9.363579750061035,"DRA*01:01,DRB5*01:01:QAAVVRFQEAANKQK"
bd32b6187728c670c6f8486a95f8fcbb,"DRA*01:01,DRB5*01:01",QAAVVRFQEAANKQK,False,6.6832845182356495,11.64595603942871,"DRA*01:01,DRB5*01:01:QAAVVRFQEAANKQK"
5bfda946c6317aec12871b53ece41905,"DRA*01:01,DRB5*01:01",QAAVVRFQEAANKQK,False,6.3890060747371,8.70299243927002,"DRA*01:01,DRB5*01:01:QAAVVRFQEAANKQK"
f604bea5d3c3f610411140fa3e92542f,"DRA*01:01,DRB5*01:01",QAAVVRFQEAANKQK,False,6.120905003565199,23.44463348388672,"DRA*01:01,DRB5*01:01:QAAVVRFQEAANKQK"
2894c0afd5ed6272c523f519b74219ff,"DRA*01:01,DRB5*01:01",QAAVVRFQEAANKQK,False,6.651320176457734,14.08391761779785,"DRA*01:01,DRB5*01:01:QAAVVRFQEAANKQK"
e02531053e49a89fa8f2a46766abb6ff,"DRA*01:01,DRB5*01:01",QAAVVRFQEAANKQK,False,6.437903291664871,6.866247177124023,"DRA*01:01,DRB5*01:01:QAAVVRFQEAANKQK"
4f66a6a9573c1d48ec32e260060e5eda,"DRA*01:01,DRB5*01:01",QAAVVRFQEAANKQK,False,6.31115075601056,9.946367263793944,"DRA*01:01,DRB5*01:01:QAAVVRFQEAANKQK"
6318e3f5c0ac65fd7350188a29a71284,"DRA*01:01,DRB5*01:01",QAAVVRFQEAANKQK,False,8.18467196283603,9.483880996704102,"DRA*01:01,DRB5*01:01:QAAVVRFQEAANKQK"
eace8c961fb510fea0ac5b094dd03fcd,"DRA*01:01,DRB5*01:01",QAAVVRFQEAANKQK,False,6.7433583834348125,10.26077365875244,"DRA*01:01,DRB5*01:01:QAAVVRFQEAANKQK"
0ea9f33013b2c10eb5bf82c8fbf175ad,"DRA*01:01,DRB5*01:01",QAAVVRFQEAANKQK,False,7.296772951743182,8.110000610351562,"DRA*01:01,DRB5*01:01:QAAVVRFQEAANKQK"
ff2d93ebaa9eb54dc1e04bd7919559ad,"DRA*01:01,DRB5*01:01",QAAVVRFQEAANKQK,False,6.320399188294131,10.96018600463867,"DRA*01:01,DRB5*01:01:QAAVVRFQEAANKQK"
d6853db98eeb3e95276b66d6298c53e1,"DRA*01:01,DRB5*01:01",QAAVVRFQEAANKQK,False,5.809870989182416,7.643238544464111,"DRA*01:01,DRB5*01:01:QAAVVRFQEAANKQK"
9b175ef0407ba848c74468a4c0820c2e,"DRA*01:01,DRB5*01:01",QAAVVRFQEAANKQK,False,6.9049749044150674,10.12022876739502,"DRA*01:01,DRB5*01:01:QAAVVRFQEAANKQK"
79045eaadad57be9ed2ad2c332e4961a,"DRA*01:01,DRB5*01:01",QAAVVRFQEAANKQK,False,5.8132156259873335,6.878033638000488,"DRA*01:01,DRB5*01:01:QAAVVRFQEAANKQK"
8f770791e51b978c3f71249c99657beb,"DRA*01:01,DRB5*01:01",QAAVVRFQEAANKQK,False,6.584721755280214,23.94386482238769,"DRA*01:01,DRB5*01:01:QAAVVRFQEAANKQK"
51fb3e9094f2929256079c72414d67ca,"DRA*01:01,DRB5*01:01",QAAVVRFQEAANKQK,False,6.2764773368161775,16.41511726379395,"DRA*01:01,DRB5*01:01:QAAVVRFQEAANKQK"
6126288ce1ec0db373daa0580df7104e,"DRA*01:01,DRB5*01:01",QAAVVRFQEAANKQK,False,7.114706678052474,7.228216171264648,"DRA*01:01,DRB5*01:01:QAAVVRFQEAANKQK"
9b167f2efb1557858b239287d6eb9a4e,"DRA*01:01,DRB5*01:01",QAAVVRFQEAANKQK,False,6.470492938613006,7.373110771179199,"DRA*01:01,DRB5*01:01:QAAVVRFQEAANKQK"
cdd48c182cd500b658cdc1efc69692d9,"DRA*01:01,DRB5*01:01",QAAVVRFQEAANKQK,False,5.809806621093293,11.61447429656982,"DRA*01:01,DRB5*01:01:QAAVVRFQEAANKQK"
110774f17f6ec0cee2d7142ebf676302,"DRA*01:01,DRB5*01:01",QAAVVRFQEAANKQK,False,6.0098269482745845,12.81975841522217,"DRA*01:01,DRB5*01:01:QAAVVRFQEAANKQK"
fe7d0520ed8c38829408297bdf233767,"DRA*01:01,DRB5*01:01",QAAVVRFQEAANKQK,False,6.812121434190444,10.23208141326904,"DRA*01:01,DRB5*01:01:QAAVVRFQEAANKQK"
db74c5f9a0650a16a4300c5f31179434,"DRA*01:01,DRB5*01:01",QAAVVRFQEAANKQK,False,6.516715059480571,9.21260929107666,"DRA*01:01,DRB5*01:01:QAAVVRFQEAANKQK"
a6a25668e106671c992a5e9e5ec38c83,"DRA*01:01,DRB5*01:01",QAAVVRFQEAANKQK,False,5.601991948834439,6.754852294921875,"DRA*01:01,DRB5*01:01:QAAVVRFQEAANKQK"
693b801041a668761ca80ed69d219024,"DRA*01:01,DRB5*01:01",QAAVVRFQEAANKQK,False,6.330074217832092,7.728050231933594,"DRA*01:01,DRB5*01:01:QAAVVRFQEAANKQK"
4662fe26ff4b752edf9e6d2c08ae204b,"DRA*01:01,DRB5*01:01",QAAVVRFQEAANKQK,False,6.083343305023076,11.81920909881592,"DRA*01:01,DRB5*01:01:QAAVVRFQEAANKQK"
a1b57a4876b27827e85bc4f129a5b5b8,"DRA*01:01,DRB5*01:01",QAAVVRFQEAANKQK,False,5.844466089995011,7.752685070037842,"DRA*01:01,DRB5*01:01:QAAVVRFQEAANKQK"
414a28df9e2bf2f52647bada10171ea2,"DRA*01:01,DRB5*01:01",QAAVVRFQEAANKQK,False,8.4905822876637,15.3002290725708,"DRA*01:01,DRB5*01:01:QAAVVRFQEAANKQK"
ec85faf28c965c8239bd6746d4effd9b,"DRA*01:01,DRB5*01:01",QAAVVRFQEAANKQK,False,6.715145381020398,11.85479354858398,"DRA*01:01,DRB5*01:01:QAAVVRFQEAANKQK"
b30e6d875a8529a5b1b4c352ae2c63c2,"DRA*01:01,DRB5*01:01",QAAVVRFQEAANKQK,False,6.0695650254978855,10.78784656524658,"DRA*01:01,DRB5*01:01:QAAVVRFQEAANKQK"
fc2ab21f82c5e91ed33f38aca455d01f,"DRA*01:01,DRB5*01:01",QAAVVRFQEAANKQK,False,6.956013672388872,6.740782737731934,"DRA*01:01,DRB5*01:01:QAAVVRFQEAANKQK"
7b0f4ed597786a44f4c94c18d7cefb12,"DRA*01:01,DRB5*01:01",QAAVVRFQEAANKQK,False,5.873348134380429,7.682000160217285,"DRA*01:01,DRB5*01:01:QAAVVRFQEAANKQK"
f4d487389f43b7389793a317ea543e4b,"DRA*01:01,DRB1*11:01",HEANTMAMMARDTAE,False,7.455900510527804,13.83073997497559,"DRA*01:01,DRB1*11:01:HEANTMAMMARDTAE"
af5859c655a49a3b23879d98fd5837da,"DRA*01:01,DRB1*11:01",HEANTMAMMARDTAE,False,7.118080095053646,16.70858955383301,"DRA*01:01,DRB1*11:01:HEANTMAMMARDTAE"
b0875b73944c72cbd93aafee6b981eaa,"DRA*01:01,DRB1*11:01",HEANTMAMMARDTAE,False,6.927713926818969,12.25444507598877,"DRA*01:01,DRB1*11:01:HEANTMAMMARDTAE"
47691ada99d5dda6c306c8219b85828f,"DRA*01:01,DRB1*11:01",HEANTMAMMARDTAE,False,7.561116345510976,11.64880657196045,"DRA*01:01,DRB1*11:01:HEANTMAMMARDTAE"
c0aa4cbf38ca0de8c25d309afd1feb9b,"DRA*01:01,DRB1*11:01",HEANTMAMMARDTAE,False,6.310167639661435,10.23415565490723,"DRA*01:01,DRB1*11:01:HEANTMAMMARDTAE"
78a08640a1d06213623058492896eccb,"DRA*01:01,DRB1*11:01",HEANTMAMMARDTAE,False,6.034523518907461,11.21129894256592,"DRA*01:01,DRB1*11:01:HEANTMAMMARDTAE"
88f6eaa2c306c7cfa5ae2d94992087ee,"DRA*01:01,DRB1*11:01",HEANTMAMMARDTAE,False,5.604399273036582,10.6559534072876,"DRA*01:01,DRB1*11:01:HEANTMAMMARDTAE"
2e0491d37eab2d3e73518851ee0bebd8,"DRA*01:01,DRB1*11:01",HEANTMAMMARDTAE,False,7.812615782542355,13.54750919342041,"DRA*01:01,DRB1*11:01:HEANTMAMMARDTAE"
d8cbd9940008c16113f29d094a054b83,"DRA*01:01,DRB1*11:01",HEANTMAMMARDTAE,False,6.331020498060466,13.74919605255127,"DRA*01:01,DRB1*11:01:HEANTMAMMARDTAE"
3d705e67204c1d0352ea040556456669,"DRA*01:01,DRB1*11:01",HEANTMAMMARDTAE,False,6.393953777095072,19.16537284851075,"DRA*01:01,DRB1*11:01:HEANTMAMMARDTAE"
133d1bd3f0f4733b26177820e9a0c6cc,"DRA*01:01,DRB1*11:01",HEANTMAMMARDTAE,False,5.768135917869269,10.19792652130127,"DRA*01:01,DRB1*11:01:HEANTMAMMARDTAE"
58356512830b323c24d16c370d65ca09,"DRA*01:01,DRB1*11:01",HEANTMAMMARDTAE,False,6.153020190190868,14.62702751159668,"DRA*01:01,DRB1*11:01:HEANTMAMMARDTAE"
4d8576bb2b7deeece0b3540ee640b5c1,"DRA*01:01,DRB1*11:01",HEANTMAMMARDTAE,False,7.671488008720711,20.47942352294922,"DRA*01:01,DRB1*11:01:HEANTMAMMARDTAE"
e38c753a92565eed0bf3b1cf2cb22da7,"DRA*01:01,DRB1*11:01",HEANTMAMMARDTAE,False,7.589209280943247,11.60987281799316,"DRA*01:01,DRB1*11:01:HEANTMAMMARDTAE"
9390c7961c9797792abb97b69736942a,"DRA*01:01,DRB1*11:01",HEANTMAMMARDTAE,False,5.252156239397386,12.67276191711426,"DRA*01:01,DRB1*11:01:HEANTMAMMARDTAE"
62a841ce8ba37241c243c0b4d23de98c,"DRA*01:01,DRB1*11:01",HEANTMAMMARDTAE,False,8.359720119510124,14.27315139770508,"DRA*01:01,DRB1*11:01:HEANTMAMMARDTAE"
d8f70b9481f1f3f43d491d28d32f9c1d,"DRA*01:01,DRB1*11:01",HEANTMAMMARDTAE,False,6.532354183758007,12.90834712982178,"DRA*01:01,DRB1*11:01:HEANTMAMMARDTAE"
01333666e2fef1bc8fb0a79484a6fccc,"DRA*01:01,DRB1*11:01",HEANTMAMMARDTAE,False,6.461357145609624,13.7140007019043,"DRA*01:01,DRB1*11:01:HEANTMAMMARDTAE"
962894354727dd63a89921e43cc7d584,"DRA*01:01,DRB1*11:01",HEANTMAMMARDTAE,False,7.761911394223104,13.99511814117432,"DRA*01:01,DRB1*11:01:HEANTMAMMARDTAE"
2bb3c35060933fc71bfbc8aac04d5a1e,"DRA*01:01,DRB1*11:01",HEANTMAMMARDTAE,False,6.891889258960532,16.82505798339844,"DRA*01:01,DRB1*11:01:HEANTMAMMARDTAE"
69beba6b0c915b04ebc7fe4dba337b55,"DRA*01:01,DRB1*11:01",HEANTMAMMARDTAE,False,6.078543634784132,12.70797538757324,"DRA*01:01,DRB1*11:01:HEANTMAMMARDTAE"
e128b639dacd80ccaddf6a6c485cd4b4,"DRA*01:01,DRB1*11:01",HEANTMAMMARDTAE,False,5.555028799435299,14.10969257354736,"DRA*01:01,DRB1*11:01:HEANTMAMMARDTAE"
f426054df33639069a4ed88c0645c9f4,"DRA*01:01,DRB1*11:01",HEANTMAMMARDTAE,False,5.787613750824794,12.89861488342285,"DRA*01:01,DRB1*11:01:HEANTMAMMARDTAE"
7e28aec94b7ab5ea3d694fbd06ba286c,"DRA*01:01,DRB1*11:01",HEANTMAMMARDTAE,False,7.149249988767356,14.01271533966064,"DRA*01:01,DRB1*11:01:HEANTMAMMARDTAE"
43daee8155c3ca3bcfbae72b738e3571,"DRA*01:01,DRB1*11:01",HEANTMAMMARDTAE,False,6.4773841682602376,31.0,"DRA*01:01,DRB1*11:01:HEANTMAMMARDTAE"
ff61a49d56208c157f1235dfeac3bcdb,"DRA*01:01,DRB1*11:01",HEANTMAMMARDTAE,False,6.605114024244619,16.05409622192383,"DRA*01:01,DRB1*11:01:HEANTMAMMARDTAE"
34abf83f1d26a1011a295f553824a6ff,"DRA*01:01,DRB1*11:01",HEANTMAMMARDTAE,False,9.01050426191346,10.36509609222412,"DRA*01:01,DRB1*11:01:HEANTMAMMARDTAE"
a858013ccaf965ad64147b715a4dad7a,"DRA*01:01,DRB1*11:01",HEANTMAMMARDTAE,False,5.8678529538796615,12.61347103118896,"DRA*01:01,DRB1*11:01:HEANTMAMMARDTAE"
686c16d31272dde46153274bba90b1e4,"DRA*01:01,DRB1*11:01",HEANTMAMMARDTAE,False,7.801501256119728,12.08007621765137,"DRA*01:01,DRB1*11:01:HEANTMAMMARDTAE"
7da76ef98aac9eccd09ceb55c13f6966,"DRA*01:01,DRB1*11:01",HEANTMAMMARDTAE,False,7.552989560760674,14.50589656829834,"DRA*01:01,DRB1*11:01:HEANTMAMMARDTAE"
250be184a57eb4cdb790f57d0edecb71,"DRA*01:01,DRB1*11:01",HEANTMAMMARDTAE,False,7.492368581763293,12.03181266784668,"DRA*01:01,DRB1*11:01:HEANTMAMMARDTAE"
275fff3c33c90a1277bbbc5335812ef8,"DRA*01:01,DRB1*11:01",HEANTMAMMARDTAE,False,6.9859317111595,18.6802806854248,"DRA*01:01,DRB1*11:01:HEANTMAMMARDTAE"
a7bed9ff43adeceacc8ae026ea88baba,"DRA*01:01,DRB1*11:01",HEANTMAMMARDTAE,False,6.842060635220322,15.11997413635254,"DRA*01:01,DRB1*11:01:HEANTMAMMARDTAE"
7a731a5533beb9b34b43d180d330a7ad,"DRA*01:01,DRB1*11:01",HEANTMAMMARDTAE,False,7.592487051221787,14.09486293792725,"DRA*01:01,DRB1*11:01:HEANTMAMMARDTAE"
a3b84254d0979406e0227348166bb01a,"DRA*01:01,DRB1*11:01",HEANTMAMMARDTAE,False,7.723807771389301,13.60167694091797,"DRA*01:01,DRB1*11:01:HEANTMAMMARDTAE"
7ffe462b1aff8807d4fd04c13791e685,"DRA*01:01,DRB1*11:01",HEANTMAMMARDTAE,False,8.258019623944634,14.83303737640381,"DRA*01:01,DRB1*11:01:HEANTMAMMARDTAE"
5cf42d791366df7f844edde3ee1be015,"DRA*01:01,DRB1*11:01",HEANTMAMMARDTAE,False,7.177026670375444,11.69779300689697,"DRA*01:01,DRB1*11:01:HEANTMAMMARDTAE"
be5330a946fab7119a8ad25b2f6d72c2,"DRA*01:01,DRB1*11:01",HEANTMAMMARDTAE,False,6.477931305240182,12.7322826385498,"DRA*01:01,DRB1*11:01:HEANTMAMMARDTAE"
bffda619a3985252255e9a5b02a44dcd,"DRA*01:01,DRB1*11:01",HEANTMAMMARDTAE,False,7.356259251634788,15.11753940582275,"DRA*01:01,DRB1*11:01:HEANTMAMMARDTAE"
597981169cf974be4179311b8664d8c4,"DRA*01:01,DRB1*11:01",HEANTMAMMARDTAE,False,6.548977382625101,13.12340450286865,"DRA*01:01,DRB1*11:01:HEANTMAMMARDTAE"
d9c6f7b47c71663d4b914f714920e6e4,"DRA*01:01,DRB1*11:01",HEANTMAMMARDTAE,False,5.881878494799918,12.09211540222168,"DRA*01:01,DRB1*11:01:HEANTMAMMARDTAE"
8b991c6ae2eca579fd305cd42e0f28eb,"DRA*01:01,DRB1*11:01",HEANTMAMMARDTAE,False,7.6931522064651485,17.1839599609375,"DRA*01:01,DRB1*11:01:HEANTMAMMARDTAE"
1693d6d58e92636ba1c5e7e66eae0bf5,"DRA*01:01,DRB1*11:01",HEANTMAMMARDTAE,False,6.509825616437626,12.0038890838623,"DRA*01:01,DRB1*11:01:HEANTMAMMARDTAE"
1bdfd97cb2e60a1b4c96e57d7c5c6f96,"DRA*01:01,DRB1*11:01",HEANTMAMMARDTAE,False,5.820982930258376,12.48175239562988,"DRA*01:01,DRB1*11:01:HEANTMAMMARDTAE"
10d4cf91ae9e6ea504a936b3c17064cf,"DRA*01:01,DRB1*11:01",HEANTMAMMARDTAE,False,5.777872177703216,11.13994693756104,"DRA*01:01,DRB1*11:01:HEANTMAMMARDTAE"
c8d4af0e716e20f019a394e37d7afea2,"DRA*01:01,DRB1*11:01",HEANTMAMMARDTAE,False,7.73824874232797,17.06821441650391,"DRA*01:01,DRB1*11:01:HEANTMAMMARDTAE"
0e25d151e14bee7573246da69547a72d,"DRA*01:01,DRB1*11:01",HEANTMAMMARDTAE,False,6.648585436649683,10.14460468292236,"DRA*01:01,DRB1*11:01:HEANTMAMMARDTAE"
1e854c9344f981bde98edb7023c13d10,"DRA*01:01,DRB1*11:01",HEANTMAMMARDTAE,False,6.872885850560923,11.2192497253418,"DRA*01:01,DRB1*11:01:HEANTMAMMARDTAE"
013cc76bfcbe4a7c6f9d6663a9d7c934,"DRA*01:01,DRB1*11:01",HEANTMAMMARDTAE,False,7.967908439916723,13.78888893127441,"DRA*01:01,DRB1*11:01:HEANTMAMMARDTAE"
796ddf9cde15b1d2610a5d7998674e30,"DRA*01:01,DRB1*11:01",HEANTMAMMARDTAE,False,6.663008457945821,11.42770767211914,"DRA*01:01,DRB1*11:01:HEANTMAMMARDTAE"
8690f5bc916dcf105204548093fd384f,"DRA*01:01,DRB1*11:01",HEANTMAMMARDTAE,False,6.877969555925224,13.6344690322876,"DRA*01:01,DRB1*11:01:HEANTMAMMARDTAE"
a807faddd32b07a792641e2e4c1e72e2,"DRA*01:01,DRB1*11:01",HEANTMAMMARDTAE,False,8.368750937179872,13.82425212860107,"DRA*01:01,DRB1*11:01:HEANTMAMMARDTAE"
5c73b196180930887698293f14eb59df,"DRA*01:01,DRB1*11:01",HEANTMAMMARDTAE,False,5.958557474982588,16.3362865447998,"DRA*01:01,DRB1*11:01:HEANTMAMMARDTAE"
cb55d9523da2918d641fa86737c15917,"DRA*01:01,DRB1*11:01",HEANTMAMMARDTAE,False,5.831681605877253,13.18428993225098,"DRA*01:01,DRB1*11:01:HEANTMAMMARDTAE"
2f257d75eb72b178d56616cae7494175,"DRA*01:01,DRB1*11:01",HEANTMAMMARDTAE,False,6.274161437495205,15.7243595123291,"DRA*01:01,DRB1*11:01:HEANTMAMMARDTAE"
79430ba42bfc0e6d2e8e073c41fd20f3,"DRA*01:01,DRB1*11:01",HEANTMAMMARDTAE,False,7.161851937938762,14.88058280944824,"DRA*01:01,DRB1*11:01:HEANTMAMMARDTAE"
e934a5bfd4a5ee1da97a5c12ad0cab7e,"DRA*01:01,DRB1*11:01",HEANTMAMMARDTAE,False,6.317096316979059,10.7356128692627,"DRA*01:01,DRB1*11:01:HEANTMAMMARDTAE"
db151d1323a304739916324678849364,"DRA*01:01,DRB1*11:01",HEANTMAMMARDTAE,False,5.811141140283156,16.12775802612305,"DRA*01:01,DRB1*11:01:HEANTMAMMARDTAE"
d453e1123c1442debf97cc35c9fbf2f1,"DRA*01:01,DRB1*11:01",HEANTMAMMARDTAE,False,5.0648143242792365,11.42642879486084,"DRA*01:01,DRB1*11:01:HEANTMAMMARDTAE"
4081a1f71c4b74b717074782092c6c34,"DRA*01:01,DRB1*11:01",HEANTMAMMARDTAE,False,8.13462607753978,14.47042751312256,"DRA*01:01,DRB1*11:01:HEANTMAMMARDTAE"
fb63a3509eeb29a65f7c1859e4489526,"DRA*01:01,DRB1*11:01",HEANTMAMMARDTAE,False,7.082239350864594,11.31481266021728,"DRA*01:01,DRB1*11:01:HEANTMAMMARDTAE"
db79e273e6206260d60aa1911f19acbe,"DRA*01:01,DRB1*11:01",HEANTMAMMARDTAE,False,6.934005747078291,10.55221366882324,"DRA*01:01,DRB1*11:01:HEANTMAMMARDTAE"
6fbf7cdd9d7a4cfcd044a57b26c5d147,"DRA*01:01,DRB1*11:01",HEANTMAMMARDTAE,False,6.088878573948746,12.28327178955078,"DRA*01:01,DRB1*11:01:HEANTMAMMARDTAE"
8c1029e59086d7df4804019ae45110dd,"DRA*01:01,DRB1*11:01",HEANTMAMMARDTAE,False,5.761152444867527,13.09641456604004,"DRA*01:01,DRB1*11:01:HEANTMAMMARDTAE"
03756a5aba24f27ce554a8b24a9f31da,"DRA*01:01,DRB1*11:01",HEANTMAMMARDTAE,False,6.286645880867453,10.35752201080322,"DRA*01:01,DRB1*11:01:HEANTMAMMARDTAE"
2e9c26b86c8b164f50a6dfed3d1bcda6,"DRA*01:01,DRB1*11:01",HEANTMAMMARDTAE,False,6.247913746646806,19.39694595336914,"DRA*01:01,DRB1*11:01:HEANTMAMMARDTAE"
73f0ef31896193887dd97fc38dfc579a,"DRA*01:01,DRB1*11:01",HEANTMAMMARDTAE,False,5.995514387422896,13.79194831848144,"DRA*01:01,DRB1*11:01:HEANTMAMMARDTAE"
3f9278198eaea8185e579b9cfd347c65,"DRA*01:01,DRB1*11:01",HEANTMAMMARDTAE,False,6.673569143519682,10.13854598999023,"DRA*01:01,DRB1*11:01:HEANTMAMMARDTAE"
8c6f917c81331bce3f8947396454fb33,"DRA*01:01,DRB1*11:01",HEANTMAMMARDTAE,False,5.911372605887495,13.52155590057373,"DRA*01:01,DRB1*11:01:HEANTMAMMARDTAE"
a590d884ef03a151e7ff62f9f97a1682,"DRA*01:01,DRB1*11:01",HEANTMAMMARDTAE,False,7.338349175633947,14.95930767059326,"DRA*01:01,DRB1*11:01:HEANTMAMMARDTAE"
6c2ed3f60ee9d66a80d19f65f7a5dd48,"DRA*01:01,DRB1*11:01",HEANTMAMMARDTAE,False,6.098012020752558,14.21182727813721,"DRA*01:01,DRB1*11:01:HEANTMAMMARDTAE"
bd68d5b52885edfe46241cdb614ceaac,"DRA*01:01,DRB1*11:01",HEANTMAMMARDTAE,False,6.537355172867868,11.77969741821289,"DRA*01:01,DRB1*11:01:HEANTMAMMARDTAE"
ad9096f8a49f3a9e18cf961c3762d9e3,"DRA*01:01,DRB1*11:01",HEANTMAMMARDTAE,False,8.641471498669485,10.80981636047363,"DRA*01:01,DRB1*11:01:HEANTMAMMARDTAE"
fea29d4c5b24232dec5bf2472b29301e,"DRA*01:01,DRB1*11:01",HEANTMAMMARDTAE,False,6.918929696441407,14.69578647613525,"DRA*01:01,DRB1*11:01:HEANTMAMMARDTAE"
ea4d0fa197e1d70bc25d2c5d0a4e5a10,"DRA*01:01,DRB1*11:01",HEANTMAMMARDTAE,False,6.517465627545653,11.56274795532227,"DRA*01:01,DRB1*11:01:HEANTMAMMARDTAE"
819e38f4a9546ee09096115e9ccff6e1,"DRA*01:01,DRB1*11:01",HEANTMAMMARDTAE,False,4.978594361840426,13.67820262908936,"DRA*01:01,DRB1*11:01:HEANTMAMMARDTAE"
fa403a64d4bf274c36d051975d5ce8d4,"DRA*01:01,DRB1*11:01",HEANTMAMMARDTAE,False,6.274419080509859,14.30545234680176,"DRA*01:01,DRB1*11:01:HEANTMAMMARDTAE"
3a27797895be05706de9a8d507027fa2,"DRA*01:01,DRB1*11:01",HEANTMAMMARDTAE,False,6.270414440772113,13.47202777862549,"DRA*01:01,DRB1*11:01:HEANTMAMMARDTAE"
144827352f413d38e1a9e041e385d313,"DRA*01:01,DRB1*11:01",HEANTMAMMARDTAE,False,7.481653036532884,21.20558357238769,"DRA*01:01,DRB1*11:01:HEANTMAMMARDTAE"
48b829f0ae56c176d30d49918d7c50b3,"DRA*01:01,DRB1*11:01",HEANTMAMMARDTAE,False,6.357864719070446,12.73802280426025,"DRA*01:01,DRB1*11:01:HEANTMAMMARDTAE"
3159951955cf853efdf46ed914da1c50,"DRA*01:01,DRB1*11:01",HEANTMAMMARDTAE,False,7.124995719268823,16.30183410644531,"DRA*01:01,DRB1*11:01:HEANTMAMMARDTAE"
eddad94b1cf1cc21569608e39f61362b,"DRA*01:01,DRB1*11:01",HEANTMAMMARDTAE,False,7.773884476581117,14.59244537353516,"DRA*01:01,DRB1*11:01:HEANTMAMMARDTAE"
b9a2a75be7bb9242e726726260aa4d2a,"DRA*01:01,DRB1*11:01",HEANTMAMMARDTAE,False,7.28998484620048,15.65213680267334,"DRA*01:01,DRB1*11:01:HEANTMAMMARDTAE"
b30d9b0fdb6fa4e1249082ad89f23451,"DRA*01:01,DRB1*11:01",HEANTMAMMARDTAE,False,6.333495105552573,9.012118339538574,"DRA*01:01,DRB1*11:01:HEANTMAMMARDTAE"
f08e8b2a28b16dd08882337cd05b1d95,"DRA*01:01,DRB1*11:01",HEANTMAMMARDTAE,False,6.01895751322017,12.80477046966553,"DRA*01:01,DRB1*11:01:HEANTMAMMARDTAE"
092bf921eb585db7c6b1714a4200a715,"DRA*01:01,DRB1*11:01",HEANTMAMMARDTAE,False,7.181002671478621,10.13233375549316,"DRA*01:01,DRB1*11:01:HEANTMAMMARDTAE"
864fb5fc63e8f3d9eb80e2b6d403a5e8,"DRA*01:01,DRB1*11:01",HEANTMAMMARDTAE,False,7.544058419526124,14.18511199951172,"DRA*01:01,DRB1*11:01:HEANTMAMMARDTAE"
70f8ff31e3aeb67c55f363286940bdd2,"DRA*01:01,DRB1*11:01",HEANTMAMMARDTAE,False,8.125241708155313,13.71705436706543,"DRA*01:01,DRB1*11:01:HEANTMAMMARDTAE"
9be9974d9b0d2b0a66acb25f4238a08d,"DRA*01:01,DRB1*11:01",HEANTMAMMARDTAE,False,6.303863858115642,15.17354679107666,"DRA*01:01,DRB1*11:01:HEANTMAMMARDTAE"
7b4544b820c009c5ea2dfbbd0f9930d5,"DRA*01:01,DRB1*11:01",HEANTMAMMARDTAE,False,8.306554429671344,14.05659198760986,"DRA*01:01,DRB1*11:01:HEANTMAMMARDTAE"
fb2006d301e02b95d8b198f073919d03,"DRA*01:01,DRB1*11:01",HEANTMAMMARDTAE,False,5.902013579837415,12.11091995239258,"DRA*01:01,DRB1*11:01:HEANTMAMMARDTAE"
aa4447f344eadadc95737eda6f5e72ee,"DRA*01:01,DRB1*11:01",HEANTMAMMARDTAE,False,6.964476289468653,13.27269744873047,"DRA*01:01,DRB1*11:01:HEANTMAMMARDTAE"
94b003e8b9b68c1548aaf9ed6b9f2111,"DRA*01:01,DRB1*11:01",HEANTMAMMARDTAE,False,6.404414029523152,13.09792613983154,"DRA*01:01,DRB1*11:01:HEANTMAMMARDTAE"
71e9bda0b314020bf4d3ad21d57aaeb1,"DRA*01:01,DRB1*11:01",HEANTMAMMARDTAE,False,7.450943681638283,13.26935577392578,"DRA*01:01,DRB1*11:01:HEANTMAMMARDTAE"
7c66b78807207d8e594e89f880e5a7e3,"DRA*01:01,DRB1*11:01",HEANTMAMMARDTAE,False,7.330233384816985,13.39511108398438,"DRA*01:01,DRB1*11:01:HEANTMAMMARDTAE"
15e59f4078faed05016aea73c9c777bd,"DRA*01:01,DRB1*11:01",HEANTMAMMARDTAE,False,7.18027365021089,12.7975902557373,"DRA*01:01,DRB1*11:01:HEANTMAMMARDTAE"
e8ff36da77949edf016a066f006d07e1,"DRA*01:01,DRB1*11:01",HEANTMAMMARDTAE,False,5.926863267935959,14.18121528625488,"DRA*01:01,DRB1*11:01:HEANTMAMMARDTAE"
b87a653f50b9032f3170ede11c655967,"DRA*01:01,DRB1*11:01",HEANTMAMMARDTAE,False,6.556019365086275,13.8994836807251,"DRA*01:01,DRB1*11:01:HEANTMAMMARDTAE"
cfa5f446dca9adf68962043be51274b3,"DRA*01:01,DRB1*11:01",HEANTMAMMARDTAE,False,7.290535625718532,12.22107124328613,"DRA*01:01,DRB1*11:01:HEANTMAMMARDTAE"
3849c10becd73d4475edbd7c3bfae5b1,"DRA*01:01,DRB1*11:01",HEANTMAMMARDTAE,False,6.188162894761166,11.67574405670166,"DRA*01:01,DRB1*11:01:HEANTMAMMARDTAE"
a3fa08dccee640fc30d5e8dcba2add40,"DRA*01:01,DRB1*11:01",HEANTMAMMARDTAE,False,6.651871178602901,12.9306173324585,"DRA*01:01,DRB1*11:01:HEANTMAMMARDTAE"
8a87ca0a0a82e24849a3742cc94ab041,"DRA*01:01,DRB1*11:01",HEANTMAMMARDTAE,False,6.987918374229383,11.88275909423828,"DRA*01:01,DRB1*11:01:HEANTMAMMARDTAE"
042627e7663c8075d48643a1cbada86d,"DRA*01:01,DRB1*11:01",HEANTMAMMARDTAE,False,6.471164138603698,15.26662445068359,"DRA*01:01,DRB1*11:01:HEANTMAMMARDTAE"
8cc0e8dc0b448ba0330c212f81a765d9,"DRA*01:01,DRB1*11:01",HEANTMAMMARDTAE,False,6.542542521374145,10.55451011657715,"DRA*01:01,DRB1*11:01:HEANTMAMMARDTAE"
03bf60ed221efba8c8be384e056a997e,"DRA*01:01,DRB1*11:01",HEANTMAMMARDTAE,False,6.370931282234645,14.26969146728516,"DRA*01:01,DRB1*11:01:HEANTMAMMARDTAE"
1cb7763fe2ee7d6c5c4b39936c58e0f9,"DRA*01:01,DRB1*11:01",HEANTMAMMARDTAE,False,5.575247992191439,10.17741680145264,"DRA*01:01,DRB1*11:01:HEANTMAMMARDTAE"
cb1a84e74a7f2f4e15dfbdf3ae03b1af,"DRA*01:01,DRB1*11:01",HEANTMAMMARDTAE,False,6.619730655033065,12.4330940246582,"DRA*01:01,DRB1*11:01:HEANTMAMMARDTAE"
79e97685a17e829a9d90b3f05164187d,"DRA*01:01,DRB1*11:01",HEANTMAMMARDTAE,False,7.960882682026183,17.63362121582031,"DRA*01:01,DRB1*11:01:HEANTMAMMARDTAE"
e08e594b3833d6f662d1ecfe6359319f,"DRA*01:01,DRB1*11:01",HEANTMAMMARDTAE,False,6.711142967027777,12.29945850372314,"DRA*01:01,DRB1*11:01:HEANTMAMMARDTAE"
76fe9eebfd57d2f3c9338c2f8efe229c,"DRA*01:01,DRB1*11:01",HEANTMAMMARDTAE,False,6.644320145473415,10.44509410858154,"DRA*01:01,DRB1*11:01:HEANTMAMMARDTAE"
2f8f83eb987c14e438085a527d26b96d,"DRA*01:01,DRB1*11:01",HEANTMAMMARDTAE,False,6.606071059211713,15.46741199493408,"DRA*01:01,DRB1*11:01:HEANTMAMMARDTAE"
5edd18fd880d7f23580f77d86f493bc3,"DRA*01:01,DRB1*11:01",HEANTMAMMARDTAE,False,6.989958408233404,13.75313091278076,"DRA*01:01,DRB1*11:01:HEANTMAMMARDTAE"
1d376e1d88a90a6e6ea01aeb422483ba,"DRA*01:01,DRB1*11:01",HEANTMAMMARDTAE,False,8.709855982639718,14.05371856689453,"DRA*01:01,DRB1*11:01:HEANTMAMMARDTAE"
f22ab049336e701c9875e8a2ef662201,"DRA*01:01,DRB1*11:01",HEANTMAMMARDTAE,False,7.188098299115804,8.050267219543457,"DRA*01:01,DRB1*11:01:HEANTMAMMARDTAE"
7f6512ca8ef0e42e0b1a8c701018920c,"DRA*01:01,DRB1*11:01",HEANTMAMMARDTAE,False,6.4505120102097,17.68130302429199,"DRA*01:01,DRB1*11:01:HEANTMAMMARDTAE"
d636f8e5285f82dd573709d0eb978a97,"DRA*01:01,DRB1*11:01",HEANTMAMMARDTAE,False,6.842392876329067,13.23891258239746,"DRA*01:01,DRB1*11:01:HEANTMAMMARDTAE"
23f757599d37373dba9c6a05b36f5cd1,"DRA*01:01,DRB1*11:01",HEANTMAMMARDTAE,False,8.253593298749582,12.98307514190674,"DRA*01:01,DRB1*11:01:HEANTMAMMARDTAE"
8435233ee77de15047571d7b408a50b0,"DRA*01:01,DRB1*11:01",HEANTMAMMARDTAE,False,7.008437807499686,12.88783359527588,"DRA*01:01,DRB1*11:01:HEANTMAMMARDTAE"
cc5889d6721dab3fdf7c7fbba0c2b9bb,"DRA*01:01,DRB1*11:01",HEANTMAMMARDTAE,False,7.771622200273102,13.30909633636475,"DRA*01:01,DRB1*11:01:HEANTMAMMARDTAE"
62f45b394e555bc83d8978d386a765b8,"DRA*01:01,DRB1*11:01",HEANTMAMMARDTAE,False,6.85988464602451,12.86910533905029,"DRA*01:01,DRB1*11:01:HEANTMAMMARDTAE"
2cdfdd01ae5008502e3854dbb8818033,"DRA*01:01,DRB1*11:01",HEANTMAMMARDTAE,False,7.542253461248983,14.34871006011963,"DRA*01:01,DRB1*11:01:HEANTMAMMARDTAE"
a0a9e32c6e88747b919a4e538637e9a3,"DRA*01:01,DRB1*11:01",HEANTMAMMARDTAE,False,8.229308361264954,14.09141445159912,"DRA*01:01,DRB1*11:01:HEANTMAMMARDTAE"
e7ea5d6fd71ee2045aa3ab50d9d17797,"DRA*01:01,DRB1*11:01",HEANTMAMMARDTAE,False,5.2626586968547535,13.03066635131836,"DRA*01:01,DRB1*11:01:HEANTMAMMARDTAE"
6cc3b6624102706366918f5097516f20,"DRA*01:01,DRB1*11:01",HEANTMAMMARDTAE,False,5.945060348773704,11.03060722351074,"DRA*01:01,DRB1*11:01:HEANTMAMMARDTAE"
19677c0d583d00c93e855fd09cf7187b,"DRA*01:01,DRB1*11:01",HEANTMAMMARDTAE,False,8.134972904184286,15.93892288208008,"DRA*01:01,DRB1*11:01:HEANTMAMMARDTAE"
f69205873c107277aa68cca9d5d3431e,"DRA*01:01,DRB1*11:01",HEANTMAMMARDTAE,False,7.038509562706702,14.21689796447754,"DRA*01:01,DRB1*11:01:HEANTMAMMARDTAE"
219d64ce942ee5c0dad31dc89c0f2e5c,"DRA*01:01,DRB1*11:01",HEANTMAMMARDTAE,False,7.640031100856069,17.60928916931152,"DRA*01:01,DRB1*11:01:HEANTMAMMARDTAE"
a94614f5297adf67c17ea435ba527635,"DRA*01:01,DRB1*11:01",HEANTMAMMARDTAE,False,5.799446078609018,11.51108551025391,"DRA*01:01,DRB1*11:01:HEANTMAMMARDTAE"
e87baeca9f5aa15939319ca8c31fbe11,"DRA*01:01,DRB1*11:01",HEANTMAMMARDTAE,False,6.207002057847972,11.6683464050293,"DRA*01:01,DRB1*11:01:HEANTMAMMARDTAE"
f36af7f3c7f638dc80db7d7d1fb38c01,"DRA*01:01,DRB1*11:01",HEANTMAMMARDTAE,False,6.79561951760408,12.99273681640625,"DRA*01:01,DRB1*11:01:HEANTMAMMARDTAE"
24c8c9faf6e4b97960d2826c6c74392e,"DRA*01:01,DRB1*11:01",HEANTMAMMARDTAE,False,6.035185461747429,13.45351219177246,"DRA*01:01,DRB1*11:01:HEANTMAMMARDTAE"
a71ac9acf17b7fa3febe571fa600f3b2,"DRA*01:01,DRB1*11:01",HEANTMAMMARDTAE,False,7.893213542068706,13.6702470779419,"DRA*01:01,DRB1*11:01:HEANTMAMMARDTAE"
ae3a920a717e4d027c64ebb75ddad057,"DRA*01:01,DRB1*11:01",HEANTMAMMARDTAE,False,5.462189477704224,13.66564273834228,"DRA*01:01,DRB1*11:01:HEANTMAMMARDTAE"
8ba3952249a3827952b2764c1920a6f9,"DRA*01:01,DRB1*11:01",HEANTMAMMARDTAE,False,7.649922925584456,10.06917572021484,"DRA*01:01,DRB1*11:01:HEANTMAMMARDTAE"
069bd0b47c559878b7776d307317ea73,"DRA*01:01,DRB1*11:01",HEANTMAMMARDTAE,False,6.216705879307272,12.85552883148193,"DRA*01:01,DRB1*11:01:HEANTMAMMARDTAE"
68a2752a6244dbd24f71944f8861932b,"DRA*01:01,DRB1*11:01",HEANTMAMMARDTAE,False,7.225528476643963,18.11702346801757,"DRA*01:01,DRB1*11:01:HEANTMAMMARDTAE"
6c905bb3b061c9926d9550212ba3c4a8,"DRA*01:01,DRB1*11:01",HEANTMAMMARDTAE,False,7.711843808258281,28.18166732788086,"DRA*01:01,DRB1*11:01:HEANTMAMMARDTAE"
3bf23f236e85d7ee80254414d95a24dd,"DRA*01:01,DRB1*11:01",HEANTMAMMARDTAE,False,6.745599789261576,14.53812599182129,"DRA*01:01,DRB1*11:01:HEANTMAMMARDTAE"
99abe1950d84a95634123aaa93454bd9,"DRA*01:01,DRB1*11:01",HEANTMAMMARDTAE,False,6.494369375929256,13.92264652252197,"DRA*01:01,DRB1*11:01:HEANTMAMMARDTAE"
2eae70d7a3cd9cfa9444ac01c784b7e1,"DRA*01:01,DRB1*11:01",HEANTMAMMARDTAE,False,6.222976260325488,14.54274463653564,"DRA*01:01,DRB1*11:01:HEANTMAMMARDTAE"
27f3c51d8f4dcafceecfdf4bb589ddfc,"DQA1*01:02,DQB1*06:02",ISTNIRQAGVQYSR,False,6.762873315758101,9.441150665283203,"DQA1*01:02,DQB1*06:02:ISTNIRQAGVQYSR"
0fc40fc2cbd07fccab08e27744e1c3c2,"DQA1*01:02,DQB1*06:02",ISTNIRQAGVQYSR,False,6.591226509970574,19.7142105102539,"DQA1*01:02,DQB1*06:02:ISTNIRQAGVQYSR"
74833cb33222f7542ac33efda52a1358,"DQA1*01:02,DQB1*06:02",ISTNIRQAGVQYSR,False,6.651301961395276,15.4719648361206,"DQA1*01:02,DQB1*06:02:ISTNIRQAGVQYSR"
e27408190c0a4d5a5a8d2e9a45261075,"DQA1*01:02,DQB1*06:02",ISTNIRQAGVQYSR,False,5.832429350114937,13.44111061096191,"DQA1*01:02,DQB1*06:02:ISTNIRQAGVQYSR"
3acd6861e0da7e0232d1b471be6cb40c,"DQA1*01:02,DQB1*06:02",ISTNIRQAGVQYSR,False,6.118673810884502,15.93693923950195,"DQA1*01:02,DQB1*06:02:ISTNIRQAGVQYSR"
6573847fcfcd27bf0ff1244909883374,"DQA1*01:02,DQB1*06:02",ISTNIRQAGVQYSR,False,7.514600741466189,10.51279640197754,"DQA1*01:02,DQB1*06:02:ISTNIRQAGVQYSR"
4447bbef7a0957d933c9238dec72844e,"DQA1*01:02,DQB1*06:02",ISTNIRQAGVQYSR,False,6.102279239243025,9.065558433532717,"DQA1*01:02,DQB1*06:02:ISTNIRQAGVQYSR"
12a6bf8e1907dc144ae31ac1a452c139,"DQA1*01:02,DQB1*06:02",ISTNIRQAGVQYSR,False,6.620289096443839,9.844342231750488,"DQA1*01:02,DQB1*06:02:ISTNIRQAGVQYSR"
938feafff1d4eba6366bf5547536c75b,"DQA1*01:02,DQB1*06:02",ISTNIRQAGVQYSR,False,8.272341074999312,10.56214427947998,"DQA1*01:02,DQB1*06:02:ISTNIRQAGVQYSR"
fd6ed2e5da2a60c4da243d32ebea3dcc,"DQA1*01:02,DQB1*06:02",ISTNIRQAGVQYSR,False,6.205423655747852,16.95033264160156,"DQA1*01:02,DQB1*06:02:ISTNIRQAGVQYSR"
6f16767397104940315803fe52b0a588,"DQA1*01:02,DQB1*06:02",ISTNIRQAGVQYSR,False,7.035650200592844,8.582465171813965,"DQA1*01:02,DQB1*06:02:ISTNIRQAGVQYSR"
698f5c5f3232812552b42cecafbcb0c1,"DQA1*01:02,DQB1*06:02",ISTNIRQAGVQYSR,False,6.502730552178509,16.81534576416016,"DQA1*01:02,DQB1*06:02:ISTNIRQAGVQYSR"
0c7a5bf9c2f506ad5cbd7fe8a77f2f5d,"DQA1*01:02,DQB1*06:02",ISTNIRQAGVQYSR,False,7.091023043938694,19.39848709106445,"DQA1*01:02,DQB1*06:02:ISTNIRQAGVQYSR"
8bc3a58839844d139c67e50fdde36de5,"DQA1*01:02,DQB1*06:02",ISTNIRQAGVQYSR,False,6.4441093649705845,14.39823722839356,"DQA1*01:02,DQB1*06:02:ISTNIRQAGVQYSR"
e78b4352202cd45c94333de648fbdc80,"DQA1*01:02,DQB1*06:02",ISTNIRQAGVQYSR,False,6.264041985129431,11.02180671691894,"DQA1*01:02,DQB1*06:02:ISTNIRQAGVQYSR"
5d40448083fac6e80c855f89db50fdb3,"DQA1*01:02,DQB1*06:02",ISTNIRQAGVQYSR,False,7.019435164319609,10.73347282409668,"DQA1*01:02,DQB1*06:02:ISTNIRQAGVQYSR"
3640e059f343976500ac1f96c5626f1a,"DQA1*01:02,DQB1*06:02",ISTNIRQAGVQYSR,False,6.915056151256227,11.38889789581299,"DQA1*01:02,DQB1*06:02:ISTNIRQAGVQYSR"
df8ac8484d7595f66a44fe7d2dfe2a24,"DQA1*01:02,DQB1*06:02",ISTNIRQAGVQYSR,False,6.722198624568766,12.98742389678955,"DQA1*01:02,DQB1*06:02:ISTNIRQAGVQYSR"
77168c8de67810556e9034cf4c3a90ff,"DQA1*01:02,DQB1*06:02",ISTNIRQAGVQYSR,False,7.759470458549317,20.35220718383789,"DQA1*01:02,DQB1*06:02:ISTNIRQAGVQYSR"
53730fefdf8b7b466e48058fa18b26ba,"DQA1*01:02,DQB1*06:02",ISTNIRQAGVQYSR,False,6.885939837573647,9.263214111328123,"DQA1*01:02,DQB1*06:02:ISTNIRQAGVQYSR"
e24781beb6e62ef92e6abbedca7e7e05,"DQA1*01:02,DQB1*06:02",ISTNIRQAGVQYSR,False,7.34958681050844,19.13748359680176,"DQA1*01:02,DQB1*06:02:ISTNIRQAGVQYSR"
63235d2b7dbefbe24b477f0cf5b2f2d0,"DQA1*01:02,DQB1*06:02",ISTNIRQAGVQYSR,False,9.38400984023233,21.73601150512696,"DQA1*01:02,DQB1*06:02:ISTNIRQAGVQYSR"
dbb7e517e8d9d9b9143c842a66f6740c,"DQA1*01:02,DQB1*06:02",ISTNIRQAGVQYSR,False,6.688597685355017,13.13319206237793,"DQA1*01:02,DQB1*06:02:ISTNIRQAGVQYSR"
9230360260ebd19e9b037233afcde2c6,"DQA1*01:02,DQB1*06:02",ISTNIRQAGVQYSR,False,6.5600610241678,13.43783378601074,"DQA1*01:02,DQB1*06:02:ISTNIRQAGVQYSR"
d5cd3768118f843344a0aef9cc34060a,"DQA1*01:02,DQB1*06:02",ISTNIRQAGVQYSR,False,7.058810429104488,21.63121604919434,"DQA1*01:02,DQB1*06:02:ISTNIRQAGVQYSR"
592be13ca60d113513c4e03d2f3e882a,"DQA1*01:02,DQB1*06:02",ISTNIRQAGVQYSR,False,6.900644224986696,18.29949951171875,"DQA1*01:02,DQB1*06:02:ISTNIRQAGVQYSR"
3c84f864812c3e19750033f7b9fabb18,"DQA1*01:02,DQB1*06:02",ISTNIRQAGVQYSR,False,6.375985131921993,31.0,"DQA1*01:02,DQB1*06:02:ISTNIRQAGVQYSR"
fb39c4f5d5ec2d1f7d437780557a4535,"DQA1*01:02,DQB1*06:02",ISTNIRQAGVQYSR,False,6.8584790656903865,8.95849609375,"DQA1*01:02,DQB1*06:02:ISTNIRQAGVQYSR"
4f2273fd2df6ddff32089aa3a8d8c47d,"DQA1*01:02,DQB1*06:02",ISTNIRQAGVQYSR,False,8.301266843980565,17.82656288146973,"DQA1*01:02,DQB1*06:02:ISTNIRQAGVQYSR"
fc0608f65f44b8ed09eb05f71e79a366,"DQA1*01:02,DQB1*06:02",ISTNIRQAGVQYSR,False,8.266295831458878,14.33235359191894,"DQA1*01:02,DQB1*06:02:ISTNIRQAGVQYSR"
c370924ab56cb24c1d14de573c80c158,"DQA1*01:02,DQB1*06:02",ISTNIRQAGVQYSR,False,7.163337556014037,12.68045234680176,"DQA1*01:02,DQB1*06:02:ISTNIRQAGVQYSR"
7b392b49e0c8d1e71160273e38da6ef8,"DQA1*01:02,DQB1*06:02",ISTNIRQAGVQYSR,False,8.416832048990573,31.0,"DQA1*01:02,DQB1*06:02:ISTNIRQAGVQYSR"
5a238cd13795f9d6dcbb9b0288e54c21,"DQA1*01:02,DQB1*06:02",ISTNIRQAGVQYSR,False,7.658790830283137,15.14872550964356,"DQA1*01:02,DQB1*06:02:ISTNIRQAGVQYSR"
6f38bcef1649302da12b472812ee1a99,"DQA1*01:02,DQB1*06:02",ISTNIRQAGVQYSR,False,6.239433886927983,10.36170196533203,"DQA1*01:02,DQB1*06:02:ISTNIRQAGVQYSR"
4e6b6a708e5c1a3ce6998be985c76c1b,"DQA1*01:02,DQB1*06:02",ISTNIRQAGVQYSR,False,5.946538683531947,9.270276069641112,"DQA1*01:02,DQB1*06:02:ISTNIRQAGVQYSR"
5b3f2f65f66d647be8aedd7dea809584,"DQA1*01:02,DQB1*06:02",ISTNIRQAGVQYSR,False,5.797837299076747,9.762065887451172,"DQA1*01:02,DQB1*06:02:ISTNIRQAGVQYSR"
b30157a5d675bda64312733d4aa9ab3e,"DQA1*01:02,DQB1*06:02",ISTNIRQAGVQYSR,False,5.43362321020567,11.0080099105835,"DQA1*01:02,DQB1*06:02:ISTNIRQAGVQYSR"
2c1134dac4fd1edee5d43330d255da66,"DQA1*01:02,DQB1*06:02",ISTNIRQAGVQYSR,False,7.627324113777662,14.99411392211914,"DQA1*01:02,DQB1*06:02:ISTNIRQAGVQYSR"
93f6f52b4eb8401772f9cebb675e13d3,"DQA1*01:02,DQB1*06:02",ISTNIRQAGVQYSR,False,7.090213527807958,8.973658561706543,"DQA1*01:02,DQB1*06:02:ISTNIRQAGVQYSR"
1a2a423c1278bfae3f2645835b4c20aa,"DQA1*01:02,DQB1*06:02",ISTNIRQAGVQYSR,False,6.654156475949067,10.38654136657715,"DQA1*01:02,DQB1*06:02:ISTNIRQAGVQYSR"
5824ba9d7626715270eede33661c55b5,"DQA1*01:02,DQB1*06:02",ISTNIRQAGVQYSR,False,6.707148627437103,13.75954246520996,"DQA1*01:02,DQB1*06:02:ISTNIRQAGVQYSR"
dcb0c843146bc4b3c9fcb6795b18f3d1,"DQA1*01:02,DQB1*06:02",ISTNIRQAGVQYSR,False,7.740071212012997,20.41910743713379,"DQA1*01:02,DQB1*06:02:ISTNIRQAGVQYSR"
e85681de85579d600b4bbcb5117b8863,"DQA1*01:02,DQB1*06:02",ISTNIRQAGVQYSR,False,8.578579516487634,10.76919364929199,"DQA1*01:02,DQB1*06:02:ISTNIRQAGVQYSR"
583d96ffe89ab9b9cd57263d65325290,"DQA1*01:02,DQB1*06:02",ISTNIRQAGVQYSR,False,7.132978872736375,9.616693496704102,"DQA1*01:02,DQB1*06:02:ISTNIRQAGVQYSR"
5fa3da190e032403a24ceb7959efecb2,"DQA1*01:02,DQB1*06:02",ISTNIRQAGVQYSR,False,6.177015124294991,9.848471641540527,"DQA1*01:02,DQB1*06:02:ISTNIRQAGVQYSR"
c45f23c9958e8898e33ad7112ff69d4d,"DQA1*01:02,DQB1*06:02",ISTNIRQAGVQYSR,False,6.735898874628859,10.72825145721436,"DQA1*01:02,DQB1*06:02:ISTNIRQAGVQYSR"
3f17636755f810c1a5e4d2eccf7ecc31,"DQA1*01:02,DQB1*06:02",ISTNIRQAGVQYSR,False,6.84849309832539,13.87216281890869,"DQA1*01:02,DQB1*06:02:ISTNIRQAGVQYSR"
ae1a80d608142d4f859bb074b10925e2,"DQA1*01:02,DQB1*06:02",ISTNIRQAGVQYSR,False,9.09291187042703,13.0852165222168,"DQA1*01:02,DQB1*06:02:ISTNIRQAGVQYSR"
a8c6b14c8e0b36d78161dc281aa74541,"DQA1*01:02,DQB1*06:02",ISTNIRQAGVQYSR,False,6.212314603154725,13.22525119781494,"DQA1*01:02,DQB1*06:02:ISTNIRQAGVQYSR"
baaa4f2ef24113c7d9fc433ba89b0b3d,"DQA1*01:02,DQB1*06:02",ISTNIRQAGVQYSR,False,6.646507733348218,17.52289772033691,"DQA1*01:02,DQB1*06:02:ISTNIRQAGVQYSR"
5e9d27b8fc87ad2c97ac3002f3ab5d31,"DQA1*01:02,DQB1*06:02",ISTNIRQAGVQYSR,False,5.780889331736447,9.841458320617676,"DQA1*01:02,DQB1*06:02:ISTNIRQAGVQYSR"
aeadf4279c5cab8c14e2876f7d048a3c,"DQA1*01:02,DQB1*06:02",ISTNIRQAGVQYSR,False,5.745534289310742,8.721244812011719,"DQA1*01:02,DQB1*06:02:ISTNIRQAGVQYSR"
79288db7305fd032da9bec59d7b74c60,"DQA1*01:02,DQB1*06:02",ISTNIRQAGVQYSR,False,6.794413869809935,12.20198917388916,"DQA1*01:02,DQB1*06:02:ISTNIRQAGVQYSR"
327554ef4c65662605f74cbdfb82553e,"DQA1*01:02,DQB1*06:02",ISTNIRQAGVQYSR,False,9.501950375059188,15.47563552856445,"DQA1*01:02,DQB1*06:02:ISTNIRQAGVQYSR"
59fa95542dbb33040c7f3f595592ab1f,"DQA1*01:02,DQB1*06:02",ISTNIRQAGVQYSR,False,8.397514052695355,15.60431957244873,"DQA1*01:02,DQB1*06:02:ISTNIRQAGVQYSR"
4e868e35090b0e5bc7f1c37bffc4e178,"DQA1*01:02,DQB1*06:02",ISTNIRQAGVQYSR,False,7.972725184644103,10.40099430084228,"DQA1*01:02,DQB1*06:02:ISTNIRQAGVQYSR"
22516152f3626dd6c799cb61901bc163,"DQA1*01:02,DQB1*06:02",ISTNIRQAGVQYSR,False,7.886659702292356,20.81522560119629,"DQA1*01:02,DQB1*06:02:ISTNIRQAGVQYSR"
a125f79e3ac4c01418bc078e1325f720,"DQA1*01:02,DQB1*06:02",ISTNIRQAGVQYSR,False,6.125962742821376,9.351652145385742,"DQA1*01:02,DQB1*06:02:ISTNIRQAGVQYSR"
4e2e74aebc0261e591e3de99538e5d3d,"DQA1*01:02,DQB1*06:02",ISTNIRQAGVQYSR,False,6.628174124828655,19.16005516052246,"DQA1*01:02,DQB1*06:02:ISTNIRQAGVQYSR"
60eec567ca667fcce1477d7128c5e9c2,"DQA1*01:02,DQB1*06:02",ISTNIRQAGVQYSR,False,8.465365549308405,14.33464241027832,"DQA1*01:02,DQB1*06:02:ISTNIRQAGVQYSR"
0d8a6f1fa1516525155a893cac1db171,"DQA1*01:02,DQB1*06:02",ISTNIRQAGVQYSR,False,6.347817809699096,16.03686141967773,"DQA1*01:02,DQB1*06:02:ISTNIRQAGVQYSR"
4c1fccdede0f467e34510ed3eecc14b7,"DQA1*01:02,DQB1*06:02",ISTNIRQAGVQYSR,False,5.607441483882436,11.06073379516602,"DQA1*01:02,DQB1*06:02:ISTNIRQAGVQYSR"
19db0a7c14312dac588b021a5b36a256,"DQA1*01:02,DQB1*06:02",ISTNIRQAGVQYSR,False,5.867948606981918,16.03316116333008,"DQA1*01:02,DQB1*06:02:ISTNIRQAGVQYSR"
8b403484575a3cc433d58be9e907741e,"DQA1*01:02,DQB1*06:02",ISTNIRQAGVQYSR,False,7.695901437112463,11.41168308258057,"DQA1*01:02,DQB1*06:02:ISTNIRQAGVQYSR"
b9f196195a73b226ef582933a95868f6,"DQA1*01:02,DQB1*06:02",ISTNIRQAGVQYSR,False,6.5517108834567015,10.64937591552734,"DQA1*01:02,DQB1*06:02:ISTNIRQAGVQYSR"
70060f8f9011c568b7c274da55a6f9de,"DQA1*01:02,DQB1*06:02",ISTNIRQAGVQYSR,False,7.353848765665457,11.2338695526123,"DQA1*01:02,DQB1*06:02:ISTNIRQAGVQYSR"
b93abe09bfe4653ef1673d9962cd1012,"DQA1*01:02,DQB1*06:02",ISTNIRQAGVQYSR,False,6.385777765477306,8.568023681640625,"DQA1*01:02,DQB1*06:02:ISTNIRQAGVQYSR"
885b49c7cb7f1288f2cffaf893410fe9,"DQA1*01:02,DQB1*06:02",ISTNIRQAGVQYSR,False,6.695853254251313,11.38541126251221,"DQA1*01:02,DQB1*06:02:ISTNIRQAGVQYSR"
43dca8123642ec182669b66353120ee9,"DQA1*01:02,DQB1*06:02",ISTNIRQAGVQYSR,False,7.1292933949615644,16.26074028015137,"DQA1*01:02,DQB1*06:02:ISTNIRQAGVQYSR"
f53084eb01fa4da064e9755a28c75267,"DQA1*01:02,DQB1*06:02",ISTNIRQAGVQYSR,False,7.625259249259063,17.1679630279541,"DQA1*01:02,DQB1*06:02:ISTNIRQAGVQYSR"
b49ea8298d8f3b6cfc680c287723d76f,"DQA1*01:02,DQB1*06:02",ISTNIRQAGVQYSR,False,6.243425355567957,10.25886058807373,"DQA1*01:02,DQB1*06:02:ISTNIRQAGVQYSR"
96c622dc0a0f4641ac7039d5200ed864,"DQA1*01:02,DQB1*06:02",ISTNIRQAGVQYSR,False,8.386201798223421,16.53607177734375,"DQA1*01:02,DQB1*06:02:ISTNIRQAGVQYSR"
7422219575f042b215538e791c40ae20,"DQA1*01:02,DQB1*06:02",ISTNIRQAGVQYSR,False,6.667935124571406,24.61417388916016,"DQA1*01:02,DQB1*06:02:ISTNIRQAGVQYSR"
30664783fe1b31dfb65c2676f2d86c6c,"DQA1*01:02,DQB1*06:02",ISTNIRQAGVQYSR,False,8.40935609343603,11.24454212188721,"DQA1*01:02,DQB1*06:02:ISTNIRQAGVQYSR"
ad862db28043c09e2d0bca6bd421c2aa,"DQA1*01:02,DQB1*06:02",ISTNIRQAGVQYSR,False,7.440756506014904,11.51918029785156,"DQA1*01:02,DQB1*06:02:ISTNIRQAGVQYSR"
35bc470954e547b6c5c4b77ec0c022b5,"DQA1*01:02,DQB1*06:02",ISTNIRQAGVQYSR,False,6.873401372972574,8.946572303771973,"DQA1*01:02,DQB1*06:02:ISTNIRQAGVQYSR"
624fca70f723d83c4bfbea6ff22f7904,"DQA1*01:02,DQB1*06:02",ISTNIRQAGVQYSR,False,7.130149023281167,10.40669631958008,"DQA1*01:02,DQB1*06:02:ISTNIRQAGVQYSR"
5b460ee1d7b365269dd93d63f5216cff,"DQA1*01:02,DQB1*06:02",ISTNIRQAGVQYSR,False,6.425457647669385,11.86989116668701,"DQA1*01:02,DQB1*06:02:ISTNIRQAGVQYSR"
cf15f0701f529e21743b088d811a25ce,"DQA1*01:02,DQB1*06:02",ISTNIRQAGVQYSR,False,5.767926029726836,10.19383525848389,"DQA1*01:02,DQB1*06:02:ISTNIRQAGVQYSR"
276cd3c6aad2f484d320acd4924a4c50,"DQA1*01:02,DQB1*06:02",ISTNIRQAGVQYSR,False,8.648089004764183,19.04453086853028,"DQA1*01:02,DQB1*06:02:ISTNIRQAGVQYSR"
259ae5877374202d6e2c3269e98aed3a,"DQA1*01:02,DQB1*06:02",ISTNIRQAGVQYSR,False,7.182450102866702,9.937311172485352,"DQA1*01:02,DQB1*06:02:ISTNIRQAGVQYSR"
0761439a898cba3ca76a2001190b64ce,"DQA1*01:02,DQB1*06:02",ISTNIRQAGVQYSR,False,7.146490767685293,14.79191017150879,"DQA1*01:02,DQB1*06:02:ISTNIRQAGVQYSR"
7282a975310ab0b8b7ced522f02ecf77,"DQA1*01:02,DQB1*06:02",ISTNIRQAGVQYSR,False,6.552733839603892,14.88028144836426,"DQA1*01:02,DQB1*06:02:ISTNIRQAGVQYSR"
365f3f82351420498bf7ac143fc4ff76,"DQA1*01:02,DQB1*06:02",ISTNIRQAGVQYSR,False,7.348565597673981,15.00331783294678,"DQA1*01:02,DQB1*06:02:ISTNIRQAGVQYSR"
ded2d4ba5e2dfdebdb725888f71d5a67,"DQA1*01:02,DQB1*06:02",ISTNIRQAGVQYSR,False,7.828103021179375,17.77458190917969,"DQA1*01:02,DQB1*06:02:ISTNIRQAGVQYSR"
c50029142c25963e3372e27885c40a1f,"DQA1*01:02,DQB1*06:02",ISTNIRQAGVQYSR,False,6.121485622636991,8.818853378295898,"DQA1*01:02,DQB1*06:02:ISTNIRQAGVQYSR"
31c21487e305887e2e95fc2e9b282e02,"DQA1*01:02,DQB1*06:02",ISTNIRQAGVQYSR,False,7.536570249446981,10.64986801147461,"DQA1*01:02,DQB1*06:02:ISTNIRQAGVQYSR"
78b335dc71fb2b0880f5c5a48389f6dd,"DQA1*01:02,DQB1*06:02",ISTNIRQAGVQYSR,False,6.4831786832573615,20.51701354980469,"DQA1*01:02,DQB1*06:02:ISTNIRQAGVQYSR"
dc3e18fe1c8e62ce243ac04f1018ca8d,"DQA1*01:02,DQB1*06:02",ISTNIRQAGVQYSR,False,5.9362007378976624,13.21548938751221,"DQA1*01:02,DQB1*06:02:ISTNIRQAGVQYSR"
fd18d4f33ddb0168fa50b16b8bc574a8,"DQA1*01:02,DQB1*06:02",ISTNIRQAGVQYSR,False,8.462284807361657,19.51957511901855,"DQA1*01:02,DQB1*06:02:ISTNIRQAGVQYSR"
1bc55e215730d5aec81a5e99426714c9,"DQA1*01:02,DQB1*06:02",ISTNIRQAGVQYSR,False,7.3827530464490545,11.11511898040772,"DQA1*01:02,DQB1*06:02:ISTNIRQAGVQYSR"
0295676783e63a667639cfea25a27c6d,"DQA1*01:02,DQB1*06:02",ISTNIRQAGVQYSR,False,6.601967393859054,10.87304878234863,"DQA1*01:02,DQB1*06:02:ISTNIRQAGVQYSR"
0969f1c77a769d3c36a334ba2325aae6,"DQA1*01:02,DQB1*06:02",ISTNIRQAGVQYSR,False,5.827527097094129,13.35296058654785,"DQA1*01:02,DQB1*06:02:ISTNIRQAGVQYSR"
10d058fcddba19406059841323f48d66,"DQA1*01:02,DQB1*06:02",ISTNIRQAGVQYSR,False,6.042177167552256,17.01596832275391,"DQA1*01:02,DQB1*06:02:ISTNIRQAGVQYSR"
2d316bcd790f5862f69f5597f686a6e9,"DQA1*01:02,DQB1*06:02",ISTNIRQAGVQYSR,False,7.027467061259316,10.13815212249756,"DQA1*01:02,DQB1*06:02:ISTNIRQAGVQYSR"
d1a15cb3601364fd3716e2604c79b611,"DQA1*01:02,DQB1*06:02",ISTNIRQAGVQYSR,False,6.432318492750027,8.748814582824707,"DQA1*01:02,DQB1*06:02:ISTNIRQAGVQYSR"
8a0c850d01e8f337de8d275c64923c4d,"DQA1*01:02,DQB1*06:02",ISTNIRQAGVQYSR,False,5.681944903460862,14.69248867034912,"DQA1*01:02,DQB1*06:02:ISTNIRQAGVQYSR"
319b4e24ae9689a12784eac46033ba58,"DQA1*01:02,DQB1*06:02",ISTNIRQAGVQYSR,False,7.796582858195314,16.68714332580566,"DQA1*01:02,DQB1*06:02:ISTNIRQAGVQYSR"
17e986a9c9c4013f9ba907ccea31f738,"DQA1*01:02,DQB1*06:02",ISTNIRQAGVQYSR,False,6.99821097574957,14.98205661773682,"DQA1*01:02,DQB1*06:02:ISTNIRQAGVQYSR"
4291f4e8ae6557d607d9a545358f4841,"DQA1*01:02,DQB1*06:02",ISTNIRQAGVQYSR,False,6.533010264739468,12.01200771331787,"DQA1*01:02,DQB1*06:02:ISTNIRQAGVQYSR"
a973bbe33556b867c64c2dadb651cc39,"DQA1*01:02,DQB1*06:02",ISTNIRQAGVQYSR,False,7.028137471978129,11.98569583892822,"DQA1*01:02,DQB1*06:02:ISTNIRQAGVQYSR"
9760df8a7ebae6b5afa5830974be5658,"DQA1*01:02,DQB1*06:02",ISTNIRQAGVQYSR,False,6.440087365128144,12.93173122406006,"DQA1*01:02,DQB1*06:02:ISTNIRQAGVQYSR"
4edf4daaabc7ce4979e9647d1211e838,"DQA1*01:02,DQB1*06:02",ISTNIRQAGVQYSR,False,6.970034703376667,10.69593811035156,"DQA1*01:02,DQB1*06:02:ISTNIRQAGVQYSR"
3b8c878fc57c69cf34bbebbb246ad2da,"DQA1*01:02,DQB1*06:02",ISTNIRQAGVQYSR,False,5.9059430355277645,13.8990306854248,"DQA1*01:02,DQB1*06:02:ISTNIRQAGVQYSR"
17228e02588608d6908b5622be721ba0,"DQA1*01:02,DQB1*06:02",ISTNIRQAGVQYSR,False,7.074128010421399,10.90258502960205,"DQA1*01:02,DQB1*06:02:ISTNIRQAGVQYSR"
d53777824b7a89f145ca2d79eb3e3c64,"DQA1*01:02,DQB1*06:02",ISTNIRQAGVQYSR,False,7.180486899580094,10.08683109283447,"DQA1*01:02,DQB1*06:02:ISTNIRQAGVQYSR"
8ee17b1ad9addc4555389cc71cf38960,"DQA1*01:02,DQB1*06:02",ISTNIRQAGVQYSR,False,8.028604076785571,20.19644927978516,"DQA1*01:02,DQB1*06:02:ISTNIRQAGVQYSR"
4aa8be7fc28e6662d471ed63954c92aa,"DQA1*01:02,DQB1*06:02",ISTNIRQAGVQYSR,False,7.261596145545591,17.40696334838867,"DQA1*01:02,DQB1*06:02:ISTNIRQAGVQYSR"
f4cdc9fdf705d8cd473e96d07d0982b8,"DQA1*01:02,DQB1*06:02",ISTNIRQAGVQYSR,False,5.882946334642326,10.22029495239258,"DQA1*01:02,DQB1*06:02:ISTNIRQAGVQYSR"
accb50f8629a0139e92baec4e6fa80b7,"DQA1*01:02,DQB1*06:02",ISTNIRQAGVQYSR,False,7.465847021996053,10.42675399780273,"DQA1*01:02,DQB1*06:02:ISTNIRQAGVQYSR"
f8912136e6331c7da353bf1c959723cb,"DQA1*01:02,DQB1*06:02",ISTNIRQAGVQYSR,False,7.055590427689933,21.36158180236816,"DQA1*01:02,DQB1*06:02:ISTNIRQAGVQYSR"
1bd40e2ea52a5d1487b591311c7cba30,"DQA1*01:02,DQB1*06:02",ISTNIRQAGVQYSR,False,6.949322647518581,17.53313636779785,"DQA1*01:02,DQB1*06:02:ISTNIRQAGVQYSR"
aacc1f7ede1ca863b6fe7451d37217c9,"DQA1*01:02,DQB1*06:02",ISTNIRQAGVQYSR,False,7.905756980970874,18.18603706359864,"DQA1*01:02,DQB1*06:02:ISTNIRQAGVQYSR"
e849c2980dfb8f3249a288b9b4b1ce08,"DQA1*01:02,DQB1*06:02",ISTNIRQAGVQYSR,False,7.71584053067436,10.13674926757812,"DQA1*01:02,DQB1*06:02:ISTNIRQAGVQYSR"
eae55f390b20c85558bf8b5411f06457,"DQA1*01:02,DQB1*06:02",ISTNIRQAGVQYSR,False,5.645874210268433,17.63577461242676,"DQA1*01:02,DQB1*06:02:ISTNIRQAGVQYSR"
bbc8ff049c4311582f0b17f457ae1ea1,"DQA1*01:02,DQB1*06:02",ISTNIRQAGVQYSR,False,6.681833104988459,9.096391677856444,"DQA1*01:02,DQB1*06:02:ISTNIRQAGVQYSR"
b1cf7d43155313b3487562c136f0a340,"DQA1*01:02,DQB1*06:02",ISTNIRQAGVQYSR,False,6.901895045736181,10.59088230133057,"DQA1*01:02,DQB1*06:02:ISTNIRQAGVQYSR"
6eb8a63d08ee983fa2296f17314f5f6b,"DQA1*01:02,DQB1*06:02",ISTNIRQAGVQYSR,False,7.280519581374521,9.63919734954834,"DQA1*01:02,DQB1*06:02:ISTNIRQAGVQYSR"
159045a7edb6df0216f502a37a714d73,"DQA1*01:02,DQB1*06:02",ISTNIRQAGVQYSR,False,6.074091282491895,13.75686645507812,"DQA1*01:02,DQB1*06:02:ISTNIRQAGVQYSR"
e252c15fcca457c286fe9179329d9319,"DQA1*01:02,DQB1*06:02",ISTNIRQAGVQYSR,False,7.6592102260166035,9.065386772155762,"DQA1*01:02,DQB1*06:02:ISTNIRQAGVQYSR"
a7d29b0cc6c2f1c713e2d7b73cbdb9ed,"DQA1*01:02,DQB1*06:02",ISTNIRQAGVQYSR,False,6.923804641540794,11.35674095153809,"DQA1*01:02,DQB1*06:02:ISTNIRQAGVQYSR"
972436114c28919f240b27be17541173,"DQA1*01:02,DQB1*06:02",ISTNIRQAGVQYSR,False,8.39917429090708,8.838875770568848,"DQA1*01:02,DQB1*06:02:ISTNIRQAGVQYSR"
17e35b522e7fc52a743bd99bd0d762bf,"DQA1*01:02,DQB1*06:02",ISTNIRQAGVQYSR,False,7.286132294577815,15.10653400421143,"DQA1*01:02,DQB1*06:02:ISTNIRQAGVQYSR"
d555cde92215076f03162a97eef8f575,"DQA1*01:02,DQB1*06:02",ISTNIRQAGVQYSR,False,7.410985357421135,12.44926834106445,"DQA1*01:02,DQB1*06:02:ISTNIRQAGVQYSR"
6e0feb041d967f8b5c27109a634b8599,"DQA1*01:02,DQB1*06:02",ISTNIRQAGVQYSR,False,6.871800549680715,9.240839004516602,"DQA1*01:02,DQB1*06:02:ISTNIRQAGVQYSR"
8b91fac3f4521a02516533e3f21c0c71,"DQA1*01:02,DQB1*06:02",ISTNIRQAGVQYSR,False,6.308758497432144,10.82430839538574,"DQA1*01:02,DQB1*06:02:ISTNIRQAGVQYSR"
5935c995db757f60c61c4847e3d49f03,"DQA1*01:02,DQB1*06:02",ISTNIRQAGVQYSR,False,6.846700088482913,8.81987190246582,"DQA1*01:02,DQB1*06:02:ISTNIRQAGVQYSR"
e0a847759d0d4a096f43be74a9a7c4e8,"DQA1*01:02,DQB1*06:02",ISTNIRQAGVQYSR,False,6.41923110897105,8.311960220336914,"DQA1*01:02,DQB1*06:02:ISTNIRQAGVQYSR"
04ee3fdcede3c196212cb3b6613253f9,"DQA1*01:02,DQB1*06:02",ISTNIRQAGVQYSR,False,6.55929907391643,7.797836780548096,"DQA1*01:02,DQB1*06:02:ISTNIRQAGVQYSR"
85c1f1487eab10441c77304fe5bf76d5,"DQA1*01:02,DQB1*06:02",ISTNIRQAGVQYSR,False,6.667406359481068,12.6220588684082,"DQA1*01:02,DQB1*06:02:ISTNIRQAGVQYSR"
2de075e944f608437b5b31992dc4dd03,"DQA1*01:02,DQB1*06:02",TEQQWNFAGIEAAAS,False,6.377334093474753,8.596345901489258,"DQA1*01:02,DQB1*06:02:TEQQWNFAGIEAAAS"
b6e7108c43805fc2f2f57d85e8b90132,"DQA1*01:02,DQB1*06:02",TEQQWNFAGIEAAAS,False,6.2184255903924415,12.61069583892822,"DQA1*01:02,DQB1*06:02:TEQQWNFAGIEAAAS"
32b87848e9e0735427ac99e14002d1c8,"DQA1*01:02,DQB1*06:02",TEQQWNFAGIEAAAS,False,6.478183459703241,8.888151168823242,"DQA1*01:02,DQB1*06:02:TEQQWNFAGIEAAAS"
ec012f903e82bea39e50e56fa40c2322,"DQA1*01:02,DQB1*06:02",TEQQWNFAGIEAAAS,False,6.6527143856238204,8.383600234985352,"DQA1*01:02,DQB1*06:02:TEQQWNFAGIEAAAS"
fd2820cad678f0e5ff890c1ea590dfab,"DQA1*01:02,DQB1*06:02",TEQQWNFAGIEAAAS,False,6.934294401794242,11.20137691497803,"DQA1*01:02,DQB1*06:02:TEQQWNFAGIEAAAS"
5a3ae3a855db5b592b52164b86d0c539,"DQA1*01:02,DQB1*06:02",TEQQWNFAGIEAAAS,False,6.300493791306708,13.87137031555176,"DQA1*01:02,DQB1*06:02:TEQQWNFAGIEAAAS"
9bfc6e465b9859c3768e13bc75af59e6,"DQA1*01:02,DQB1*06:02",TEQQWNFAGIEAAAS,False,6.6945419316852615,13.37721824645996,"DQA1*01:02,DQB1*06:02:TEQQWNFAGIEAAAS"
11ec509c82eae62d4f2cafaa6da44210,"DQA1*01:02,DQB1*06:02",TEQQWNFAGIEAAAS,False,6.243448064004848,9.597922325134276,"DQA1*01:02,DQB1*06:02:TEQQWNFAGIEAAAS"
b089691bbe55754d2bf70b09c7f7a342,"DQA1*01:02,DQB1*06:02",TEQQWNFAGIEAAAS,False,6.998665658845788,16.07485771179199,"DQA1*01:02,DQB1*06:02:TEQQWNFAGIEAAAS"
5cbb470028e5780cf2b8f3b662f45c7a,"DQA1*01:02,DQB1*06:02",TEQQWNFAGIEAAAS,False,6.363102780702131,13.91900062561035,"DQA1*01:02,DQB1*06:02:TEQQWNFAGIEAAAS"
d5c4499ea3c565478a25fcd1277d326b,"DQA1*01:02,DQB1*06:02",TEQQWNFAGIEAAAS,False,6.51198981378046,11.47597408294678,"DQA1*01:02,DQB1*06:02:TEQQWNFAGIEAAAS"
8208987c0ca85454b31ac2035bd0efde,"DQA1*01:02,DQB1*06:02",TEQQWNFAGIEAAAS,False,7.184791941654747,10.22984218597412,"DQA1*01:02,DQB1*06:02:TEQQWNFAGIEAAAS"
47477b3a3c7f9c7bfe026a78300c2480,"DQA1*01:02,DQB1*06:02",TEQQWNFAGIEAAAS,False,7.48229804107785,15.3842363357544,"DQA1*01:02,DQB1*06:02:TEQQWNFAGIEAAAS"
39945be305669f66a9a8a261fcb79393,"DQA1*01:02,DQB1*06:02",TEQQWNFAGIEAAAS,False,6.151634571048351,11.33469390869141,"DQA1*01:02,DQB1*06:02:TEQQWNFAGIEAAAS"
e0cdabc3f0db1a9d4fe0140c1939d7af,"DQA1*01:02,DQB1*06:02",TEQQWNFAGIEAAAS,False,5.9623668200257,13.3256778717041,"DQA1*01:02,DQB1*06:02:TEQQWNFAGIEAAAS"
d208d2998806439ec033f07318a1e73f,"DQA1*01:02,DQB1*06:02",TEQQWNFAGIEAAAS,False,5.671628231193587,10.70275211334228,"DQA1*01:02,DQB1*06:02:TEQQWNFAGIEAAAS"
cedb9c6cc5df3e9a7cd4482ba4a7a086,"DQA1*01:02,DQB1*06:02",TEQQWNFAGIEAAAS,False,6.545381212860977,14.19186687469482,"DQA1*01:02,DQB1*06:02:TEQQWNFAGIEAAAS"
9500b218cfd6d2fef459572e05f6f0d5,"DQA1*01:02,DQB1*06:02",TEQQWNFAGIEAAAS,False,7.240393460777535,13.55239582061768,"DQA1*01:02,DQB1*06:02:TEQQWNFAGIEAAAS"
d6526d972cc8769c6439feeb510ec247,"DQA1*01:02,DQB1*06:02",TEQQWNFAGIEAAAS,False,8.924049775460768,11.29599952697754,"DQA1*01:02,DQB1*06:02:TEQQWNFAGIEAAAS"
4d3f01721e27f7ce1ef3b234ced07670,"DQA1*01:02,DQB1*06:02",TEQQWNFAGIEAAAS,False,6.456066073032847,14.40274238586426,"DQA1*01:02,DQB1*06:02:TEQQWNFAGIEAAAS"
b783d3d61ebdae27bda2aaec74bb2f52,"DQA1*01:02,DQB1*06:02",TEQQWNFAGIEAAAS,False,6.989417263607781,8.417250633239746,"DQA1*01:02,DQB1*06:02:TEQQWNFAGIEAAAS"
8fdf2bbdbfc2c777610e95cdb2148305,"DQA1*01:02,DQB1*06:02",TEQQWNFAGIEAAAS,False,7.245644071195357,11.08401966094971,"DQA1*01:02,DQB1*06:02:TEQQWNFAGIEAAAS"
6cb741c188721c2964eaddf03e1b7e85,"DQA1*01:02,DQB1*06:02",TEQQWNFAGIEAAAS,False,6.951049255409671,12.81829643249512,"DQA1*01:02,DQB1*06:02:TEQQWNFAGIEAAAS"
02dade40d15cca17d22ceee54ebd478c,"DQA1*01:02,DQB1*06:02",TEQQWNFAGIEAAAS,False,6.149563983811519,8.804490089416504,"DQA1*01:02,DQB1*06:02:TEQQWNFAGIEAAAS"
420f622ddda26cabf54fda98a3625a29,"DQA1*01:02,DQB1*06:02",TEQQWNFAGIEAAAS,False,7.216571952716378,14.46846008300781,"DQA1*01:02,DQB1*06:02:TEQQWNFAGIEAAAS"
6cd56da100c1769f8640128d0aa4e4fe,"DQA1*01:02,DQB1*06:02",TEQQWNFAGIEAAAS,False,6.9787919338494895,10.30356311798096,"DQA1*01:02,DQB1*06:02:TEQQWNFAGIEAAAS"
7a910098d67030ac77faa1859c1c2ec5,"DQA1*01:02,DQB1*06:02",TEQQWNFAGIEAAAS,False,7.121525272034963,10.40079116821289,"DQA1*01:02,DQB1*06:02:TEQQWNFAGIEAAAS"
6ab9253422f8605e1277d07f10ee6b6a,"DQA1*01:02,DQB1*06:02",TEQQWNFAGIEAAAS,False,5.7023119745198745,8.440646171569824,"DQA1*01:02,DQB1*06:02:TEQQWNFAGIEAAAS"
9477a26571e8e124f0b869a015a014f9,"DQA1*01:02,DQB1*06:02",TEQQWNFAGIEAAAS,False,6.368265319563924,8.979869842529297,"DQA1*01:02,DQB1*06:02:TEQQWNFAGIEAAAS"
e59844cfd029c52496d71407e39f3e66,"DQA1*01:02,DQB1*06:02",TEQQWNFAGIEAAAS,False,7.142080482683684,9.705284118652344,"DQA1*01:02,DQB1*06:02:TEQQWNFAGIEAAAS"
09d81418edc5187581f7c693670faa59,"DQA1*01:02,DQB1*06:02",TEQQWNFAGIEAAAS,False,7.112053038044444,14.47387599945068,"DQA1*01:02,DQB1*06:02:TEQQWNFAGIEAAAS"
e8c26b99717f4129b32eef712a467c24,"DQA1*01:02,DQB1*06:02",TEQQWNFAGIEAAAS,False,6.057782140391612,9.376639366149902,"DQA1*01:02,DQB1*06:02:TEQQWNFAGIEAAAS"
148f3ec4d598832c8121a70957bdc01a,"DQA1*01:02,DQB1*06:02",TEQQWNFAGIEAAAS,False,6.384265851624072,11.78679656982422,"DQA1*01:02,DQB1*06:02:TEQQWNFAGIEAAAS"
5a0498726667ad1147ab3d2b3d2ec0a8,"DQA1*01:02,DQB1*06:02",TEQQWNFAGIEAAAS,False,5.7319472205569175,11.5853328704834,"DQA1*01:02,DQB1*06:02:TEQQWNFAGIEAAAS"
ca65bc3bc560f370f93facc62c2a2a67,"DQA1*01:02,DQB1*06:02",TEQQWNFAGIEAAAS,False,5.535012589327215,9.354988098144531,"DQA1*01:02,DQB1*06:02:TEQQWNFAGIEAAAS"
2c2c676b052809c593edde6d987a653e,"DQA1*01:02,DQB1*06:02",TEQQWNFAGIEAAAS,False,7.399686172111736,13.19611167907715,"DQA1*01:02,DQB1*06:02:TEQQWNFAGIEAAAS"
c7289a3045b6fabf1ccae7c5aac5f991,"DQA1*01:02,DQB1*06:02",TEQQWNFAGIEAAAS,False,6.514120436120325,8.098119735717773,"DQA1*01:02,DQB1*06:02:TEQQWNFAGIEAAAS"
af66e1eb571aedf697f96254609c8483,"DQA1*01:02,DQB1*06:02",TEQQWNFAGIEAAAS,False,6.910902746709473,11.67858982086182,"DQA1*01:02,DQB1*06:02:TEQQWNFAGIEAAAS"
a12155000f8813d685af2d8e4b8291b6,"DQA1*01:02,DQB1*06:02",TEQQWNFAGIEAAAS,False,5.977412764098053,12.75537872314453,"DQA1*01:02,DQB1*06:02:TEQQWNFAGIEAAAS"
bc1cc5f50406b6776aba4ec660b3041a,"DQA1*01:02,DQB1*06:02",TEQQWNFAGIEAAAS,False,5.7441299307342994,10.36518287658691,"DQA1*01:02,DQB1*06:02:TEQQWNFAGIEAAAS"
f8e9df2dd05793a276ad47e4cbf06c42,"DQA1*01:02,DQB1*06:02",TEQQWNFAGIEAAAS,False,6.937084606891569,11.64864635467529,"DQA1*01:02,DQB1*06:02:TEQQWNFAGIEAAAS"
6545f25c0625bc615f71fbcef0ec5e7c,"DQA1*01:02,DQB1*06:02",TEQQWNFAGIEAAAS,False,7.435147878557518,12.52139568328857,"DQA1*01:02,DQB1*06:02:TEQQWNFAGIEAAAS"
c563659ffb2ae73c111e0eeab4ffdf76,"DQA1*01:02,DQB1*06:02",TEQQWNFAGIEAAAS,False,7.231930667981447,13.46580123901367,"DQA1*01:02,DQB1*06:02:TEQQWNFAGIEAAAS"
a0bbc059ef9921d2707e5973e5151aaa,"DQA1*01:02,DQB1*06:02",TEQQWNFAGIEAAAS,False,7.362481596605147,8.780643463134766,"DQA1*01:02,DQB1*06:02:TEQQWNFAGIEAAAS"
587cdb41a95d3f5ffb140cd6dec3d592,"DQA1*01:02,DQB1*06:02",TEQQWNFAGIEAAAS,False,6.302688331674323,12.78245830535889,"DQA1*01:02,DQB1*06:02:TEQQWNFAGIEAAAS"
a2f0aa085810e93bfe3ff6b1321ac3a8,"DQA1*01:02,DQB1*06:02",TEQQWNFAGIEAAAS,False,7.325447985631043,18.03016662597656,"DQA1*01:02,DQB1*06:02:TEQQWNFAGIEAAAS"
116444c15a19ba89b5408170bf892e9d,"DQA1*01:02,DQB1*06:02",TEQQWNFAGIEAAAS,False,6.430615659650842,10.69468975067139,"DQA1*01:02,DQB1*06:02:TEQQWNFAGIEAAAS"
83c3c27ac28427fac86669ca7d7a1893,"DQA1*01:02,DQB1*06:02",TEQQWNFAGIEAAAS,False,6.799419690731535,17.2587776184082,"DQA1*01:02,DQB1*06:02:TEQQWNFAGIEAAAS"
a91c41d665dcc155d5d71e3cb204db6e,"DQA1*01:02,DQB1*06:02",TEQQWNFAGIEAAAS,False,6.767807645407337,8.58005428314209,"DQA1*01:02,DQB1*06:02:TEQQWNFAGIEAAAS"
61ee5d90af8e97d23a4f822b39487564,"DQA1*01:02,DQB1*06:02",TEQQWNFAGIEAAAS,False,6.785021548065277,8.6364164352417,"DQA1*01:02,DQB1*06:02:TEQQWNFAGIEAAAS"
fc26ed0dcbf60ae16419ed9413c2d0a8,"DQA1*01:02,DQB1*06:02",TEQQWNFAGIEAAAS,False,5.874361572717985,9.565093994140623,"DQA1*01:02,DQB1*06:02:TEQQWNFAGIEAAAS"
c344ffd65cff3821cbfb11a8aab1c76f,"DQA1*01:02,DQB1*06:02",TEQQWNFAGIEAAAS,False,6.059354976603859,11.75202465057373,"DQA1*01:02,DQB1*06:02:TEQQWNFAGIEAAAS"
a49ff79b322d118619b874d6afec497c,"DQA1*01:02,DQB1*06:02",TEQQWNFAGIEAAAS,False,5.879575747341954,10.17011070251465,"DQA1*01:02,DQB1*06:02:TEQQWNFAGIEAAAS"
f76b5fd0ede337710a7ef9dc8520ba0f,"DQA1*01:02,DQB1*06:02",TEQQWNFAGIEAAAS,False,7.380783352851387,14.44339942932129,"DQA1*01:02,DQB1*06:02:TEQQWNFAGIEAAAS"
b6072405b1627a060295138df00dbe69,"DQA1*01:02,DQB1*06:02",TEQQWNFAGIEAAAS,False,5.99772288249406,12.49854373931885,"DQA1*01:02,DQB1*06:02:TEQQWNFAGIEAAAS"
16c42ce2f16a4080688b4b4de934dcbb,"DQA1*01:02,DQB1*06:02",TEQQWNFAGIEAAAS,False,7.99374187356149,10.57253360748291,"DQA1*01:02,DQB1*06:02:TEQQWNFAGIEAAAS"
fcf098ac5ea8ea7ce0168fe5a8beccd1,"DQA1*01:02,DQB1*06:02",TEQQWNFAGIEAAAS,False,7.265239733022776,12.60606288909912,"DQA1*01:02,DQB1*06:02:TEQQWNFAGIEAAAS"
c9bf9f7468f26d30f3e7aca98d55a253,"DQA1*01:02,DQB1*06:02",TEQQWNFAGIEAAAS,False,7.289575398329196,9.42056369781494,"DQA1*01:02,DQB1*06:02:TEQQWNFAGIEAAAS"
72e834ac275ab895685ea9c513aa6a86,"DQA1*01:02,DQB1*06:02",TEQQWNFAGIEAAAS,False,7.780527067199189,12.63607025146484,"DQA1*01:02,DQB1*06:02:TEQQWNFAGIEAAAS"
a26a67dba4f0264b4e923af57d3c64a3,"DQA1*01:02,DQB1*06:02",TEQQWNFAGIEAAAS,False,6.148582465111154,12.73752689361572,"DQA1*01:02,DQB1*06:02:TEQQWNFAGIEAAAS"
dd44036720db9adbabe4ec0f36dd57f6,"DQA1*01:02,DQB1*06:02",TEQQWNFAGIEAAAS,False,7.122718282348928,10.71225833892822,"DQA1*01:02,DQB1*06:02:TEQQWNFAGIEAAAS"
55baf67c8491e079dc7f3ddc3a33ce19,"DQA1*01:02,DQB1*06:02",TEQQWNFAGIEAAAS,False,6.341707707457709,9.29033374786377,"DQA1*01:02,DQB1*06:02:TEQQWNFAGIEAAAS"
c3c7adfe24ec09e57c6f3c4e4eb18789,"DQA1*01:02,DQB1*06:02",TEQQWNFAGIEAAAS,False,7.290246298314031,15.74109172821045,"DQA1*01:02,DQB1*06:02:TEQQWNFAGIEAAAS"
a2c3e4f80286d2411a14733a36775229,"DQA1*01:02,DQB1*06:02",TEQQWNFAGIEAAAS,False,5.977932230426938,10.6366662979126,"DQA1*01:02,DQB1*06:02:TEQQWNFAGIEAAAS"
3d108475509a383a37b6b887e179762e,"DQA1*01:02,DQB1*06:02",TEQQWNFAGIEAAAS,False,6.925937387482673,13.45469284057617,"DQA1*01:02,DQB1*06:02:TEQQWNFAGIEAAAS"
dc44c624a95a326815a0cc23e8e5a961,"DQA1*01:02,DQB1*06:02",TEQQWNFAGIEAAAS,False,7.560559837652947,12.38097190856934,"DQA1*01:02,DQB1*06:02:TEQQWNFAGIEAAAS"
62b1af3d08f50088f9fe104dac66219c,"DQA1*01:02,DQB1*06:02",TEQQWNFAGIEAAAS,False,6.18549634855065,9.347951889038086,"DQA1*01:02,DQB1*06:02:TEQQWNFAGIEAAAS"
a0b6985ada49b8ddb2ae6db78c85a3a0,"DQA1*01:02,DQB1*06:02",TEQQWNFAGIEAAAS,False,6.043296917871348,11.39722537994385,"DQA1*01:02,DQB1*06:02:TEQQWNFAGIEAAAS"
ff92a1715c072f57ad7b614b499ac93c,"DQA1*01:02,DQB1*06:02",TEQQWNFAGIEAAAS,False,7.382237072029481,21.49727630615234,"DQA1*01:02,DQB1*06:02:TEQQWNFAGIEAAAS"
4da96b7f85a2345f047ca4f331ca65bc,"DQA1*01:02,DQB1*06:02",TEQQWNFAGIEAAAS,False,6.526118845673664,13.46433353424072,"DQA1*01:02,DQB1*06:02:TEQQWNFAGIEAAAS"
ee136879f9ba16e4564297ad3a094bce,"DQA1*01:02,DQB1*06:02",TEQQWNFAGIEAAAS,False,6.445160876521309,9.210412979125977,"DQA1*01:02,DQB1*06:02:TEQQWNFAGIEAAAS"
b4bda27945b82b78a9c39bfab7dde2e3,"DQA1*01:02,DQB1*06:02",TEQQWNFAGIEAAAS,False,6.695858242940333,10.67219638824463,"DQA1*01:02,DQB1*06:02:TEQQWNFAGIEAAAS"
ada725e7a4973ff737c0da1eafb37ac4,"DQA1*01:02,DQB1*06:02",TEQQWNFAGIEAAAS,False,6.531923022299088,12.24753856658936,"DQA1*01:02,DQB1*06:02:TEQQWNFAGIEAAAS"
bf575d1a3ee071c5e98abafa7f36a06b,"DQA1*01:02,DQB1*06:02",TEQQWNFAGIEAAAS,False,6.279388884902499,13.27787494659424,"DQA1*01:02,DQB1*06:02:TEQQWNFAGIEAAAS"
c4646ab13088158568b506c0781e443a,"DQA1*01:02,DQB1*06:02",TEQQWNFAGIEAAAS,False,6.241454165228203,12.30991077423096,"DQA1*01:02,DQB1*06:02:TEQQWNFAGIEAAAS"
cf80039c9f875ace154e624a4f0972b2,"DQA1*01:02,DQB1*06:02",TEQQWNFAGIEAAAS,False,6.335444374673161,16.23473739624023,"DQA1*01:02,DQB1*06:02:TEQQWNFAGIEAAAS"
97c60fd0c0bb937c5d1bb82fef0bf990,"DQA1*01:02,DQB1*06:02",TEQQWNFAGIEAAAS,False,7.999984605864146,16.78585815429688,"DQA1*01:02,DQB1*06:02:TEQQWNFAGIEAAAS"
d7f7018175587ffe258646f49a2a14f9,"DQA1*01:02,DQB1*06:02",TEQQWNFAGIEAAAS,False,6.573571759962378,9.78055191040039,"DQA1*01:02,DQB1*06:02:TEQQWNFAGIEAAAS"
5dd4bbfd575be0e1f893c5360c7b9076,"DQA1*01:02,DQB1*06:02",TEQQWNFAGIEAAAS,False,7.191869734704903,11.99767971038818,"DQA1*01:02,DQB1*06:02:TEQQWNFAGIEAAAS"
9616261def9d44748bc4e2fb0d76bd09,"DQA1*01:02,DQB1*06:02",TEQQWNFAGIEAAAS,False,6.885818837019304,15.8897294998169,"DQA1*01:02,DQB1*06:02:TEQQWNFAGIEAAAS"
c1a5c0023bd340bf1c93f74493267933,"DQA1*01:02,DQB1*06:02",TEQQWNFAGIEAAAS,False,6.4132991789841975,8.933305740356445,"DQA1*01:02,DQB1*06:02:TEQQWNFAGIEAAAS"
fe6abed36688e4e5e024f975d68a1530,"DQA1*01:02,DQB1*06:02",TEQQWNFAGIEAAAS,False,6.280821653066168,15.7555341720581,"DQA1*01:02,DQB1*06:02:TEQQWNFAGIEAAAS"
dd3eb3581feca2518e80196eedf38809,"DQA1*01:02,DQB1*06:02",TEQQWNFAGIEAAAS,False,6.009900064705721,13.2772274017334,"DQA1*01:02,DQB1*06:02:TEQQWNFAGIEAAAS"
fc2f09bbae2a11a49291d44215319536,"DQA1*01:02,DQB1*06:02",TEQQWNFAGIEAAAS,False,6.694956312245035,13.74211120605469,"DQA1*01:02,DQB1*06:02:TEQQWNFAGIEAAAS"
2f611355db853b2cd28a369801cb90b1,"DQA1*01:02,DQB1*06:02",TEQQWNFAGIEAAAS,False,6.717979376776176,13.4941873550415,"DQA1*01:02,DQB1*06:02:TEQQWNFAGIEAAAS"
408cf1e0b5e42aac073179ae6f95a2df,"DQA1*01:02,DQB1*06:02",TEQQWNFAGIEAAAS,False,7.66039016093427,9.684789657592772,"DQA1*01:02,DQB1*06:02:TEQQWNFAGIEAAAS"
29bca5c9b5708d8db9191ac49059d223,"DQA1*01:02,DQB1*06:02",TEQQWNFAGIEAAAS,False,6.349254142182323,10.16046810150146,"DQA1*01:02,DQB1*06:02:TEQQWNFAGIEAAAS"
fbe276bbc701008a5baa686a82140aaf,"DQA1*01:02,DQB1*06:02",TEQQWNFAGIEAAAS,False,6.822962083886599,8.558076858520508,"DQA1*01:02,DQB1*06:02:TEQQWNFAGIEAAAS"
ae4fad04ddbbf7405fd61e0bed812fdd,"DQA1*01:02,DQB1*06:02",TEQQWNFAGIEAAAS,False,8.039944663382412,9.425166130065918,"DQA1*01:02,DQB1*06:02:TEQQWNFAGIEAAAS"
82758569ccd607cf79e14d3550450346,"DQA1*01:02,DQB1*06:02",TEQQWNFAGIEAAAS,False,8.023634309426834,14.86240005493164,"DQA1*01:02,DQB1*06:02:TEQQWNFAGIEAAAS"
235701e57250db4a897802295446a4d7,"DQA1*01:02,DQB1*06:02",TEQQWNFAGIEAAAS,False,7.612232837310299,9.871465682983398,"DQA1*01:02,DQB1*06:02:TEQQWNFAGIEAAAS"
5bf633b656ad505d1aa8cab8cbe35f52,"DQA1*01:02,DQB1*06:02",TEQQWNFAGIEAAAS,False,6.994926346573759,9.895867347717283,"DQA1*01:02,DQB1*06:02:TEQQWNFAGIEAAAS"
314ded25a8aa10c78e11c0bff218f417,"DQA1*01:02,DQB1*06:02",TEQQWNFAGIEAAAS,False,7.806032525492193,12.61042213439941,"DQA1*01:02,DQB1*06:02:TEQQWNFAGIEAAAS"
41abef57ba05069b3c1576468db09d41,"DQA1*01:02,DQB1*06:02",TEQQWNFAGIEAAAS,False,7.730772406814422,12.23239517211914,"DQA1*01:02,DQB1*06:02:TEQQWNFAGIEAAAS"
23ffc8a585b3985686c56460455439f3,"DQA1*01:02,DQB1*06:02",TEQQWNFAGIEAAAS,False,7.554983304033479,12.38650035858154,"DQA1*01:02,DQB1*06:02:TEQQWNFAGIEAAAS"
87b166f7a0a5389e7a9069772478d0cb,"DQA1*01:02,DQB1*06:02",TEQQWNFAGIEAAAS,False,8.04833190568949,19.40009689331055,"DQA1*01:02,DQB1*06:02:TEQQWNFAGIEAAAS"
015f05c74d3ed8426e7faa51882e1550,"DQA1*01:02,DQB1*06:02",TEQQWNFAGIEAAAS,False,5.776683742539925,8.86949348449707,"DQA1*01:02,DQB1*06:02:TEQQWNFAGIEAAAS"
8343cfe60479ad3d735ba076a9c1eb62,"DQA1*01:02,DQB1*06:02",TEQQWNFAGIEAAAS,False,7.195650033086364,7.929133415222168,"DQA1*01:02,DQB1*06:02:TEQQWNFAGIEAAAS"
860c6052a15652e188f6134f09160dd0,"DQA1*01:02,DQB1*06:02",TEQQWNFAGIEAAAS,False,5.920536570366069,12.17123031616211,"DQA1*01:02,DQB1*06:02:TEQQWNFAGIEAAAS"
63427499b3534eef51655d8ba4c13982,"DQA1*01:02,DQB1*06:02",TEQQWNFAGIEAAAS,False,7.174771326327185,12.33963871002197,"DQA1*01:02,DQB1*06:02:TEQQWNFAGIEAAAS"
f9cedca58b6fbb977ce45e87ddc511e1,"DQA1*01:02,DQB1*06:02",TEQQWNFAGIEAAAS,False,5.836129016209411,12.97813320159912,"DQA1*01:02,DQB1*06:02:TEQQWNFAGIEAAAS"
a84c6d412598ee689a14d6971ff55776,"DQA1*01:02,DQB1*06:02",TEQQWNFAGIEAAAS,False,6.59906249695916,8.40512466430664,"DQA1*01:02,DQB1*06:02:TEQQWNFAGIEAAAS"
ae845ea3a4d2a6379368c40a6d1bf5f9,"DQA1*01:02,DQB1*06:02",TEQQWNFAGIEAAAS,False,5.835403473477925,9.213289260864258,"DQA1*01:02,DQB1*06:02:TEQQWNFAGIEAAAS"
8c5d0a70fcc86b4a610179d2d4d3f250,"DQA1*01:02,DQB1*06:02",TEQQWNFAGIEAAAS,False,7.041858595498094,14.28604507446289,"DQA1*01:02,DQB1*06:02:TEQQWNFAGIEAAAS"
fe195b01ec9a4a3a7bb9a6bfab5ec41e,"DQA1*01:02,DQB1*06:02",TEQQWNFAGIEAAAS,False,9.092843545675676,10.48042011260986,"DQA1*01:02,DQB1*06:02:TEQQWNFAGIEAAAS"
e678ad482333da9ca7c666ad1ebddd66,"DQA1*01:02,DQB1*06:02",TEQQWNFAGIEAAAS,False,7.163530851683482,11.01232051849365,"DQA1*01:02,DQB1*06:02:TEQQWNFAGIEAAAS"
f195ed6cb2681a78b1b6be17c578b63d,"DQA1*01:02,DQB1*06:02",TEQQWNFAGIEAAAS,False,8.063602157680107,13.87402629852295,"DQA1*01:02,DQB1*06:02:TEQQWNFAGIEAAAS"
289b43880946a94eeb61ce2deb84e083,"DQA1*01:02,DQB1*06:02",TEQQWNFAGIEAAAS,False,6.0286948206829045,11.04309558868408,"DQA1*01:02,DQB1*06:02:TEQQWNFAGIEAAAS"
2d4096ce908f862f963007e7781e58c8,"DQA1*01:02,DQB1*06:02",TEQQWNFAGIEAAAS,False,6.953691757919728,15.01085376739502,"DQA1*01:02,DQB1*06:02:TEQQWNFAGIEAAAS"
0aa1393691c78ad55676792b36da60d3,"DQA1*01:02,DQB1*06:02",TEQQWNFAGIEAAAS,False,5.786784597581491,10.55370616912842,"DQA1*01:02,DQB1*06:02:TEQQWNFAGIEAAAS"
e49229d8f524e0793f531e35dd31da3f,"DQA1*01:02,DQB1*06:02",TEQQWNFAGIEAAAS,False,5.771624093864396,15.43171119689941,"DQA1*01:02,DQB1*06:02:TEQQWNFAGIEAAAS"
a147ab871797e9d82053e8087aa60ee6,"DQA1*01:02,DQB1*06:02",TEQQWNFAGIEAAAS,False,5.750879907468606,8.22280502319336,"DQA1*01:02,DQB1*06:02:TEQQWNFAGIEAAAS"
26c4fa28ffbb5bee566f6090128cdb00,"DQA1*01:02,DQB1*06:02",TEQQWNFAGIEAAAS,False,6.762090452363965,18.51060104370117,"DQA1*01:02,DQB1*06:02:TEQQWNFAGIEAAAS"
c0ec6bad2fcd592a0945c4ef3dd308be,"DQA1*01:02,DQB1*06:02",TEQQWNFAGIEAAAS,False,7.131266833048815,10.45820331573486,"DQA1*01:02,DQB1*06:02:TEQQWNFAGIEAAAS"
72654c50523f9b13cc245cd2b8d9892e,"DQA1*01:02,DQB1*06:02",TEQQWNFAGIEAAAS,False,7.82634507986731,17.6696891784668,"DQA1*01:02,DQB1*06:02:TEQQWNFAGIEAAAS"
402bcb14db618b7e0119b0080d7fc462,"DQA1*01:02,DQB1*06:02",TEQQWNFAGIEAAAS,False,5.9258683160597245,14.66079521179199,"DQA1*01:02,DQB1*06:02:TEQQWNFAGIEAAAS"
3ebaee11ecd5729b62ab0463aab1d8ea,"DQA1*01:02,DQB1*06:02",TEQQWNFAGIEAAAS,False,6.298046497373584,11.4967737197876,"DQA1*01:02,DQB1*06:02:TEQQWNFAGIEAAAS"
a91e040c55e57b7178b7e90063006fa9,"DQA1*01:02,DQB1*06:02",TEQQWNFAGIEAAAS,False,7.08108905621999,8.404881477355957,"DQA1*01:02,DQB1*06:02:TEQQWNFAGIEAAAS"
2208179702da3db0c154e9c989bbb1ca,"DQA1*01:02,DQB1*06:02",TEQQWNFAGIEAAAS,False,6.541953644557306,12.45542907714844,"DQA1*01:02,DQB1*06:02:TEQQWNFAGIEAAAS"
f5c4260b85e9d048ea4103cf300435e5,"DQA1*01:02,DQB1*06:02",TEQQWNFAGIEAAAS,False,5.969407999057984,15.19260025024414,"DQA1*01:02,DQB1*06:02:TEQQWNFAGIEAAAS"
6fd58c4bc5c01bc11fdd5e3943fdfb43,"DQA1*01:02,DQB1*06:02",TEQQWNFAGIEAAAS,False,6.721238717187815,12.94113349914551,"DQA1*01:02,DQB1*06:02:TEQQWNFAGIEAAAS"
7d00cde67ebeaec7411c563bd4fa4d77,"DQA1*01:02,DQB1*06:02",TEQQWNFAGIEAAAS,False,6.794891179029888,11.79370403289795,"DQA1*01:02,DQB1*06:02:TEQQWNFAGIEAAAS"
f6a3d466c33a5141c57857a29f33003f,"DQA1*01:02,DQB1*06:02",TEQQWNFAGIEAAAS,False,6.593205418321215,15.63499927520752,"DQA1*01:02,DQB1*06:02:TEQQWNFAGIEAAAS"
a7c8e9ea54f690734bfaa3b92aa7c55c,"DQA1*01:02,DQB1*06:02",TEQQWNFAGIEAAAS,False,5.698679176468312,12.41062450408936,"DQA1*01:02,DQB1*06:02:TEQQWNFAGIEAAAS"
2287ebbd121fa2120395dbc0f4813ce2,"DQA1*01:02,DQB1*06:02",TEQQWNFAGIEAAAS,False,6.752539014234541,10.16024780273438,"DQA1*01:02,DQB1*06:02:TEQQWNFAGIEAAAS"
e58a464d263b8fee68537fb9ef418c75,"DQA1*01:02,DQB1*06:02",TEQQWNFAGIEAAAS,False,7.1597251171680325,11.70227146148682,"DQA1*01:02,DQB1*06:02:TEQQWNFAGIEAAAS"
bab2f23f58ebfb7620f3deb308a68fd0,"DQA1*01:02,DQB1*06:02",TEQQWNFAGIEAAAS,False,7.707335352533655,12.11435890197754,"DQA1*01:02,DQB1*06:02:TEQQWNFAGIEAAAS"
e77e77c15a378b53209e583bc662d2ef,"DQA1*01:02,DQB1*06:02",TEQQWNFAGIEAAAS,False,6.314780975280325,9.581104278564451,"DQA1*01:02,DQB1*06:02:TEQQWNFAGIEAAAS"
fc1288b4b3fed823149ae26f9c6149dd,"DQA1*01:02,DQB1*06:02",TEQQWNFAGIEAAAS,False,7.471614147968219,12.96694850921631,"DQA1*01:02,DQB1*06:02:TEQQWNFAGIEAAAS"
6c0aa738bf0ff548e297e2f3703b1e52,"DQA1*01:02,DQB1*06:02",TEQQWNFAGIEAAAS,False,6.478745858364093,10.73116683959961,"DQA1*01:02,DQB1*06:02:TEQQWNFAGIEAAAS"
a1dd9558814de3332fe4d66d03a5d489,"DQA1*01:02,DQB1*06:02",TEQQWNFAGIEAAAS,False,6.5303813258020735,13.83518886566162,"DQA1*01:02,DQB1*06:02:TEQQWNFAGIEAAAS"
1103a22eed6986933481946323c36888,"DQA1*01:02,DQB1*06:02",TEQQWNFAGIEAAAS,False,7.377545746147582,12.19722175598144,"DQA1*01:02,DQB1*06:02:TEQQWNFAGIEAAAS"
7149a7ecf57d0ab6c9a6967417219507,"DQA1*01:02,DQB1*06:02",TEQQWNFAGIEAAAS,False,6.698176336492612,14.99206829071045,"DQA1*01:02,DQB1*06:02:TEQQWNFAGIEAAAS"
5dda28a733b63c505dea11e724bfcc6a,"DQA1*01:02,DQB1*06:02",TEQQWNFAGIEAAAS,False,6.48789151858168,10.5228967666626,"DQA1*01:02,DQB1*06:02:TEQQWNFAGIEAAAS"
a1e9e8354166c6344b2c166de859f149,"DQA1*01:02,DQB1*06:02",TEQQWNFAGIEAAAS,False,6.740484161549157,8.846043586730957,"DQA1*01:02,DQB1*06:02:TEQQWNFAGIEAAAS"
41f28653163e09d832e497c9f1025fb9,"DQA1*01:02,DQB1*06:02",TEQQWNFAGIEAAAS,False,5.80296960048558,10.99624729156494,"DQA1*01:02,DQB1*06:02:TEQQWNFAGIEAAAS"
9bdafa8b4ebf036bb657d8549f13bea2,"DQA1*01:02,DQB1*06:02",TEQQWNFAGIEAAAS,False,5.794178839875028,18.4300708770752,"DQA1*01:02,DQB1*06:02:TEQQWNFAGIEAAAS"
0a000c32d287869dd76549d9ab0479e9,"DQA1*01:02,DQB1*06:02",TEQQWNFAGIEAAAS,False,6.913909834727907,16.16174125671387,"DQA1*01:02,DQB1*06:02:TEQQWNFAGIEAAAS"
b0f266bf39ea7510e3e7f0cd5a1445be,"DQA1*01:02,DQB1*06:02",TEQQWNFAGIEAAAS,False,6.3723435005191496,17.5805606842041,"DQA1*01:02,DQB1*06:02:TEQQWNFAGIEAAAS"
517aee8940ce419c8f226678bbfdbc4f,"DQA1*01:02,DQB1*06:02",TEQQWNFAGIEAAAS,False,6.476878839125202,14.69912815093994,"DQA1*01:02,DQB1*06:02:TEQQWNFAGIEAAAS"
6f7cc59c08ba0a2e85e0d7a7ce9d6215,"DQA1*01:02,DQB1*06:02",TEQQWNFAGIEAAAS,False,6.032322795551607,11.35858345031738,"DQA1*01:02,DQB1*06:02:TEQQWNFAGIEAAAS"
bceafaa3baf3b05ffabbb885f1eea9e4,"DQA1*01:02,DQB1*06:02",TEQQWNFAGIEAAAS,False,7.043769920778553,12.54405879974365,"DQA1*01:02,DQB1*06:02:TEQQWNFAGIEAAAS"
a388cd288a242302c89977f5b609ea99,"DQA1*01:02,DQB1*06:02",TEQQWNFAGIEAAAS,False,6.581176316519612,9.47599983215332,"DQA1*01:02,DQB1*06:02:TEQQWNFAGIEAAAS"
08fcc7ae090f11acc4b6ee8be661fa45,"DQA1*01:02,DQB1*06:02",TEQQWNFAGIEAAAS,False,7.748245125319807,11.24199962615967,"DQA1*01:02,DQB1*06:02:TEQQWNFAGIEAAAS"
b1025a1fbdab15f82ee5712642a6ae3e,"DQA1*01:02,DQB1*06:02",TEQQWNFAGIEAAAS,False,6.500406080366066,18.4570369720459,"DQA1*01:02,DQB1*06:02:TEQQWNFAGIEAAAS"
4ac2f0cc3b0a1cf597de2c6356f0e8bc,"DQA1*01:02,DQB1*06:02",TEQQWNFAGIEAAAS,False,5.510167197874415,8.445795059204102,"DQA1*01:02,DQB1*06:02:TEQQWNFAGIEAAAS"
678a2c27aeda6bcaaf8be494d1783508,"DQA1*01:02,DQB1*06:02",TEQQWNFAGIEAAAS,False,7.643905770265031,10.77539920806885,"DQA1*01:02,DQB1*06:02:TEQQWNFAGIEAAAS"
bc1bac463f832a7a04c796b6982254a7,"DQA1*01:02,DQB1*06:02",TEQQWNFAGIEAAAS,False,6.773924452519556,9.463667869567873,"DQA1*01:02,DQB1*06:02:TEQQWNFAGIEAAAS"
f44e0fca6d0979d3468a9bc7e1bbabf5,"DQA1*01:02,DQB1*06:02",TEQQWNFAGIEAAAS,False,7.684651021657417,9.14071273803711,"DQA1*01:02,DQB1*06:02:TEQQWNFAGIEAAAS"
0a770290e2f66c06a3002a9784bfcfa8,"DQA1*01:02,DQB1*06:02",TEQQWNFAGIEAAAS,False,5.568360599085864,13.76026725769043,"DQA1*01:02,DQB1*06:02:TEQQWNFAGIEAAAS"
4fa9a5834dfd1df28c948793225cb545,"DQA1*01:02,DQB1*06:02",TEQQWNFAGIEAAAS,False,6.29562906078118,15.80496120452881,"DQA1*01:02,DQB1*06:02:TEQQWNFAGIEAAAS"
3667261008d0a6ed897c6f8fba2c4975,"DQA1*01:02,DQB1*06:02",TEQQWNFAGIEAAAS,False,6.479468192273413,14.90817832946777,"DQA1*01:02,DQB1*06:02:TEQQWNFAGIEAAAS"
66906d730405bbee81a2fe36f81bcb3e,"DQA1*01:02,DQB1*06:02",TEQQWNFAGIEAAAS,False,5.45084410556028,11.2649335861206,"DQA1*01:02,DQB1*06:02:TEQQWNFAGIEAAAS"
3f4fc4c340b851efcd9045d273b25c41,"DQA1*01:02,DQB1*06:02",TEQQWNFAGIEAAAS,False,6.715795454932468,9.395546913146973,"DQA1*01:02,DQB1*06:02:TEQQWNFAGIEAAAS"
7e2037cd08cce8f706dd06d0fd661f84,"DQA1*01:02,DQB1*06:02",TEQQWNFAGIEAAAS,False,6.024479459466415,15.2744951248169,"DQA1*01:02,DQB1*06:02:TEQQWNFAGIEAAAS"
2802cbba467590d604729aa75d702328,"DQA1*01:02,DQB1*06:02",TEQQWNFAGIEAAAS,False,7.61197619459953,12.17925262451172,"DQA1*01:02,DQB1*06:02:TEQQWNFAGIEAAAS"
4f2e335547082e39b4121c20894778b2,"DQA1*01:02,DQB1*06:02",TEQQWNFAGIEAAAS,False,7.688555507747205,12.28921318054199,"DQA1*01:02,DQB1*06:02:TEQQWNFAGIEAAAS"
c947e3ba2ffa79be08ec93befedcb7d3,"DQA1*01:02,DQB1*06:02",TEQQWNFAGIEAAAS,False,6.742871981633802,18.6812686920166,"DQA1*01:02,DQB1*06:02:TEQQWNFAGIEAAAS"
af19414e0f603d3c887371e778da5bd9,"DQA1*01:02,DQB1*06:02",TEQQWNFAGIEAAAS,False,6.747314100377044,12.50727367401123,"DQA1*01:02,DQB1*06:02:TEQQWNFAGIEAAAS"
e6edb9b51fa0dc27dcc1f6ae6dd04e17,"DQA1*01:02,DQB1*06:02",TEQQWNFAGIEAAAS,False,6.342729424175463,9.167332649230955,"DQA1*01:02,DQB1*06:02:TEQQWNFAGIEAAAS"
5a85aa5fcdc40d0534cc087b35c8d86b,"DQA1*01:02,DQB1*06:02",TEQQWNFAGIEAAAS,False,5.898502167902495,8.896644592285156,"DQA1*01:02,DQB1*06:02:TEQQWNFAGIEAAAS"
ec0b1f921f0db985563157478fc48c8a,"DQA1*01:02,DQB1*06:02",TEQQWNFAGIEAAAS,False,5.720507345682762,10.99953937530518,"DQA1*01:02,DQB1*06:02:TEQQWNFAGIEAAAS"
9745e989ebf8c45d75c68bc0b2cc114f,"DQA1*01:02,DQB1*06:02",TEQQWNFAGIEAAAS,False,6.696863842671847,11.01206302642822,"DQA1*01:02,DQB1*06:02:TEQQWNFAGIEAAAS"
261d414c183ff4c361d0066c9640837f,"DQA1*01:02,DQB1*06:02",TEQQWNFAGIEAAAS,False,5.412651863408519,8.010666847229004,"DQA1*01:02,DQB1*06:02:TEQQWNFAGIEAAAS"
625f27392a5e2dff75de08efeaf4b783,"DQA1*01:02,DQB1*06:02",TEQQWNFAGIEAAAS,False,5.731316919912372,11.59868907928467,"DQA1*01:02,DQB1*06:02:TEQQWNFAGIEAAAS"
41a26556dce1c385524389676096ddee,"DQA1*01:02,DQB1*06:02",TEQQWNFAGIEAAAS,False,6.324928847758141,8.625688552856445,"DQA1*01:02,DQB1*06:02:TEQQWNFAGIEAAAS"
b527b9479ede8828fb63e3b8f9e39f71,"DQA1*01:02,DQB1*06:02",TEQQWNFAGIEAAAS,False,6.3824392473458085,13.14010715484619,"DQA1*01:02,DQB1*06:02:TEQQWNFAGIEAAAS"
b336b7c52e6938ad37e230d3e91a893a,"DQA1*01:02,DQB1*06:02",TEQQWNFAGIEAAAS,False,7.277146179434027,9.44925594329834,"DQA1*01:02,DQB1*06:02:TEQQWNFAGIEAAAS"
71d6e318a869861b468f20c855f201b5,"DQA1*01:02,DQB1*06:02",TEQQWNFAGIEAAAS,False,8.465089101399766,10.76969146728516,"DQA1*01:02,DQB1*06:02:TEQQWNFAGIEAAAS"
898b102b207eaaf64c9d96dd9c8108e0,"DQA1*01:02,DQB1*06:02",TEQQWNFAGIEAAAS,False,6.535016392079692,9.2139310836792,"DQA1*01:02,DQB1*06:02:TEQQWNFAGIEAAAS"
2d90bebdbf27ba32c7dd64f75ea091f5,"DQA1*01:02,DQB1*06:02",TEQQWNFAGIEAAAS,False,6.767927679134441,9.203582763671877,"DQA1*01:02,DQB1*06:02:TEQQWNFAGIEAAAS"
e624171f5c4e6dd4f3ae198b80609d39,"DQA1*01:02,DQB1*06:02",TEQQWNFAGIEAAAS,False,7.014562905926509,9.334583282470703,"DQA1*01:02,DQB1*06:02:TEQQWNFAGIEAAAS"
cc4a6f4472742c46bd877075072815b0,"DQA1*01:02,DQB1*06:02",TEQQWNFAGIEAAAS,False,6.618585261794702,16.42311859130859,"DQA1*01:02,DQB1*06:02:TEQQWNFAGIEAAAS"
1bc38018a4636c83714180b0e2bff791,"DQA1*01:02,DQB1*06:02",TEQQWNFAGIEAAAS,False,6.210996875648204,10.4949893951416,"DQA1*01:02,DQB1*06:02:TEQQWNFAGIEAAAS"
bb6e0cead602f9620886b8bedfd7df48,"DQA1*01:02,DQB1*06:02",TEQQWNFAGIEAAAS,False,5.808342285796398,12.76466655731201,"DQA1*01:02,DQB1*06:02:TEQQWNFAGIEAAAS"
bf667038461a119aeb35f79bac9200e0,"DQA1*01:02,DQB1*06:02",TEQQWNFAGIEAAAS,False,8.73235482921024,10.89916706085205,"DQA1*01:02,DQB1*06:02:TEQQWNFAGIEAAAS"
105dc4d681c2e8b5c19e7b4e43bef5e6,"DQA1*01:02,DQB1*06:02",TEQQWNFAGIEAAAS,False,6.786588597417176,13.5055627822876,"DQA1*01:02,DQB1*06:02:TEQQWNFAGIEAAAS"
753079173805db1f96ec6c894026e55a,"DQA1*01:02,DQB1*06:02",TEQQWNFAGIEAAAS,False,6.745341479661059,16.37518882751465,"DQA1*01:02,DQB1*06:02:TEQQWNFAGIEAAAS"
360f1f868d883448ba3c4e286728e0f4,"DQA1*01:02,DQB1*06:02",TEQQWNFAGIEAAAS,False,7.074114604339229,10.61669445037842,"DQA1*01:02,DQB1*06:02:TEQQWNFAGIEAAAS"
80381663ffef66d3f23c0b3630a416fd,"DQA1*01:02,DQB1*06:02",TEQQWNFAGIEAAAS,False,6.465475256873003,10.10543632507324,"DQA1*01:02,DQB1*06:02:TEQQWNFAGIEAAAS"
baaea309428dab829d4ecaebe8a24876,"DQA1*01:02,DQB1*06:02",TEQQWNFAGIEAAAS,False,5.9755884037106455,16.78470802307129,"DQA1*01:02,DQB1*06:02:TEQQWNFAGIEAAAS"
466c96d8ecb5a462df9b7655022f331e,"DRA*01:01,DRB1*01:02",TLQSLGAEIAVE,False,5.836951183018582,13.62756156921387,"DRA*01:01,DRB1*01:02:TLQSLGAEIAVE"
71f23c8b9b2dcc981428c89a165d1291,"DRA*01:01,DRB1*01:02",TLQSLGAEIAVE,False,7.963046233850367,7.196706771850586,"DRA*01:01,DRB1*01:02:TLQSLGAEIAVE"
5c45ef75018aeceac6cafbac106bd71f,"DRA*01:01,DRB1*01:02",TLQSLGAEIAVE,False,6.855210094280841,11.76246929168701,"DRA*01:01,DRB1*01:02:TLQSLGAEIAVE"
836508ae8dfb5126e7ecdecf109a2c2f,"DRA*01:01,DRB1*01:02",TLQSLGAEIAVE,False,7.2360017576453854,10.1458330154419,"DRA*01:01,DRB1*01:02:TLQSLGAEIAVE"
be7ecbc24d766210b77932ff2a5385cf,"DRA*01:01,DRB1*01:02",TLQSLGAEIAVE,False,5.913914700816659,9.304055213928224,"DRA*01:01,DRB1*01:02:TLQSLGAEIAVE"
8c8536370bc6c9e6b36fc7ea5f82b50c,"DRA*01:01,DRB1*01:02",TLQSLGAEIAVE,False,6.49622081988029,8.504278182983398,"DRA*01:01,DRB1*01:02:TLQSLGAEIAVE"
ca733f1aaa6b1fff20fe14ec3c7d0e5e,"DRA*01:01,DRB1*01:02",TLQSLGAEIAVE,False,6.109033765244057,14.07204914093018,"DRA*01:01,DRB1*01:02:TLQSLGAEIAVE"
49a6584b0e35e8c13199b0b23e7abffc,"DRA*01:01,DRB1*01:02",TLQSLGAEIAVE,False,6.59996500209591,13.28391647338867,"DRA*01:01,DRB1*01:02:TLQSLGAEIAVE"
cf6796e58bc7e11e27cda9a70b87e4d7,"DRA*01:01,DRB1*01:02",TLQSLGAEIAVE,False,7.5712973902472305,12.74884700775146,"DRA*01:01,DRB1*01:02:TLQSLGAEIAVE"
4ae537f91e068f9409eca3bed511bde0,"DRA*01:01,DRB1*01:02",TLQSLGAEIAVE,False,5.745667581072374,11.93326377868652,"DRA*01:01,DRB1*01:02:TLQSLGAEIAVE"
53424f8ad4199462f76e06cba4b62f49,"DRA*01:01,DRB1*01:02",TLQSLGAEIAVE,False,5.555029817889719,15.76353454589844,"DRA*01:01,DRB1*01:02:TLQSLGAEIAVE"
2e8bff8331a43c0054d4dc4ab5076abc,"DRA*01:01,DRB1*01:02",TLQSLGAEIAVE,False,5.989084887197789,12.99564456939697,"DRA*01:01,DRB1*01:02:TLQSLGAEIAVE"
4618b0aadba58e3e9fc7099b04488fb0,"DRA*01:01,DRB1*01:02",TLQSLGAEIAVE,False,6.741962060724801,18.9037971496582,"DRA*01:01,DRB1*01:02:TLQSLGAEIAVE"
11dbff557ecd598f20f4436127964da2,"DRA*01:01,DRB1*01:02",TLQSLGAEIAVE,False,6.555716962825452,8.21318531036377,"DRA*01:01,DRB1*01:02:TLQSLGAEIAVE"
d9470792de102b80cd0d699b12e6ee51,"DRA*01:01,DRB1*01:02",TLQSLGAEIAVE,False,7.027927826526119,19.53197288513184,"DRA*01:01,DRB1*01:02:TLQSLGAEIAVE"
5ef356c1f12f45c5493f194ca8dc74ef,"DRA*01:01,DRB1*01:02",TLQSLGAEIAVE,False,6.426986847060317,8.412802696228027,"DRA*01:01,DRB1*01:02:TLQSLGAEIAVE"
d58948be57ab11b65898bb3ddd892273,"DRA*01:01,DRB1*01:02",TLQSLGAEIAVE,False,5.876708620467079,10.24551677703857,"DRA*01:01,DRB1*01:02:TLQSLGAEIAVE"
71cb74a46a7928624afcec1692b7f5df,"DRA*01:01,DRB1*01:02",TLQSLGAEIAVE,False,5.702875577702242,9.24018096923828,"DRA*01:01,DRB1*01:02:TLQSLGAEIAVE"
d42e47a999004d870e91d25048e7ea67,"DRA*01:01,DRB1*01:02",TLQSLGAEIAVE,False,5.419449590522201,13.70991134643555,"DRA*01:01,DRB1*01:02:TLQSLGAEIAVE"
fdcab7b1ceb40a1c5a498da75589ddcd,"DRA*01:01,DRB1*01:02",TLQSLGAEIAVE,False,6.2645657946870985,11.07432746887207,"DRA*01:01,DRB1*01:02:TLQSLGAEIAVE"
d1ca74b756c06c784e8cc239850a2b27,"DRA*01:01,DRB1*01:02",TLQSLGAEIAVE,False,7.155459268654094,7.409661769866943,"DRA*01:01,DRB1*01:02:TLQSLGAEIAVE"
9032765463426fcaef5efc5c02b899bb,"DRA*01:01,DRB1*01:02",TLQSLGAEIAVE,False,6.011278925886174,10.87624931335449,"DRA*01:01,DRB1*01:02:TLQSLGAEIAVE"
c806d598cc2f7cd7bb0996401217fff5,"DRA*01:01,DRB1*01:02",TLQSLGAEIAVE,False,8.098914245112393,13.09939098358154,"DRA*01:01,DRB1*01:02:TLQSLGAEIAVE"
e10219d75de0316e378a0b84c852af6e,"DRA*01:01,DRB1*01:02",TLQSLGAEIAVE,False,6.939464931569068,15.62960433959961,"DRA*01:01,DRB1*01:02:TLQSLGAEIAVE"
e406c9069e32eb34d559829669ca669b,"DRA*01:01,DRB1*01:02",TLQSLGAEIAVE,False,8.200098949195512,20.44619750976562,"DRA*01:01,DRB1*01:02:TLQSLGAEIAVE"
c44fa7f6a11de27739bda4f26e6a5724,"DRA*01:01,DRB1*01:02",TLQSLGAEIAVE,False,7.817183220816672,11.09366130828857,"DRA*01:01,DRB1*01:02:TLQSLGAEIAVE"
d65eab601174884562738c5ccbfbe41c,"DRA*01:01,DRB1*01:02",TLQSLGAEIAVE,False,6.650415182620788,10.40109062194824,"DRA*01:01,DRB1*01:02:TLQSLGAEIAVE"
18f24a11e2f29c9b7315690bb2dfa67e,"DRA*01:01,DRB1*01:02",TLQSLGAEIAVE,False,5.6893030815890855,12.62520885467529,"DRA*01:01,DRB1*01:02:TLQSLGAEIAVE"
83a1ff664b0641aef4f3a21a15b71982,"DRA*01:01,DRB1*01:02",TLQSLGAEIAVE,False,6.416615202102979,15.24333381652832,"DRA*01:01,DRB1*01:02:TLQSLGAEIAVE"
fdcf20cc215964ede30615213e0182d3,"DRA*01:01,DRB1*01:02",TLQSLGAEIAVE,False,10.092778896924129,19.28796768188477,"DRA*01:01,DRB1*01:02:TLQSLGAEIAVE"
198fb98ce2ce74aa49a67e6c1af51877,"DRA*01:01,DRB1*01:02",TLQSLGAEIAVE,False,8.132655212378827,8.824638366699219,"DRA*01:01,DRB1*01:02:TLQSLGAEIAVE"
837f41afd1b259fde2caafa8e2ff4f6a,"DRA*01:01,DRB1*01:02",TLQSLGAEIAVE,False,6.900290210310676,15.50605964660644,"DRA*01:01,DRB1*01:02:TLQSLGAEIAVE"
270903346a248ab653c5fd86658d6f4e,"DRA*01:01,DRB1*01:02",TLQSLGAEIAVE,False,6.147691254891355,8.420573234558105,"DRA*01:01,DRB1*01:02:TLQSLGAEIAVE"
9f6d89a7f25ff276c58c7007cd0bc52e,"DRA*01:01,DRB1*01:02",TLQSLGAEIAVE,False,7.033163495757759,9.665267944335938,"DRA*01:01,DRB1*01:02:TLQSLGAEIAVE"
46e282cba7461c0fd7e9e5fe5d91f0fc,"DRA*01:01,DRB1*01:02",TLQSLGAEIAVE,False,5.41323249626728,9.844706535339355,"DRA*01:01,DRB1*01:02:TLQSLGAEIAVE"
6fcae239a9032805ae4cc7188bac0631,"DRA*01:01,DRB1*01:02",TLQSLGAEIAVE,False,8.798779306164036,10.34946441650391,"DRA*01:01,DRB1*01:02:TLQSLGAEIAVE"
25cfbb75357e6b69b9379934c47c9ce8,"DRA*01:01,DRB1*01:02",TLQSLGAEIAVE,False,6.096751054892991,16.90815544128418,"DRA*01:01,DRB1*01:02:TLQSLGAEIAVE"
c7713f7c6ec076dafdcab19a48b34dc0,"DRA*01:01,DRB1*01:02",TLQSLGAEIAVE,False,5.707981915333692,7.856250286102295,"DRA*01:01,DRB1*01:02:TLQSLGAEIAVE"
669dbd05707e47b99c9f6153f97e5c17,"DRA*01:01,DRB1*01:02",TLQSLGAEIAVE,False,5.957472872124304,10.58338737487793,"DRA*01:01,DRB1*01:02:TLQSLGAEIAVE"
993e62469d0cdb49c90bae4ac57fc88b,"DRA*01:01,DRB1*01:02",TLQSLGAEIAVE,False,6.396951680311354,12.16433238983154,"DRA*01:01,DRB1*01:02:TLQSLGAEIAVE"
73221c713cfc7e60ae736f87c895e1ee,"DRA*01:01,DRB1*01:02",TLQSLGAEIAVE,False,6.840756614130031,6.327786922454834,"DRA*01:01,DRB1*01:02:TLQSLGAEIAVE"
e257e6b46de5e2336823243e207eb5c4,"DRA*01:01,DRB1*01:02",TLQSLGAEIAVE,False,6.989623594271479,12.36855792999268,"DRA*01:01,DRB1*01:02:TLQSLGAEIAVE"
27709c7421ba01985e6c05be2778c587,"DRA*01:01,DRB1*01:02",TLQSLGAEIAVE,False,5.730601075116326,8.284643173217773,"DRA*01:01,DRB1*01:02:TLQSLGAEIAVE"
4fa530b7854bcc5ff66566b106be17c3,"DRA*01:01,DRB1*01:02",TLQSLGAEIAVE,False,6.510478106592546,8.446049690246582,"DRA*01:01,DRB1*01:02:TLQSLGAEIAVE"
f77f3b5a086ade29de2c990af9f0e6cb,"DRA*01:01,DRB1*01:02",TLQSLGAEIAVE,False,6.09914705435268,13.40206909179688,"DRA*01:01,DRB1*01:02:TLQSLGAEIAVE"
589ef76644b3345949aa4c8bf657e94a,"DRA*01:01,DRB1*01:02",TLQSLGAEIAVE,False,5.154478350505763,14.09993743896484,"DRA*01:01,DRB1*01:02:TLQSLGAEIAVE"
a47720758385ebdde6c7e4e8fd9fe7f0,"DRA*01:01,DRB1*01:02",TLQSLGAEIAVE,False,6.112059116975172,11.49446392059326,"DRA*01:01,DRB1*01:02:TLQSLGAEIAVE"
b2304c3af15430279a22e0d6998767b9,"DRA*01:01,DRB1*01:02",TLQSLGAEIAVE,False,5.563023757565172,15.16211605072022,"DRA*01:01,DRB1*01:02:TLQSLGAEIAVE"
11ef9f09216a8d47153fe520829de34c,"DRA*01:01,DRB1*01:02",TLQSLGAEIAVE,False,6.525881641051349,16.92302322387695,"DRA*01:01,DRB1*01:02:TLQSLGAEIAVE"
62f006dedc81dfaf724efe6c2056aaee,"DRA*01:01,DRB1*01:02",TLQSLGAEIAVE,False,6.856831479134902,18.22359085083008,"DRA*01:01,DRB1*01:02:TLQSLGAEIAVE"
a56963dfc8cdb344cab2c6df25e2a25c,"DRA*01:01,DRB1*01:02",TLQSLGAEIAVE,False,6.6535575431935925,11.07624912261963,"DRA*01:01,DRB1*01:02:TLQSLGAEIAVE"
0b432cc6fb19a088250d64dfe57a33c0,"DRA*01:01,DRB1*01:02",TLQSLGAEIAVE,False,8.364781270848955,9.656018257141112,"DRA*01:01,DRB1*01:02:TLQSLGAEIAVE"
c230e008d1504fe89d0916ca2346bd96,"DRA*01:01,DRB1*01:02",TLQSLGAEIAVE,False,7.451491099647853,12.25510501861572,"DRA*01:01,DRB1*01:02:TLQSLGAEIAVE"
e71c47f8c280d11bf464038a90e3fad3,"DRA*01:01,DRB1*01:02",TLQSLGAEIAVE,False,8.13793926403757,9.077396392822266,"DRA*01:01,DRB1*01:02:TLQSLGAEIAVE"
8a4e4e6b2cc05d3ce8b8b89447891afb,"DRA*01:01,DRB1*01:02",TLQSLGAEIAVE,False,6.465732287582811,8.335806846618652,"DRA*01:01,DRB1*01:02:TLQSLGAEIAVE"
56d32a79c6994e8fbcad7bf5555726fe,"DRA*01:01,DRB1*01:02",TLQSLGAEIAVE,False,6.573800363010831,10.6716365814209,"DRA*01:01,DRB1*01:02:TLQSLGAEIAVE"
6b0a8fd4cae11437e263904b59caa0c7,"DRA*01:01,DRB1*01:02",TLQSLGAEIAVE,False,5.9929372128318334,7.607734203338623,"DRA*01:01,DRB1*01:02:TLQSLGAEIAVE"
06475ae70f9e558abeafd0ddb19a6b75,"DRA*01:01,DRB1*01:02",TLQSLGAEIAVE,False,5.645744158036044,8.228111267089844,"DRA*01:01,DRB1*01:02:TLQSLGAEIAVE"
7764557f20ae368f47f29e37c164174c,"DRA*01:01,DRB1*01:02",TLQSLGAEIAVE,False,5.929743269380123,7.878750324249268,"DRA*01:01,DRB1*01:02:TLQSLGAEIAVE"
ac1d3a6617690b632166e361a3c750c3,"DRA*01:01,DRB1*01:02",TLQSLGAEIAVE,False,6.59562065228971,13.30249881744385,"DRA*01:01,DRB1*01:02:TLQSLGAEIAVE"
964ad77e8f68b08ff678b0a55e5e99b1,"DRA*01:01,DRB1*01:02",TLQSLGAEIAVE,False,7.0343365967913964,8.868253707885742,"DRA*01:01,DRB1*01:02:TLQSLGAEIAVE"
49990c0b6d910cdcb9b75141cc110aab,"DRA*01:01,DRB1*01:02",TLQSLGAEIAVE,False,7.323281025622036,14.53064155578613,"DRA*01:01,DRB1*01:02:TLQSLGAEIAVE"
321834a37c1729c7ffa201cc5c9e2cef,"DRA*01:01,DRB1*01:02",TLQSLGAEIAVE,False,6.131758173531177,7.329143524169922,"DRA*01:01,DRB1*01:02:TLQSLGAEIAVE"
f726ca08d32fdc119745f3527bbafcb5,"DRA*01:01,DRB1*01:02",TLQSLGAEIAVE,False,6.535011966768035,9.591476440429688,"DRA*01:01,DRB1*01:02:TLQSLGAEIAVE"
2e12ac9d98707587843c8c3eca3f9efb,"DRA*01:01,DRB1*01:02",TLQSLGAEIAVE,False,5.891100322498994,6.641860485076904,"DRA*01:01,DRB1*01:02:TLQSLGAEIAVE"
7fd0c9a981fb934ad6a2b0f78749a7b9,"DRA*01:01,DRB1*01:02",TLQSLGAEIAVE,False,6.523970587198322,15.28867721557617,"DRA*01:01,DRB1*01:02:TLQSLGAEIAVE"
103e55355b6f26a19262de91daac686e,"DRA*01:01,DRB1*01:02",TLQSLGAEIAVE,False,7.614574420283071,9.835339546203612,"DRA*01:01,DRB1*01:02:TLQSLGAEIAVE"
18d946a92a159d5bbdacf3de3c54a0cd,"DRA*01:01,DRB1*01:02",TLQSLGAEIAVE,False,6.598945691113803,13.73919773101807,"DRA*01:01,DRB1*01:02:TLQSLGAEIAVE"
9afb48d3c5ab779a44288aeea2452321,"DRA*01:01,DRB1*01:02",TLQSLGAEIAVE,False,6.318714470040319,10.8163537979126,"DRA*01:01,DRB1*01:02:TLQSLGAEIAVE"
f81861c89a207d783fc5d2a0de3c9a77,"DRA*01:01,DRB1*01:02",TLQSLGAEIAVE,False,6.546009531060485,18.28328514099121,"DRA*01:01,DRB1*01:02:TLQSLGAEIAVE"
3f06a910a750d0c0288e75e913dd19ba,"DRA*01:01,DRB1*01:02",TLQSLGAEIAVE,False,5.714282547366427,13.21439933776856,"DRA*01:01,DRB1*01:02:TLQSLGAEIAVE"
59fc2165c7f04433d26a9f791d57e8d3,"DRA*01:01,DRB1*01:02",TLQSLGAEIAVE,False,8.02823650863279,7.588272094726562,"DRA*01:01,DRB1*01:02:TLQSLGAEIAVE"
3bedcbde26dae1ea07d13559b9fd5f2f,"DRA*01:01,DRB1*01:02",TLQSLGAEIAVE,False,5.855591193858,14.05958271026611,"DRA*01:01,DRB1*01:02:TLQSLGAEIAVE"
9835c481db69ab12ebb40ea44a5f5f23,"DRA*01:01,DRB1*01:02",TLQSLGAEIAVE,False,5.737403140423679,11.72591400146484,"DRA*01:01,DRB1*01:02:TLQSLGAEIAVE"
dd34ee3294e8e4c99aeca7c6ce9868c7,"DRA*01:01,DRB1*01:02",TLQSLGAEIAVE,False,7.449468045439231,14.05815982818604,"DRA*01:01,DRB1*01:02:TLQSLGAEIAVE"
e20d1044f253920f812df9bfb31cec4a,"DRA*01:01,DRB1*01:02",TLQSLGAEIAVE,False,6.630988670956448,11.59375,"DRA*01:01,DRB1*01:02:TLQSLGAEIAVE"
85e75868803eba6e5348a2d4721072f2,"DRA*01:01,DRB1*01:02",TLQSLGAEIAVE,False,5.870874235910528,12.10013389587402,"DRA*01:01,DRB1*01:02:TLQSLGAEIAVE"
9c9db96120be58df11c92ce6d2fd528b,"DRA*01:01,DRB1*01:02",TLQSLGAEIAVE,False,6.125209235462242,5.545278072357178,"DRA*01:01,DRB1*01:02:TLQSLGAEIAVE"
aa02f105b6c09fb8b82e382e6593f126,"DRA*01:01,DRB1*01:02",TLQSLGAEIAVE,False,6.234517181887719,12.42746925354004,"DRA*01:01,DRB1*01:02:TLQSLGAEIAVE"
bed8112f9300feeea24d86853e5c5a1b,"DRA*01:01,DRB1*01:02",TLQSLGAEIAVE,False,7.076387389617808,8.212717056274414,"DRA*01:01,DRB1*01:02:TLQSLGAEIAVE"
9a696ecea8b651cdd5db65af8475c433,"DRA*01:01,DRB1*01:02",TLQSLGAEIAVE,False,6.508302830247319,8.990625381469727,"DRA*01:01,DRB1*01:02:TLQSLGAEIAVE"
5b7da82d76c8d39f520c86aa370b1d54,"DRA*01:01,DRB1*01:02",TLQSLGAEIAVE,False,6.611835208558926,11.07376289367676,"DRA*01:01,DRB1*01:02:TLQSLGAEIAVE"
40c097039a9a051e621cb7defc0b284a,"DRA*01:01,DRB1*01:02",TLQSLGAEIAVE,False,7.100136877434258,9.263591766357422,"DRA*01:01,DRB1*01:02:TLQSLGAEIAVE"
afc7d9b5ea24e6769b053fd4e2d289f6,"DRA*01:01,DRB1*01:02",TLQSLGAEIAVE,False,7.591853945500095,11.62664222717285,"DRA*01:01,DRB1*01:02:TLQSLGAEIAVE"
71701bda38a4d9494826fa3482cb6d13,"DRA*01:01,DRB1*01:02",TLQSLGAEIAVE,False,6.018650104243214,12.00806617736816,"DRA*01:01,DRB1*01:02:TLQSLGAEIAVE"
21167aa61762fb586cbfd233bb4efa26,"DRA*01:01,DRB1*01:02",TLQSLGAEIAVE,False,5.279157563527509,6.959702491760254,"DRA*01:01,DRB1*01:02:TLQSLGAEIAVE"
bf60b93c95d7a4c7b796fa3e84c22f24,"DRA*01:01,DRB1*01:02",TLQSLGAEIAVE,False,7.572570288572901,14.54893779754639,"DRA*01:01,DRB1*01:02:TLQSLGAEIAVE"
3fe980d9f5537d2f413a99f6604adac3,"DRA*01:01,DRB1*01:02",TLQSLGAEIAVE,False,9.697616056524618,14.79570960998535,"DRA*01:01,DRB1*01:02:TLQSLGAEIAVE"
e0c14a33e2455d2801f28736d226ca79,"DRA*01:01,DRB1*01:02",TLQSLGAEIAVE,False,6.759405046350816,10.50373268127441,"DRA*01:01,DRB1*01:02:TLQSLGAEIAVE"
7837da0384490e7d95fba11c67deb8c8,"DRA*01:01,DRB1*01:02",TLQSLGAEIAVE,False,6.243475669692544,8.354000091552734,"DRA*01:01,DRB1*01:02:TLQSLGAEIAVE"
55f356ed7e5fb4ce831149942d91f24a,"DRA*01:01,DRB1*01:02",TLQSLGAEIAVE,False,5.751996013993042,22.91565132141113,"DRA*01:01,DRB1*01:02:TLQSLGAEIAVE"
87d0309f1a82f955d7eac4aa3c0a32f1,"DRA*01:01,DRB1*01:02",TLQSLGAEIAVE,False,5.815795249380495,7.5166335105896,"DRA*01:01,DRB1*01:02:TLQSLGAEIAVE"
b73a420fd587d0973c4c534dd97c38db,"DRA*01:01,DRB1*01:02",TLQSLGAEIAVE,False,7.620983060279935,15.15996932983398,"DRA*01:01,DRB1*01:02:TLQSLGAEIAVE"
cbaa38499cc9b7fc9fb15517a3199484,"DRA*01:01,DRB1*01:02",TLQSLGAEIAVE,False,5.555594181889245,9.070533752441406,"DRA*01:01,DRB1*01:02:TLQSLGAEIAVE"
edc0bc26f1ecefa848a15bebf137357b,"DRA*01:01,DRB1*01:02",TLQSLGAEIAVE,False,6.449594736099243,11.8364200592041,"DRA*01:01,DRB1*01:02:TLQSLGAEIAVE"
28c350ba2deaf7d3d1d58b62500ec138,"DRA*01:01,DRB1*01:02",TLQSLGAEIAVE,False,6.10953317723243,5.035791397094727,"DRA*01:01,DRB1*01:02:TLQSLGAEIAVE"
76d656072cd9a62bd509d83f9b25d347,"DRA*01:01,DRB1*01:02",TLQSLGAEIAVE,False,9.11010070079196,8.358064651489258,"DRA*01:01,DRB1*01:02:TLQSLGAEIAVE"
036530e39a48bd14f925098799093f78,"DRA*01:01,DRB1*01:02",TLQSLGAEIAVE,False,7.526466703907337,31.0,"DRA*01:01,DRB1*01:02:TLQSLGAEIAVE"
2ccef7d742e2b7827bc46c509f9f047a,"DRA*01:01,DRB1*01:02",TLQSLGAEIAVE,False,7.315218711735909,11.41652202606201,"DRA*01:01,DRB1*01:02:TLQSLGAEIAVE"
881389995554b57812196f3986edec06,"DRA*01:01,DRB1*01:02",TLQSLGAEIAVE,False,6.0995952846150825,8.787559509277344,"DRA*01:01,DRB1*01:02:TLQSLGAEIAVE"
d81b15c5694bfdf34d4d06389e57ced7,"DRA*01:01,DRB1*01:02",TLQSLGAEIAVE,False,6.211372118136462,17.64739418029785,"DRA*01:01,DRB1*01:02:TLQSLGAEIAVE"
918a66281f29dd495d7b01ad704ab0fc,"DRA*01:01,DRB1*01:02",TLQSLGAEIAVE,False,6.354749011891411,11.68777751922607,"DRA*01:01,DRB1*01:02:TLQSLGAEIAVE"
d37138c8a41f70ef5a754ca7ed9e047a,"DRA*01:01,DRB1*01:02",TLQSLGAEIAVE,False,7.712320793376249,13.68766593933106,"DRA*01:01,DRB1*01:02:TLQSLGAEIAVE"
0576524822f69f40585830fc93a4abe7,"DRA*01:01,DRB1*01:02",TLQSLGAEIAVE,False,6.116762152205952,11.50931549072266,"DRA*01:01,DRB1*01:02:TLQSLGAEIAVE"
2d271e1ad11dab84c8f010e145a4e2af,"DRA*01:01,DRB1*01:02",TLQSLGAEIAVE,False,6.841394899362053,7.407946109771728,"DRA*01:01,DRB1*01:02:TLQSLGAEIAVE"
b1fa19968feb7ca8369815c9a1045b26,"DRA*01:01,DRB1*01:02",TLQSLGAEIAVE,False,7.306727002283722,10.15193367004394,"DRA*01:01,DRB1*01:02:TLQSLGAEIAVE"
9ca474e2adeaab0f3e6db497b55fcc87,"DRA*01:01,DRB1*01:02",TLQSLGAEIAVE,False,6.176854882520788,16.52900123596191,"DRA*01:01,DRB1*01:02:TLQSLGAEIAVE"
cf53b0010532b2c81a55d766268fc9bb,"DRA*01:01,DRB1*01:02",TLQSLGAEIAVE,False,6.985354236995472,10.76703262329102,"DRA*01:01,DRB1*01:02:TLQSLGAEIAVE"
3683707519f168f477362648b9ef3340,"DRA*01:01,DRB1*01:02",TLQSLGAEIAVE,False,5.186936249489713,7.399818420410156,"DRA*01:01,DRB1*01:02:TLQSLGAEIAVE"
860be436f5e20db9b7922857f33275bc,"DRA*01:01,DRB1*01:02",TLQSLGAEIAVE,False,5.317296226015278,11.40240669250488,"DRA*01:01,DRB1*01:02:TLQSLGAEIAVE"
