pdb,mhc_class,mhc_1_species,replication,pdb_date,job_name,cdr_rmsd,cdr_rmsd_af2_full,cdr_rmsd_af2_trim,docking_rmsd_af3_0,cdr_rmsd_af3_0,peptide_rmsd_af3_0,mhc_rmsd_af3_0,tcr_rmsd_af3_0,docking_rmsd_af3_1,cdr_rmsd_af3_1,peptide_rmsd_af3_1,mhc_rmsd_af3_1,tcr_rmsd_af3_1,docking_rmsd_af3_2,cdr_rmsd_af3_2,peptide_rmsd_af3_2,mhc_rmsd_af3_2,tcr_rmsd_af3_2,docking_rmsd_af3_3,cdr_rmsd_af3_3,peptide_rmsd_af3_3,mhc_rmsd_af3_3,tcr_rmsd_af3_3,docking_rmsd_af3_4,cdr_rmsd_af3_4,peptide_rmsd_af3_4,mhc_rmsd_af3_4,tcr_rmsd_af3_4
4p4k,II,human,true,2014-07-16T00:00:00.000000+0000,b0e34267b89d4f169c8a029da03cae2d,5.18,2.28,3.73,1.7841080481110985,1.6103745758376873,0.6226758143497748,0.7902935648872795,0.9145481156040588,1.7841080481110985,1.6103745758376873,0.6226758143497748,0.7902935648872795,0.9145481156040588,1.7841080481110985,1.6103745758376873,0.6226758143497748,0.7902935648872795,0.9145481156040588,1.7841080481110985,1.6103745758376873,0.6226758143497748,0.7902935648872795,0.9145481156040588,1.7841080481110985,1.6103745758376873,0.6226758143497748,0.7902935648872795,0.9145481156040588
6dfs,II,mouse,true,2019-04-17T00:00:00.000000+0000,a03ca4456e402f9f298ea1e6c69cb944,2.67,4.11,2.56,2.3360498163915553,2.2039613132295153,0.9194127952148421,1.0270503191098046,0.7148969672935365,2.4404599399935414,2.2821773373773215,0.9676944668314637,1.075875369931909,0.7662566090098819,2.4404599399935414,2.2821773373773215,0.9676944668314637,1.075875369931909,0.7662566090098819,2.4404599399935414,2.2821773373773215,0.9676944668314637,1.075875369931909,0.7662566090098819,2.4404599399935414,2.2821773373773215,0.9676944668314637,1.075875369931909,0.7662566090098819
6mnn,II,mouse,true,2019-07-03T00:00:00.000000+0000,c23fa3d97b9019a71bcc78f83e1125ec,3.83,3.89,4.58,1.3834937313951376,1.3611367401114793,0.8671640744767559,0.8994798689746839,0.38214388563462276,1.3834937313951376,1.3611367401114793,0.8671640744767559,0.8994798689746839,0.38214388563462276,1.3960528960624452,1.3351698467485835,0.8260917929214361,0.7470080299311813,0.39727028653727486,1.3960528960624452,1.3351698467485835,0.8260917929214361,0.7470080299311813,0.39727028653727486,1.3960528960624452,1.3351698467485835,0.8260917929214361,0.7470080299311813,0.39727028653727486
4grl,II,human,true,2013-11-06T00:00:00.000000+0000,0719f50275543d7d2308a911619e7852,6.88,8.24,6.35,5.796115679881778,5.767077670103711,5.493866338300814,0.5412322630519186,0.7047824426088047,5.718963772987255,5.68323969795283,5.635200492672246,0.644483485016896,0.7095254370983045,5.718963772987255,5.68323969795283,5.635200492672246,0.644483485016896,0.7095254370983045,5.718963772987255,5.68323969795283,5.635200492672246,0.644483485016896,0.7095254370983045,5.930165822257353,5.798320233888949,6.463206461439907,0.5793290787427579,0.6772933009745308
3c60,II,mouse,true,2008-04-29T00:00:00.000000+0000,34a2e89a1443b37f67619d8d34cd07cc,4.08,3.98,48.35,3.9162942157304017,3.9542111560794893,0.8952013024289406,0.8029320712328488,0.5461675505239405,3.9162942157304017,3.9542111560794893,0.8952013024289406,0.8029320712328488,0.5461675505239405,1.549660606289646,1.6687223660843276,0.754647005366954,0.6754560684289923,0.5326836222828023,2.543729536054898,2.629646894358712,0.8191914884648295,0.8412025323078626,0.540600657028211,2.543729536054898,2.629646894358712,0.8191914884648295,0.8412025323078626,0.540600657028211
6dfx,II,human,true,2019-04-17T00:00:00.000000+0000,22db7156d2f886e235bce0725a86694b,4.07,4.17,7.63,0.7837353824104795,1.0436916370879308,1.2478901745764817,0.7437813673207052,0.6825710673942406,0.7837353824104795,1.0436916370879308,1.2478901745764817,0.7437813673207052,0.6825710673942406,0.7831920821767941,1.0147755019940985,1.3689819022448202,0.7157413530794601,0.7007417033402704,0.6797787610908432,0.7764118924808837,1.2135269962167918,0.8005298412486747,0.6545781917344964,0.6797787610908432,0.7764118924808837,1.2135269962167918,0.8005298412486747,0.6545781917344964
3rdt,II,mouse,true,2011-12-07T00:00:00.000000+0000,2eb7f076c11e51d2ff53f65251a8a6cb,3.83,4.6,2.72,2.3104791331759267,2.464005907511816,0.42833626070667363,1.0300033965922197,0.6481850730971226,2.452888521515973,2.6795770263930745,0.39046952509427196,0.9712763628831096,0.7003905341182041,2.3116809745429556,2.420258492151949,0.43978621308279464,0.9276039279067764,0.6349630139729242,2.3116809745429556,2.420258492151949,0.43978621308279464,0.9276039279067764,0.6349630139729242,2.3116809745429556,2.420258492151949,0.43978621308279464,0.9276039279067764,0.6349630139729242
3c5z,II,mouse,true,2008-04-29T00:00:00.000000+0000,fc4719ead81feeb2ab9ff1d6acf12cbf,2.33,48.92,48.0,47.01709045201649,47.32048372321932,77.11342342971884,0.6579543032406823,0.596682423795663,46.90402856011551,47.23951172007858,78.53781113646397,0.8780864964604388,0.5470367242020574,46.90402856011551,47.23951172007858,78.53781113646397,0.8780864964604388,0.5470367242020574,46.861660909793244,47.18486452542239,78.47809881396539,0.7602330246085168,0.5083679868067849,46.9784783015759,47.292044802747405,78.5161925724508,0.6155467314654343,0.4605675643003014
6dfw,II,mouse,true,2019-04-17T00:00:00.000000+0000,a89cd658f1f4eeaf321acb4e191e63fd,3.1,3.32,4.31,2.0280283820731184,2.5493672793389957,49.90254977017659,1.131035325751485,1.3136593381813713,2.0698570657633537,2.6393971162033747,39.843728262003346,1.527993808389034,1.2270860122309541,2.289706890605838,2.7676634354732257,49.990687908544,1.124657781342613,1.229752978168761,2.289706890605838,2.7676634354732257,49.990687908544,1.124657781342613,1.229752978168761,2.289706890605838,2.7676634354732257,49.990687908544,1.124657781342613,1.229752978168761
3o6f,II,human,true,2011-03-02T00:00:00.000000+0000,96b9104ef308fef91dbb9bea88fb6c9a,3.93,2.68,1.9,1.7118083962455592,1.6056192046086177,1.5514001623434759,0.6918977008392777,0.9897587944990844,1.7118083962455592,1.6056192046086177,1.5514001623434759,0.6918977008392777,0.9897587944990844,1.7118083962455592,1.6056192046086177,1.5514001623434759,0.6918977008392777,0.9897587944990844,1.8938780559216266,2.1336841128401356,1.6192386498428446,0.6785941643003662,1.0198842266159343,1.8938780559216266,2.1336841128401356,1.6192386498428446,0.6785941643003662,1.0198842266159343
3pl6,II,human,true,2010-12-22T00:00:00.000000+0000,451909ad10e2f6aeb6c18ebfa4d1e67a,5.75,4.99,4.16,8.954884158847438,8.633760582802351,1.4159862322661532,0.6788509406289046,0.7499926446192472,8.954884158847438,8.633760582802351,1.4159862322661532,0.6788509406289046,0.7499926446192472,8.954884158847438,8.633760582802351,1.4159862322661532,0.6788509406289046,0.7499926446192472,8.954884158847438,8.633760582802351,1.4159862322661532,0.6788509406289046,0.7499926446192472,8.954884158847438,8.633760582802351,1.4159862322661532,0.6788509406289046,0.7499926446192472
6bga,II,mouse,true,2018-07-18T00:00:00.000000+0000,9848c57a2301ecc2bd85803640fc29b8,2.46,2.0,2.28,0.38198147064432525,0.506970335201597,0.3243520578250327,0.9354409954397213,0.46318962877185704,0.6330108812569399,0.7014448219661755,0.332872183762651,0.9668908394272075,0.516623726184543,0.6330108812569399,0.7014448219661755,0.332872183762651,0.9668908394272075,0.516623726184543,0.6330108812569399,0.7014448219661755,0.332872183762651,0.9668908394272075,0.516623726184543,0.5876172808941325,0.6727785225893333,0.37501896730569595,1.14304742396751,0.47769896690155467
8vd0,II,human,false,2024-08-07T00:00:00.000000+0000,39bf4e6e65f6b042d9340128ecd79037,,,,1.4583492001679452,3.022954228403272,3.6189761908162073,0.5397770126952819,1.3270335146600172,1.4583492001679452,3.022954228403272,3.6189761908162073,0.5397770126952819,1.3270335146600172,1.597840630298978,2.968575774024374,3.6536935369071504,0.5583571025390262,1.2529298994247409,1.597840630298978,2.968575774024374,3.6536935369071504,0.5583571025390262,1.2529298994247409,3.0442020210711056,4.028373215062556,3.7030883894616715,0.547442735526133,1.4464740178263877
4qrp,I,human,true,2014-11-12T00:00:00.000000+0000,127da066136f99e023c6e797c81e3dcc,2.79,25.53,23.27,1.6023545846208953,1.6999973124486751,0.5441357800362134,1.4670673157665766,0.6611921123183387,2.1224833668198606,2.2114522287919685,0.6074474068643392,1.421669396269383,0.7536887739041735,2.1224833668198606,2.2114522287919685,0.6074474068643392,1.421669396269383,0.7536887739041735,2.1224833668198606,2.2114522287919685,0.6074474068643392,1.421669396269383,0.7536887739041735,2.1224833668198606,2.2114522287919685,0.6074474068643392,1.421669396269383,0.7536887739041735
1ao7,I,human,true,1997-09-17T00:00:00.000000+0000,c567370637b2e928683fece893312920,4.89,6.23,6.4,0.6554529201834723,0.7471861363516947,0.346595674192517,0.77751785793883,0.6726128913385006,0.6554529201834723,0.7471861363516947,0.346595674192517,0.77751785793883,0.6726128913385006,0.6554529201834723,0.7471861363516947,0.346595674192517,0.77751785793883,0.6726128913385006,0.6554529201834723,0.7471861363516947,0.346595674192517,0.77751785793883,0.6726128913385006,0.6554529201834723,0.7471861363516947,0.346595674192517,0.77751785793883,0.6726128913385006
1bd2,I,human,true,1998-08-19T00:00:00.000000+0000,d56673afb5c30801f4b7623ffa3dec14,4.92,6.27,3.99,2.5478032150066845,2.961717704568839,1.1146917234981764,0.7864868213506369,0.940844766908878,2.323653093992966,2.380639675377013,0.34295670469174344,0.8385728452240524,0.764674380852834,2.323653093992966,2.380639675377013,0.34295670469174344,0.8385728452240524,0.764674380852834,2.323653093992966,2.380639675377013,0.34295670469174344,0.8385728452240524,0.764674380852834,2.323653093992966,2.380639675377013,0.34295670469174344,0.8385728452240524,0.764674380852834
1d9k,II,mouse,true,1999-12-15T00:00:00.000000+0000,deea7d9b9057902cad9e999d5d7df51b,3.74,2.82,3.84,2.2523811455416483,2.4687388317022854,1.4670408014766514,0.8099214613635878,0.9966330322062393,1.6297875332115077,2.216903441455875,1.7947891965919474,0.824704350312978,0.999683472319232,1.6297875332115077,2.216903441455875,1.7947891965919474,0.824704350312978,0.999683472319232,1.6297875332115077,2.216903441455875,1.7947891965919474,0.824704350312978,0.999683472319232,1.6297875332115077,2.216903441455875,1.7947891965919474,0.824704350312978,0.999683472319232
1fo0,I,mouse,true,2000-10-02T00:00:00.000000+0000,4b929544c778dc7f26f29750fef42c36,4.85,4.75,6.15,1.4572925849351444,1.7769004550968837,0.28418945074773716,0.7316294951017746,0.6821919948158608,1.9649556601306448,2.4527782826547804,0.2757769481876551,0.7350732894991748,0.7370055524758347,1.9649556601306448,2.4527782826547804,0.2757769481876551,0.7350732894991748,0.7370055524758347,1.3573452541698152,1.9221638414586022,0.3142409820333751,0.9427203914966744,0.8284899660131789,1.3573452541698152,1.9221638414586022,0.3142409820333751,0.9427203914966744,0.8284899660131789
1fyt,II,human,true,2000-11-08T00:00:00.000000+0000,5f8f53c3e990d2ed830051422f8bb075,,,,1.799687796631913,2.2727703266230153,0.35806357929827987,0.5710689610089174,1.3533336546739383,1.799687796631913,2.2727703266230153,0.35806357929827987,0.5710689610089174,1.3533336546739383,1.799687796631913,2.2727703266230153,0.35806357929827987,0.5710689610089174,1.3533336546739383,1.799687796631913,2.2727703266230153,0.35806357929827987,0.5710689610089174,1.3533336546739383,1.799687796631913,2.2727703266230153,0.35806357929827987,0.5710689610089174,1.3533336546739383
1g6r,I,mouse,true,2000-11-15T00:00:00.000000+0000,277b70185045869f93600855fb86c894,3.34,3.8,40.38,1.076602369365646,1.271814426022955,0.399142999412702,0.7159191401707875,0.840242192015225,0.7209908034739866,0.9027063793453021,0.3812926292662137,0.6931449754876639,0.7188894742609389,0.7209908034739866,0.9027063793453021,0.3812926292662137,0.6931449754876639,0.7188894742609389,0.7209908034739866,0.9027063793453021,0.3812926292662137,0.6931449754876639,0.7188894742609389,0.7209908034739866,0.9027063793453021,0.3812926292662137,0.6931449754876639,0.7188894742609389
1j8h,II,human,true,2002-03-13T00:00:00.000000+0000,76df88db619e4c8301946482d0258c95,4.39,2.42,2.4,1.118077150134499,1.1221770115446585,0.38158126873329595,0.48717202997845455,1.104556060730854,1.118077150134499,1.1221770115446585,0.38158126873329595,0.48717202997845455,1.104556060730854,1.118077150134499,1.1221770115446585,0.38158126873329595,0.48717202997845455,1.104556060730854,1.118077150134499,1.1221770115446585,0.38158126873329595,0.48717202997845455,1.104556060730854,1.118077150134499,1.1221770115446585,0.38158126873329595,0.48717202997845455,1.104556060730854
1kj2,I,mouse,true,2002-03-27T00:00:00.000000+0000,bdf5f09041d53ff9348dc8354e448186,6.79,5.71,7.6,0.8594413403243218,1.529902052453339,0.3783416979913864,0.6842896448619877,1.1095699462946687,0.8594413403243218,1.529902052453339,0.3783416979913864,0.6842896448619877,1.1095699462946687,0.8594413403243218,1.529902052453339,0.3783416979913864,0.6842896448619877,1.1095699462946687,0.5123221582610133,1.2000208577699203,0.3868178687219892,0.5947621975668438,0.9576294955655572,0.5123221582610133,1.2000208577699203,0.3868178687219892,0.5947621975668438,0.9576294955655572
1lp9,I,human,true,2003-11-11T00:00:00.000000+0000,0c97d72e01837cf2ca188d98939bf3a2,,,,4.222311515651963,4.348651873921795,0.42612801186113713,0.8855372517279769,1.4796512263541814,4.222311515651963,4.348651873921795,0.42612801186113713,0.8855372517279769,1.4796512263541814,4.619516452526781,4.698701143615958,0.4353315440673409,1.075054407382787,1.4719314863769912,4.619516452526781,4.698701143615958,0.4353315440673409,1.075054407382787,1.4719314863769912,4.073450436342866,4.280120501992035,0.4385511673686493,1.0618731303313087,1.3915890430046045
1mi5,I,human,true,2003-02-04T00:00:00.000000+0000,72a8e71c098925fa760e06cc63aa2ef3,6.64,16.34,33.22,1.5025476968588227,2.850503911118689,0.4581364544595908,0.9407291943032767,1.2448074116286347,1.5025476968588227,2.850503911118689,0.4581364544595908,0.9407291943032767,1.2448074116286347,1.5025476968588227,2.850503911118689,0.4581364544595908,0.9407291943032767,1.2448074116286347,1.5025476968588227,2.850503911118689,0.4581364544595908,0.9407291943032767,1.2448074116286347,1.5025476968588227,2.850503911118689,0.4581364544595908,0.9407291943032767,1.2448074116286347
1mwa,I,mouse,true,2002-11-27T00:00:00.000000+0000,7299a76d2cad5d41029bb7ca139062ba,3.89,3.48,3.54,0.5770224247876833,0.6743184848624675,0.23544103140903833,0.6496262241962644,0.5054514763936953,0.5770224247876833,0.6743184848624675,0.23544103140903833,0.6496262241962644,0.5054514763936953,0.7103096720764168,0.7778295108061941,0.22366539609875227,0.7156237487494622,0.5194722016700624,0.7103096720764168,0.7778295108061941,0.22366539609875227,0.7156237487494622,0.5194722016700624,0.7103096720764168,0.7778295108061941,0.22366539609875227,0.7156237487494622,0.5194722016700624
1nam,I,mouse,true,2003-03-11T00:00:00.000000+0000,0d046784a09c8683597b7ffbf32324a8,4.98,4.67,4.95,1.5070613289223866,1.9777563286198716,0.26641985053240075,1.0252554894812373,0.9145302481834483,1.5070613289223866,1.9777563286198716,0.26641985053240075,1.0252554894812373,0.9145302481834483,1.5070613289223866,1.9777563286198716,0.26641985053240075,1.0252554894812373,0.9145302481834483,1.5070613289223866,1.9777563286198716,0.26641985053240075,1.0252554894812373,0.9145302481834483,1.5070613289223866,1.9777563286198716,0.26641985053240075,1.0252554894812373,0.9145302481834483
1oga,I,human,true,2003-06-19T00:00:00.000000+0000,b8684859422e685d77ad115d940e0c04,6.65,7.14,27.02,1.5906278507675764,1.5801666637970655,0.3939367555584364,0.7147188493400796,0.972536218776072,1.5906278507675764,1.5801666637970655,0.3939367555584364,0.7147188493400796,0.972536218776072,0.8859753788460301,0.9482790513125442,0.369501944727453,0.6120401163743302,0.9368315933016876,0.8859753788460301,0.9482790513125442,0.369501944727453,0.6120401163743302,0.9368315933016876,0.9260623656977264,0.9668832684712243,0.37373168194740664,0.6721464061206566,0.9282619056319255
1qrn,I,human,true,1999-10-14T00:00:00.000000+0000,24e695b841cd8fe1fd5728adc397f7cf,,,,0.4819140157668531,0.7484298679021955,0.2787378263029295,0.6808308407965774,0.5299612095413667,0.4819140157668531,0.7484298679021955,0.2787378263029295,0.6808308407965774,0.5299612095413667,0.3219267809387472,0.45850968846462375,0.29837228043684005,0.6652895321803923,0.47456915762510604,0.3219267809387472,0.45850968846462375,0.29837228043684005,0.6652895321803923,0.47456915762510604,0.3219267809387472,0.45850968846462375,0.29837228043684005,0.6652895321803923,0.47456915762510604
1qse,I,human,true,1999-12-21T00:00:00.000000+0000,bd346f68564cc380bd63bbf2014ad7ae,,,,0.6958965027901357,0.7331065018924985,0.43549131799144264,0.8743151658158795,0.47208302362987614,0.6958965027901357,0.7331065018924985,0.43549131799144264,0.8743151658158795,0.47208302362987614,0.6958965027901357,0.7331065018924985,0.43549131799144264,0.8743151658158795,0.47208302362987614,0.6958965027901357,0.7331065018924985,0.43549131799144264,0.8743151658158795,0.47208302362987614,0.6958965027901357,0.7331065018924985,0.43549131799144264,0.8743151658158795,0.47208302362987614
1qsf,I,human,true,1999-12-21T00:00:00.000000+0000,3c35949eab292eac548020ecfe509857,,,,0.7355654299916707,0.8643229623397396,0.31949991356523827,0.7751506180396506,0.6459836293695753,0.5664621613606672,0.6865658588428729,0.307700727251612,0.7516025340625254,0.6243942738825181,0.5664621613606672,0.6865658588428729,0.307700727251612,0.7516025340625254,0.6243942738825181,0.5664621613606672,0.6865658588428729,0.307700727251612,0.7516025340625254,0.6243942738825181,0.5664621613606672,0.6865658588428729,0.307700727251612,0.7516025340625254,0.6243942738825181
1u3h,II,mouse,true,2005-05-17T00:00:00.000000+0000,d2bdbb1c12b591e948cdc021b1d0005c,3.17,2.13,2.31,0.5097541834171002,0.7888078663079257,0.3515729978936428,0.581670261378726,0.6597493808803025,0.4896555615910164,0.7947414876617086,0.36047805835651664,0.5966961191922326,0.6801124458312567,0.4896555615910164,0.7947414876617086,0.36047805835651664,0.5966961191922326,0.6801124458312567,0.4896555615910164,0.7947414876617086,0.36047805835651664,0.5966961191922326,0.6801124458312567,0.7177012785271286,1.1677549956611093,0.3623997064656213,0.6230432217118932,0.6802016484585616
1ymm,II,human,true,2005-05-03T00:00:00.000000+0000,b879e9bb481507660c9f62543e632560,,,,24.844325491393146,22.37053290992898,0.6080018785922285,1.139430770424872,2.0131629930252646,13.927529795096836,13.694838537226984,0.4937707828288831,1.164851774860726,2.012378661930791,13.927529795096836,13.694838537226984,0.4937707828288831,1.164851774860726,2.012378661930791,13.927529795096836,13.694838537226984,0.4937707828288831,1.164851774860726,2.012378661930791,13.927529795096836,13.694838537226984,0.4937707828288831,1.164851774860726,2.012378661930791
1zgl,II,human,true,2005-10-18T00:00:00.000000+0000,19436c183927325d35b5b7411776490f,3.61,1.84,10.51,8.859683362422361,9.068366318761845,4.1298049416816145,0.8886926810986298,1.2999958459482712,11.28604455844796,11.268505766397363,2.761336174943785,0.8426560093350478,1.3069699947795763,11.28604455844796,11.268505766397363,2.761336174943785,0.8426560093350478,1.3069699947795763,11.28604455844796,11.268505766397363,2.761336174943785,0.8426560093350478,1.3069699947795763,11.28604455844796,11.268505766397363,2.761336174943785,0.8426560093350478,1.3069699947795763
2ak4,I,human,true,2005-10-11T00:00:00.000000+0000,9c600a2abd512aa1c40b669a1ff41443,,,,1.115839245695721,2.1747531556811692,0.3110928430906419,0.9816535462542714,0.8519340402037113,1.115839245695721,2.1747531556811692,0.3110928430906419,0.9816535462542714,0.8519340402037113,1.115839245695721,2.1747531556811692,0.3110928430906419,0.9816535462542714,0.8519340402037113,1.2600894218471268,2.4605793909458926,0.28404397885147603,0.9759432438303073,1.0362896879569763,1.2600894218471268,2.4605793909458926,0.28404397885147603,0.9759432438303073,1.0362896879569763
2bnq,I,human,true,2005-05-23T00:00:00.000000+0000,ce77dbef9d7b1c2da61ac41b9c058857,,,,0.8141966823251836,0.7618993513774927,0.24742573589256883,0.5397404768740423,0.41415694399472114,0.8141966823251836,0.7618993513774927,0.24742573589256883,0.5397404768740423,0.41415694399472114,0.8141966823251836,0.7618993513774927,0.24742573589256883,0.5397404768740423,0.41415694399472114,1.1388552173674598,1.0760127525293577,0.3427068037870125,0.5864298837395413,0.4053732444189361,1.1388552173674598,1.0760127525293577,0.3427068037870125,0.5864298837395413,0.4053732444189361
2bnr,I,human,true,2005-05-23T00:00:00.000000+0000,d5721bea430f5ca1d86fa58f78b17637,4.57,5.96,7.78,0.9608463565386126,0.9511356938128351,0.30108666139685797,0.5680552278209253,0.4532930707402876,0.9608463565386126,0.9511356938128351,0.30108666139685797,0.5680552278209253,0.4532930707402876,0.9608463565386126,0.9511356938128351,0.30108666139685797,0.5680552278209253,0.4532930707402876,1.2476544982941868,1.2188979594871383,0.4048510166997049,0.6177427929616801,0.41921668980260923,0.6692623104785749,0.6890849025995681,0.34127553105777303,0.564230916784332,0.3931015237898533
2ckb,I,mouse,true,1998-04-29T00:00:00.000000+0000,d2e444487bd8c2863d7c7ce8b454a086,,,,3.904467693007436,3.6303539038648625,0.4535780358498144,0.7895995553019919,0.9815866309611865,0.5816877096759566,0.9183507070514859,0.4968229058875819,0.6925864304517643,0.8835961284611272,0.5816877096759566,0.9183507070514859,0.4968229058875819,0.6925864304517643,0.8835961284611272,0.5816877096759566,0.9183507070514859,0.4968229058875819,0.6925864304517643,0.8835961284611272,0.5816877096759566,0.9183507070514859,0.4968229058875819,0.6925864304517643,0.8835961284611272
2e7l,I,mouse,true,2007-04-24T00:00:00.000000+0000,04462a9ddc2ee78571c808a27478588b,,,,0.690188451127464,0.8143129902182434,0.6782705638028117,0.48961405533970764,0.874894519582506,0.690188451127464,0.8143129902182434,0.6782705638028117,0.48961405533970764,0.874894519582506,0.690188451127464,0.8143129902182434,0.6782705638028117,0.48961405533970764,0.874894519582506,0.690188451127464,0.8143129902182434,0.6782705638028117,0.48961405533970764,0.874894519582506,0.690188451127464,0.8143129902182434,0.6782705638028117,0.48961405533970764,0.874894519582506
2esv,I,human,true,2006-03-21T00:00:00.000000+0000,f3cb16e42bd4cd54306bb2fe01aaf8ef,,,,0.5500626677338791,0.7788782858384975,0.29505296926665003,0.6743001605349769,0.5747922397551084,0.7452857363265952,0.9101558630768662,0.29268378666358463,0.651256641924279,0.5700041690400213,0.7452857363265952,0.9101558630768662,0.29268378666358463,0.651256641924279,0.5700041690400213,0.7452857363265952,0.9101558630768662,0.29268378666358463,0.651256641924279,0.5700041690400213,0.7452857363265952,0.9101558630768662,0.29268378666358463,0.651256641924279,0.5700041690400213
2f53,I,human,true,2006-04-25T00:00:00.000000+0000,a938c4cc9328b38355ce96cfd2e8b4f6,,,,0.7546522794261721,0.8695960045129557,0.2465509299707076,0.8953888359745652,0.5903265349690355,0.7546522794261721,0.8695960045129557,0.2465509299707076,0.8953888359745652,0.5903265349690355,0.5135074191585323,0.6463474079030522,0.302380238392286,0.9676084458434809,0.6227409211515164,0.5135074191585323,0.6463474079030522,0.302380238392286,0.9676084458434809,0.6227409211515164,0.5135074191585323,0.6463474079030522,0.302380238392286,0.9676084458434809,0.6227409211515164
2f54,I,human,true,2006-04-25T00:00:00.000000+0000,f877224c6206a35c1667285309033607,,,,0.5183056409844499,0.6568943222721568,0.3127766079648564,0.8206593621241144,0.62196610167072,0.5183056409844499,0.6568943222721568,0.3127766079648564,0.8206593621241144,0.62196610167072,0.5183056409844499,0.6568943222721568,0.3127766079648564,0.8206593621241144,0.62196610167072,0.5183056409844499,0.6568943222721568,0.3127766079648564,0.8206593621241144,0.62196610167072,0.5183056409844499,0.6568943222721568,0.3127766079648564,0.8206593621241144,0.62196610167072
2gj6,I,human,true,2006-10-03T00:00:00.000000+0000,4f89efe7de92397c5e55d71fb6bd1443,,,,0.865812132526395,1.6120705523386605,0.29129383433501627,0.5841422591272852,0.7648784011658836,0.865812132526395,1.6120705523386605,0.29129383433501627,0.5841422591272852,0.7648784011658836,0.9277897026521764,1.2429958487005284,0.3288477833186317,0.6093259762087805,0.6036875010044872,0.9277897026521764,1.2429958487005284,0.3288477833186317,0.6093259762087805,0.6036875010044872,0.9277897026521764,1.2429958487005284,0.3288477833186317,0.6093259762087805,0.6036875010044872
2iam,II,human,true,2007-04-03T00:00:00.000000+0000,2a5f2fc8cd21e390abbeefddbfb22c89,3.27,2.02,1.93,1.3774172395523965,1.5730925393817987,1.1687731123655345,0.6314289642255558,0.8761645502698973,1.2671413082753245,1.4412206549475608,0.9657714141090105,0.6029680463284894,0.7309385063946302,1.2671413082753245,1.4412206549475608,0.9657714141090105,0.6029680463284894,0.7309385063946302,1.0575217489486348,1.2664923008513662,1.1929538829924795,0.6894327321530006,0.7648418669137506,1.0575217489486348,1.2664923008513662,1.1929538829924795,0.6894327321530006,0.7648418669137506
2ian,II,human,true,2007-04-03T00:00:00.000000+0000,0bc05857e4748600456c82e591467eab,,,,1.4324406626388195,1.5277554178007449,0.8161020987518931,0.5804934703618214,0.748407460645373,1.2176735585219522,1.34695929517874,0.6903132477346251,0.4795740027815553,0.6308218362067348,1.2176735585219522,1.34695929517874,0.6903132477346251,0.4795740027815553,0.6308218362067348,1.2176735585219522,1.34695929517874,0.6903132477346251,0.4795740027815553,0.6308218362067348,1.2176735585219522,1.34695929517874,0.6903132477346251,0.4795740027815553,0.6308218362067348
2j8u,I,human,true,2007-10-16T00:00:00.000000+0000,e7fa8b01ddd4d2a35560c41efd21f7fc,,,,3.393476850758365,3.7454829289954183,0.5515447667242153,0.8073703582895447,1.5673314051897926,3.745930452733331,3.9270313091691698,0.43490231723568645,0.9704101863591599,1.4322951282383032,3.787566657838898,3.990971063047104,0.4314215784518142,0.9999669652488524,1.52370362353773,3.787566657838898,3.990971063047104,0.4314215784518142,0.9999669652488524,1.52370362353773,3.787566657838898,3.990971063047104,0.4314215784518142,0.9999669652488524,1.52370362353773
2jcc,I,human,true,2007-10-09T00:00:00.000000+0000,da11e5dd8208f104d23d797113b81efb,,,,3.9315116785209425,4.041516230554317,0.3960491947333586,0.8083980015286081,1.485285443103056,4.049931938369764,4.230436400251804,0.3610636870429481,0.9358478234349403,1.356989326316888,4.049931938369764,4.230436400251804,0.3610636870429481,0.9358478234349403,1.356989326316888,3.744724068556906,3.9738038950079573,0.4253369692633742,0.944356803803261,1.380045896243637,3.744724068556906,3.9738038950079573,0.4253369692633742,0.944356803803261,1.380045896243637
2nx5,I,human,true,2007-02-27T00:00:00.000000+0000,8aa5cacf368853c062808ee89f3bcaf1,,,,2.1308832711817947,2.0987763701352993,0.8172627675836298,0.9019489681151789,0.7932305713959933,2.147908010797478,2.0781569130356385,2.367773041813203,0.9413532762831225,0.7344610321464814,2.147908010797478,2.0781569130356385,2.367773041813203,0.9413532762831225,0.7344610321464814,2.147908010797478,2.0781569130356385,2.367773041813203,0.9413532762831225,0.7344610321464814,2.147908010797478,2.0781569130356385,2.367773041813203,0.9413532762831225,0.7344610321464814
2oi9,I,mouse,true,2007-04-24T00:00:00.000000+0000,3edd3858795f29e110be542677f04eb2,4.13,2.71,2.75,0.7741160440774658,0.7733080249655055,0.7584628135973802,0.4952512656522854,0.7291813376980603,0.7741160440774658,0.7733080249655055,0.7584628135973802,0.4952512656522854,0.7291813376980603,0.7741160440774658,0.7733080249655055,0.7584628135973802,0.4952512656522854,0.7291813376980603,1.0248462705583785,1.0343645001184834,0.7012342191491736,0.49659257108600746,0.7840187248781307,1.0248462705583785,1.0343645001184834,0.7012342191491736,0.49659257108600746,0.7840187248781307
2ol3,I,mouse,true,2007-04-03T00:00:00.000000+0000,05ce645063c39c5ba48b642073df495c,3.65,5.41,4.99,1.5290768896024867,2.4840330531933636,0.44648256019233157,1.081809444706798,0.9924544232168347,1.9231166962300776,2.3735136377776134,0.5856962958117318,1.159958465320198,0.9116430590314694,1.9231166962300776,2.3735136377776134,0.5856962958117318,1.159958465320198,0.9116430590314694,1.9231166962300776,2.3735136377776134,0.5856962958117318,1.159958465320198,0.9116430590314694,1.9231166962300776,2.3735136377776134,0.5856962958117318,1.159958465320198,0.9116430590314694
2p5e,I,human,true,2007-09-25T00:00:00.000000+0000,6ec8dc6d7587ff79bf8c3864dcdc0c80,,,,0.8088335857115977,0.9914011302102704,0.2676050749091315,0.6049457548660807,0.7737497027666363,0.8088335857115977,0.9914011302102704,0.2676050749091315,0.6049457548660807,0.7737497027666363,0.8088335857115977,0.9914011302102704,0.2676050749091315,0.6049457548660807,0.7737497027666363,0.8088335857115977,0.9914011302102704,0.2676050749091315,0.6049457548660807,0.7737497027666363,0.8088335857115977,0.9914011302102704,0.2676050749091315,0.6049457548660807,0.7737497027666363
2p5w,I,human,true,2007-09-25T00:00:00.000000+0000,f9cbc333ac0f58f9cd1a5b891051ba2b,,,,0.803151977426411,1.0272507195808027,0.35240998179444855,0.5952421839721626,0.7380858151807489,0.6116171612129959,0.6488104789976252,0.35641819269720243,0.48239404749310655,0.5170230989098328,0.6116171612129959,0.6488104789976252,0.35641819269720243,0.48239404749310655,0.5170230989098328,0.6116171612129959,0.6488104789976252,0.35641819269720243,0.48239404749310655,0.5170230989098328,0.6116171612129959,0.6488104789976252,0.35641819269720243,0.48239404749310655,0.5170230989098328
2pxy,II,mouse,true,2007-10-09T00:00:00.000000+0000,760fc0ee4d7764b1806ba1c6a76e732c,,,,0.34920510987337616,0.4586249267662209,0.285069873982802,0.615402606031926,0.5179699025001044,0.2163051465280937,0.4176217967489615,0.30295965668056013,0.5393182924160757,0.47786416817253624,0.2163051465280937,0.4176217967489615,0.30295965668056013,0.5393182924160757,0.47786416817253624,0.2163051465280937,0.4176217967489615,0.30295965668056013,0.5393182924160757,0.47786416817253624,0.2163051465280937,0.4176217967489615,0.30295965668056013,0.5393182924160757,0.47786416817253624
2pye,I,human,true,2007-09-25T00:00:00.000000+0000,8acad2e56b1c8f392b0f3ec75214f72c,,,,0.9184641064741736,0.9495182607166921,0.42561918456252684,0.6696603314555313,0.645844888230216,0.9184641064741736,0.9495182607166921,0.42561918456252684,0.6696603314555313,0.645844888230216,0.9184641064741736,0.9495182607166921,0.42561918456252684,0.6696603314555313,0.645844888230216,0.9184641064741736,0.9495182607166921,0.42561918456252684,0.6696603314555313,0.645844888230216,0.9184641064741736,0.9495182607166921,0.42561918456252684,0.6696603314555313,0.645844888230216
2uwe,I,human,true,2007-09-25T00:00:00.000000+0000,2eb7cdd2a339e2b08860632d36cfe046,,,,3.680849693177537,3.8590497820679572,0.4205460429443248,0.7790625258380034,1.4541824033523358,3.786474193760589,4.00012377703241,0.4379736786203307,0.9609154787018587,1.3448728753931758,3.786474193760589,4.00012377703241,0.4379736786203307,0.9609154787018587,1.3448728753931758,3.786474193760589,4.00012377703241,0.4379736786203307,0.9609154787018587,1.3448728753931758,3.636920521669173,3.8724136853505917,0.4560161932710615,0.9438694787104073,1.36424844003859
2vlj,I,human,true,2008-01-22T00:00:00.000000+0000,41feb0ddecfd63a4791492e1006230f4,,,,2.320350288398292,2.2968479960652646,0.43840394220362927,0.9559745927617931,1.2382548864866878,1.0158835261673251,1.0553856688553869,0.3686493840918086,1.0202677737172632,0.952221697260281,1.0158835261673251,1.0553856688553869,0.3686493840918086,1.0202677737172632,0.952221697260281,1.0158835261673251,1.0553856688553869,0.3686493840918086,1.0202677737172632,0.952221697260281,0.9562574179010974,1.0130962252658562,0.4051445365195472,1.0425227964832038,1.127394541536162
2vlj,I,human,true,2008-01-22T00:00:00.000000+0000,41feb0ddecfd63a4791492e1006230f4,,,,2.320350288398292,2.2968479960652646,0.43840394220362927,0.9559745927617931,1.2382548864866878,1.0158835261673251,1.0553856688553869,0.3686493840918086,1.0202677737172632,0.952221697260281,1.0158835261673251,1.0553856688553869,0.3686493840918086,1.0202677737172632,0.952221697260281,1.0158835261673251,1.0553856688553869,0.3686493840918086,1.0202677737172632,0.952221697260281,0.9562574179010974,1.0130962252658562,0.4051445365195472,1.0425227964832038,1.127394541536162
2vlk,I,human,true,2008-01-22T00:00:00.000000+0000,41feb0ddecfd63a4791492e1006230f4,,,,199.0519871107446,199.03598048327413,187.85803840856462,0.8277858465510023,1.2158171951830743,199.7280328616692,199.68188868101495,187.870141313833,0.851946850868464,0.9082360730831676,199.7280328616692,199.68188868101495,187.870141313833,0.851946850868464,0.9082360730831676,199.7280328616692,199.68188868101495,187.870141313833,0.851946850868464,0.9082360730831676,199.86709727982614,199.847147775584,187.86540812931983,0.8648025363692257,1.10194477908871
2vlk,I,human,true,2008-01-22T00:00:00.000000+0000,41feb0ddecfd63a4791492e1006230f4,,,,199.0519871107446,199.03598048327413,187.85803840856462,0.8277858465510023,1.2158171951830743,199.7280328616692,199.68188868101495,187.870141313833,0.851946850868464,0.9082360730831676,199.7280328616692,199.68188868101495,187.870141313833,0.851946850868464,0.9082360730831676,199.7280328616692,199.68188868101495,187.870141313833,0.851946850868464,0.9082360730831676,199.86709727982614,199.847147775584,187.86540812931983,0.8648025363692257,1.10194477908871
2vlj,I,human,true,2008-01-22T00:00:00.000000+0000,41feb0ddecfd63a4791492e1006230f4,,,,198.71715517442462,198.68503178637536,187.77876261748509,0.9559745927617931,1.2382548864866878,199.4857953683239,199.4287134813048,187.80415401972144,1.0202677737172632,0.952221697260281,199.4857953683239,199.4287134813048,187.80415401972144,1.0202677737172632,0.952221697260281,199.4857953683239,199.4287134813048,187.80415401972144,1.0202677737172632,0.952221697260281,199.64813951305356,199.61318712570704,187.80072253130012,1.0425227964832038,1.127394541536162
2vlj,I,human,true,2008-01-22T00:00:00.000000+0000,41feb0ddecfd63a4791492e1006230f4,,,,198.71715517442462,198.68503178637536,187.77876261748509,0.9559745927617931,1.2382548864866878,199.4857953683239,199.4287134813048,187.80415401972144,1.0202677737172632,0.952221697260281,199.4857953683239,199.4287134813048,187.80415401972144,1.0202677737172632,0.952221697260281,199.4857953683239,199.4287134813048,187.80415401972144,1.0202677737172632,0.952221697260281,199.64813951305356,199.61318712570704,187.80072253130012,1.0425227964832038,1.127394541536162
2vlk,I,human,true,2008-01-22T00:00:00.000000+0000,41feb0ddecfd63a4791492e1006230f4,,,,2.1930646380045,2.1372957228680085,0.4126808665006908,0.8277858465510023,1.2158171951830743,0.8093462205520237,0.831980130088292,0.34193720737186484,0.851946850868464,0.9082360730831676,0.8093462205520237,0.831980130088292,0.34193720737186484,0.851946850868464,0.9082360730831676,0.8093462205520237,0.831980130088292,0.34193720737186484,0.851946850868464,0.9082360730831676,0.6153596040205699,0.6734985806787502,0.3740539288145609,0.8648025363692257,1.10194477908871
2vlk,I,human,true,2008-01-22T00:00:00.000000+0000,41feb0ddecfd63a4791492e1006230f4,,,,2.1930646380045,2.1372957228680085,0.4126808665006908,0.8277858465510023,1.2158171951830743,0.8093462205520237,0.831980130088292,0.34193720737186484,0.851946850868464,0.9082360730831676,0.8093462205520237,0.831980130088292,0.34193720737186484,0.851946850868464,0.9082360730831676,0.8093462205520237,0.831980130088292,0.34193720737186484,0.851946850868464,0.9082360730831676,0.6153596040205699,0.6734985806787502,0.3740539288145609,0.8648025363692257,1.10194477908871
2vlr,I,human,true,2008-01-22T00:00:00.000000+0000,1956ee02ecb4f66e03b4f9b835fe0eb2,,,,0.8015064876898103,0.8282687245646877,0.49954903036733667,1.1481284567091894,1.1339337541349697,0.8015064876898103,0.8282687245646877,0.49954903036733667,1.1481284567091894,1.1339337541349697,0.8015064876898103,0.8282687245646877,0.49954903036733667,1.1481284567091894,1.1339337541349697,0.8015064876898103,0.8282687245646877,0.49954903036733667,1.1481284567091894,1.1339337541349697,0.8015064876898103,0.8282687245646877,0.49954903036733667,1.1481284567091894,1.1339337541349697
2ypl,I,human,true,2012-11-28T00:00:00.000000+0000,931b40eead9b3d840423406886e31b15,3.76,9.19,5.89,0.9585970671683106,0.9916099052546982,0.40865924312407703,0.8955194687313686,0.9998770080803098,0.7886805938354644,0.8442002323563627,0.41652223472234495,0.8666605843701607,1.0034690936791837,0.7886805938354644,0.8442002323563627,0.41652223472234495,0.8666605843701607,1.0034690936791837,0.7098049652920615,0.7689400082855438,0.3874887814246049,1.031511923993141,0.9626181107219125,0.8344343989634495,0.8250510214485366,0.3970037502772266,0.909487403326202,0.9192423555451327
2z31,II,mouse,true,2007-10-09T00:00:00.000000+0000,9215b5a4dadfa58a2c3c5ae7b439d46c,1.98,7.15,9.99,0.3670216565203599,0.5266185050088814,0.47826679500502084,0.6065919421047705,0.4685540761837423,0.3670216565203599,0.5266185050088814,0.47826679500502084,0.6065919421047705,0.4685540761837423,0.3670216565203599,0.5266185050088814,0.47826679500502084,0.6065919421047705,0.4685540761837423,0.268539893273355,0.4500024309906519,0.44130621105199175,0.6424231445945073,0.513109996376925,0.268539893273355,0.4500024309906519,0.44130621105199175,0.6424231445945073,0.513109996376925
3d39,I,human,true,2009-06-16T00:00:00.000000+0000,46b1a77eb36572e662fcfbc33c8015a6,,,,0.6100513602837875,0.7636679226389015,0.36910247910696314,0.713640430842619,0.49535512067815957,0.7900666471655885,0.9321410509179354,0.36216012868401987,0.8104934161479992,0.4985906687911758,0.818931121195,0.9419542308457075,0.3675411060014422,0.8219554706839547,0.4814728131134949,0.818931121195,0.9419542308457075,0.3675411060014422,0.8219554706839547,0.4814728131134949,0.818931121195,0.9419542308457075,0.3675411060014422,0.8219554706839547,0.4814728131134949
3d39,I,human,true,2009-06-16T00:00:00.000000+0000,46b1a77eb36572e662fcfbc33c8015a6,,,,0.6100513602837875,0.7636679226389015,0.36910247910696314,0.713640430842619,0.49535512067815957,0.7900666471655885,0.9321410509179354,0.36216012868401987,0.8104934161479992,0.4985906687911758,0.818931121195,0.9419542308457075,0.3675411060014422,0.8219554706839547,0.4814728131134949,0.818931121195,0.9419542308457075,0.3675411060014422,0.8219554706839547,0.4814728131134949,0.818931121195,0.9419542308457075,0.3675411060014422,0.8219554706839547,0.4814728131134949
3d3v,I,human,true,2009-06-16T00:00:00.000000+0000,46b1a77eb36572e662fcfbc33c8015a6,,,,34.83110218776273,34.829723346766045,17.729454850976005,0.7666605693674545,0.6077179119950806,34.770901755170705,34.75693626471173,17.732405821479002,0.855670487443109,0.6221928745623582,34.662153399437,34.66169324792955,17.73020297784448,0.8586332705042303,0.6015832449946217,34.662153399437,34.66169324792955,17.73020297784448,0.8586332705042303,0.6015832449946217,34.662153399437,34.66169324792955,17.73020297784448,0.8586332705042303,0.6015832449946217
3d3v,I,human,true,2009-06-16T00:00:00.000000+0000,46b1a77eb36572e662fcfbc33c8015a6,,,,34.83110218776273,34.829723346766045,17.729454850976005,0.7666605693674545,0.6077179119950806,34.770901755170705,34.75693626471173,17.732405821479002,0.855670487443109,0.6221928745623582,34.662153399437,34.66169324792955,17.73020297784448,0.8586332705042303,0.6015832449946217,34.662153399437,34.66169324792955,17.73020297784448,0.8586332705042303,0.6015832449946217,34.662153399437,34.66169324792955,17.73020297784448,0.8586332705042303,0.6015832449946217
3d39,I,human,true,2009-06-16T00:00:00.000000+0000,46b1a77eb36572e662fcfbc33c8015a6,,,,34.90168032869613,34.83899141597932,17.86266109620064,0.713640430842619,0.49535512067815957,34.840816344865054,34.765918853460725,17.865349312664065,0.8104934161479992,0.4985906687911758,34.73208158934619,34.67006548704878,17.863122734589798,0.8219554706839547,0.4814728131134949,34.73208158934619,34.67006548704878,17.863122734589798,0.8219554706839547,0.4814728131134949,34.73208158934619,34.67006548704878,17.863122734589798,0.8219554706839547,0.4814728131134949
3d39,I,human,true,2009-06-16T00:00:00.000000+0000,46b1a77eb36572e662fcfbc33c8015a6,,,,34.90168032869613,34.83899141597932,17.86266109620064,0.713640430842619,0.49535512067815957,34.840816344865054,34.765918853460725,17.865349312664065,0.8104934161479992,0.4985906687911758,34.73208158934619,34.67006548704878,17.863122734589798,0.8219554706839547,0.4814728131134949,34.73208158934619,34.67006548704878,17.863122734589798,0.8219554706839547,0.4814728131134949,34.73208158934619,34.67006548704878,17.863122734589798,0.8219554706839547,0.4814728131134949
3d3v,I,human,true,2009-06-16T00:00:00.000000+0000,46b1a77eb36572e662fcfbc33c8015a6,,,,0.4110286105806893,0.7888871487289065,0.33093433822994944,0.7666605693674545,0.6077179119950806,0.6211746661817259,0.9501326640787593,0.3470285462773362,0.855670487443109,0.6221928745623582,0.6573392806411675,0.9433951295107229,0.34225943685361615,0.8586332705042303,0.6015832449946217,0.6573392806411675,0.9433951295107229,0.34225943685361615,0.8586332705042303,0.6015832449946217,0.6573392806411675,0.9433951295107229,0.34225943685361615,0.8586332705042303,0.6015832449946217
3d3v,I,human,true,2009-06-16T00:00:00.000000+0000,46b1a77eb36572e662fcfbc33c8015a6,,,,0.4110286105806893,0.7888871487289065,0.33093433822994944,0.7666605693674545,0.6077179119950806,0.6211746661817259,0.9501326640787593,0.3470285462773362,0.855670487443109,0.6221928745623582,0.6573392806411675,0.9433951295107229,0.34225943685361615,0.8586332705042303,0.6015832449946217,0.6573392806411675,0.9433951295107229,0.34225943685361615,0.8586332705042303,0.6015832449946217,0.6573392806411675,0.9433951295107229,0.34225943685361615,0.8586332705042303,0.6015832449946217
3dxa,I,human,true,2009-01-27T00:00:00.000000+0000,96df23ccc4d336b5ecc4c033390e76a7,4.18,5.05,27.26,1.533419841717171,1.766351469900181,1.2085427814753182,0.8358625166185597,1.1537854578285882,1.533419841717171,1.766351469900181,1.2085427814753182,0.8358625166185597,1.1537854578285882,1.7477185749496609,2.039073288750789,1.4683465837622904,0.8500130170246302,1.091882742351101,1.7477185749496609,2.039073288750789,1.4683465837622904,0.8500130170246302,1.091882742351101,0.981015842983106,1.5916477499484283,1.7302479733272345,0.953802707208805,1.1718015632943597
3e2h,I,mouse,true,2008-11-04T00:00:00.000000+0000,80a554ae40014b7ee476da6b7e6ff90b,,,,0.9717858698231753,1.1422321621052056,0.62958573305819,0.6758423907025481,0.6971550260452647,0.9717858698231753,1.1422321621052056,0.62958573305819,0.6758423907025481,0.6971550260452647,1.1901503639522517,1.33587562907243,0.7093679100274679,0.6734035470397606,0.6198019834587555,1.1901503639522517,1.33587562907243,0.7093679100274679,0.6734035470397606,0.6198019834587555,0.7950319303604587,1.029469413903171,0.6002208763766074,0.6154260269754608,0.6795397309888809
3e3q,I,mouse,true,2008-11-04T00:00:00.000000+0000,ac0d2757206bcf5c399926da03567a07,,,,0.94140915207667,0.9781116898196989,0.6912070315777114,0.542246728082534,0.691112086583262,0.8606303626464864,0.8734994023349767,0.8006772844254796,0.5854394394715318,0.8119501033169236,0.8606303626464864,0.8734994023349767,0.8006772844254796,0.5854394394715318,0.8119501033169236,0.8606303626464864,0.8734994023349767,0.8006772844254796,0.5854394394715318,0.8119501033169236,0.8606303626464864,0.8734994023349767,0.8006772844254796,0.5854394394715318,0.8119501033169236
3ffc,I,human,true,2009-01-27T00:00:00.000000+0000,e921e1b6618eb9be734ef0dd9f77e682,6.59,4.28,6.61,0.6804529498188604,0.7093973880115014,0.38140642042193684,0.996735335103869,0.6588869407654645,0.6804529498188604,0.7093973880115014,0.38140642042193684,0.996735335103869,0.6588869407654645,0.9993750733534833,0.9996320422884786,0.41957203131292686,1.0125007126326038,0.6934750918358167,1.0975250055285777,1.2460337834708546,0.38961866060435796,0.9826281721359607,0.7156092881866364,1.0975250055285777,1.2460337834708546,0.38961866060435796,0.9826281721359607,0.7156092881866364
3gsn,I,human,true,2009-08-04T00:00:00.000000+0000,907661161bb46b0000adaa5160c01a63,2.4,17.47,6.24,7.8529459342643335,7.9170873626206335,0.7253453279013565,0.808710162237554,0.8416930311764398,7.8529459342643335,7.9170873626206335,0.7253453279013565,0.808710162237554,0.8416930311764398,7.8529459342643335,7.9170873626206335,0.7253453279013565,0.808710162237554,0.8416930311764398,7.8529459342643335,7.9170873626206335,0.7253453279013565,0.808710162237554,0.8416930311764398,4.162064525759617,4.27152831498735,0.7570003418571557,0.8393449832026315,0.8538590335694801
3h9s,I,human,true,2010-01-12T00:00:00.000000+0000,3f316ee3f6dcac745e5443723321b303,5.51,6.58,6.68,0.9506764235754965,1.0506611651271662,0.4843940224778573,0.9027046720116636,0.547691679520202,0.9506764235754965,1.0506611651271662,0.4843940224778573,0.9027046720116636,0.547691679520202,1.234325461058193,1.4643198933242971,0.43887069468344464,1.0011550622846292,0.6071589105355637,1.234325461058193,1.4643198933242971,0.43887069468344464,1.0011550622846292,0.6071589105355637,1.234325461058193,1.4643198933242971,0.43887069468344464,1.0011550622846292,0.6071589105355637
3hg1,I,human,true,2009-07-28T00:00:00.000000+0000,53945c9a940ab0cce8116341bf92a4ed,4.08,4.47,5.98,1.2349629830394766,1.4072802509297357,0.506312287612226,0.8573746775676349,1.1211812794894256,2.8421534943553115,3.0870647238479387,0.4542021841668561,0.7943736592864526,1.2405016849100237,2.4506869481373377,2.788259613152965,0.43785533202527216,0.8596305831167231,1.18752701361674,2.4506869481373377,2.788259613152965,0.43785533202527216,0.8596305831167231,1.18752701361674,1.9367393933118056,2.3063089963321413,0.39945628199115507,1.0362948475642344,1.1307038506970586
3kpr,I,human,true,2009-12-22T00:00:00.000000+0000,c05c1a21eb12afd64036096571077d67,6.28,33.43,33.18,1.640686233530516,2.794644347533189,0.48664145845398576,0.6149236703530432,1.2378001896235864,1.640686233530516,2.794644347533189,0.48664145845398576,0.6149236703530432,1.2378001896235864,1.7290436587870541,1.8355264111699339,0.3495005786882338,0.5020180886132005,0.7584204190266541,1.7290436587870541,1.8355264111699339,0.3495005786882338,0.5020180886132005,0.7584204190266541,1.7290436587870541,1.8355264111699339,0.3495005786882338,0.5020180886132005,0.7584204190266541
3kps,I,human,true,2009-12-22T00:00:00.000000+0000,4b382ed7f18df21603cae5ba827fccf4,6.68,17.15,30.06,1.9252493050244543,2.1619006127166265,0.5504201210743194,0.8178149189646097,0.7036160812861892,1.9252493050244543,2.1619006127166265,0.5504201210743194,0.8178149189646097,0.7036160812861892,2.2493775107022134,3.339899685945084,0.617665168766392,0.7177065251527756,1.2072457150248588,2.2493775107022134,3.339899685945084,0.617665168766392,0.7177065251527756,1.2072457150248588,2.1748030417954882,2.3921167808615063,0.5574160778576899,0.5615462674784784,0.8022160110745229
3kxf,I,human,true,2010-06-09T00:00:00.000000+0000,7b98319fa7f47b4a39688a72de71fd55,,,,1.936908039331271,3.1848791258308666,0.6658674465525712,0.8367911652485852,1.3916576100043905,1.580301515368913,2.9215957797590923,0.46095076901315885,0.7404758255555508,1.3412674570958056,1.580301515368913,2.9215957797590923,0.46095076901315885,0.7404758255555508,1.3412674570958056,1.580301515368913,2.9215957797590923,0.46095076901315885,0.7404758255555508,1.3412674570958056,1.580301515368913,2.9215957797590923,0.46095076901315885,0.7404758255555508,1.3412674570958056
3mbe,II,mouse,true,2010-05-12T00:00:00.000000+0000,8e19c8a6b55792a98c6ed84d02074370,2.08,2.67,4.28,0.5627453483791226,1.3020325235193855,2.568267389723425,0.658588524028151,0.7889730119000796,0.5177661922953997,1.215252206192871,2.621711067729633,0.61452524726079,0.7470801502704338,0.5177661922953997,1.215252206192871,2.621711067729633,0.61452524726079,0.7470801502704338,0.5177661922953997,1.215252206192871,2.621711067729633,0.61452524726079,0.7470801502704338,0.7040512978044151,1.376887352808506,2.2861299823634305,0.643251468885733,0.8135309124374956
3mv7,I,human,true,2010-06-09T00:00:00.000000+0000,d6fd7d656e1ea2319dacf77b6c9fca99,3.87,26.46,27.03,1.537448735405027,1.3370014879959387,0.4146045208372362,1.3619173538239617,0.5286138973854797,1.2740691201693934,1.1101626574104042,0.4256290052015601,1.2803040062778495,0.5720596025599389,1.2740691201693934,1.1101626574104042,0.4256290052015601,1.2803040062778495,0.5720596025599389,0.630953479460091,0.656925223616439,0.366346705551602,1.1639544269929034,0.5054704161138743,0.630953479460091,0.656925223616439,0.366346705551602,1.1639544269929034,0.5054704161138743
3mv8,I,human,true,2010-06-09T00:00:00.000000+0000,ff0fcb2ab255d1f9e4feac6c9b144f0a,,,,1.1698661606955905,1.0666108185218584,0.29163088179289715,1.260339426041172,0.5402608120056422,0.7444867844173068,0.6709278086397679,0.3492914919529802,1.097110234249808,0.8378126974404837,0.7444867844173068,0.6709278086397679,0.3492914919529802,1.097110234249808,0.8378126974404837,0.6718070488246575,0.6118034148234887,0.32931436668461406,1.0247837460342046,0.4490220039433651,0.6718070488246575,0.6118034148234887,0.32931436668461406,1.0247837460342046,0.4490220039433651
3mv9,I,human,true,2010-06-09T00:00:00.000000+0000,5000d22dcc713c3988dcdf954c40fae0,,,,4.277346412500051,3.9390747106924486,1.1170627788602214,1.5032062305917318,0.7538153551834815,3.9892698672509312,3.7866436022176644,0.9732231556561028,1.4465155298317076,1.0349408127365687,3.9892698672509312,3.7866436022176644,0.9732231556561028,1.4465155298317076,1.0349408127365687,3.9892698672509312,3.7866436022176644,0.9732231556561028,1.4465155298317076,1.0349408127365687,3.9892698672509312,3.7866436022176644,0.9732231556561028,1.4465155298317076,1.0349408127365687
3o4l,I,human,true,2011-01-12T00:00:00.000000+0000,1787ab14c4b06ade0ed7603ae5fa3391,3.5,13.89,26.18,1.4526434055403445,2.0066831589422214,0.6239589420767918,1.1370303680228437,1.3663215788457468,1.4526434055403445,2.0066831589422214,0.6239589420767918,1.1370303680228437,1.3663215788457468,1.4630256860508082,1.983297977892015,0.669997957924838,0.9125752078777183,1.4335964015058607,1.4630256860508082,1.983297977892015,0.669997957924838,0.9125752078777183,1.4335964015058607,1.4630256860508082,1.983297977892015,0.669997957924838,0.9125752078777183,1.4335964015058607
3pwp,I,human,true,2011-03-09T00:00:00.000000+0000,75033dc4220400a42816a3d7470a4531,4.8,4.9,5.5,0.6552396519577859,0.7104476070684023,0.3825076243071799,0.5805759962197159,0.4811028359943156,0.8431683568628761,0.983360286111561,0.4130966291636229,0.6853286347365738,0.7412625698015682,0.8710779569162811,0.9765113919062928,0.40176789188809725,0.6865010831953736,0.47233447554404145,0.8710779569162811,0.9765113919062928,0.40176789188809725,0.6865010831953736,0.47233447554404145,0.8710779569162811,0.9765113919062928,0.40176789188809725,0.6865010831953736,0.47233447554404145
3qdg,I,human,true,2011-07-06T00:00:00.000000+0000,c61c6942aec4f95f5000cdfefc1326d7,2.35,3.44,4.53,0.5326070504968835,0.6506331300762679,0.2497414579848532,0.722248498409941,0.7877000716541501,0.4924214898161689,0.650767282970051,0.2564585102555653,0.6244031369157399,0.7613689352411147,0.4135432056095248,0.6025979114999707,0.24720502256997354,0.646707316203224,0.7821973780442106,0.4135432056095248,0.6025979114999707,0.24720502256997354,0.646707316203224,0.7821973780442106,0.4135432056095248,0.6025979114999707,0.24720502256997354,0.646707316203224,0.7821973780442106
3qdj,I,human,true,2011-07-06T00:00:00.000000+0000,16912f71771292f5dd5af5781fde7f89,,,,0.46492534289306353,0.6254012422536547,0.42855861057933176,0.6550211375146499,0.6752360924213507,0.5404907899874067,0.6592722149846453,0.39274613388824453,0.7071864767903774,0.6519645750921087,0.5404907899874067,0.6592722149846453,0.39274613388824453,0.7071864767903774,0.6519645750921087,0.5404907899874067,0.6592722149846453,0.39274613388824453,0.7071864767903774,0.6519645750921087,0.632384824902098,0.7090113918484029,0.41401559510819086,0.7762363836300534,0.7222893203733164
3qdm,I,human,true,2011-07-06T00:00:00.000000+0000,56c3ba8fcd29e3a7c2baf88005997a02,6.67,5.35,4.04,1.1937882851607025,1.4055919656698201,0.42998628806534783,0.6163314973197628,0.9490037468415864,1.1937882851607025,1.4055919656698201,0.42998628806534783,0.6163314973197628,0.9490037468415864,1.1645407495291815,1.4403962605615015,0.376751285226587,0.6182321842822674,1.0364714077688644,0.9951667868273139,1.3069552480223583,0.37991816002693485,0.6300578773220098,0.9466650776707635,0.9951667868273139,1.3069552480223583,0.37991816002693485,0.6300578773220098,0.9466650776707635
3qeq,I,human,true,2011-07-06T00:00:00.000000+0000,3323139a6216785fa85b0d69793b5ea1,,,,3.879897122456008,3.9767083777295857,1.5619274520080726,0.78994609519112,1.1954622964923933,5.04092235401422,5.078458237217158,0.7914868222204227,0.9350774802484547,1.4061984651276158,3.522682209124018,3.799835130070249,1.1325625092485294,0.8906018418653865,1.2822203904989273,4.860352305164391,5.004659738117089,0.4456174856509854,0.8736368774253167,1.3804435683384262,4.860352305164391,5.004659738117089,0.4456174856509854,0.8736368774253167,1.3804435683384262
3qfj,I,human,true,2012-01-11T00:00:00.000000+0000,68b685bf400403f31f895c53b2377cd3,,,,0.4298181220760024,0.733494707215498,0.24864131521404667,0.7650522787597154,0.5603414058684724,0.5821209079892808,0.8555169844570965,0.25780435684576714,0.8564477491555429,0.7951746202888628,0.607150929196216,0.8285537240798913,0.2190101772931481,0.882799820377336,0.5612758333237032,0.607150929196216,0.8285537240798913,0.2190101772931481,0.882799820377336,0.5612758333237032,0.607150929196216,0.8285537240798913,0.2190101772931481,0.882799820377336,0.5612758333237032
3qib,II,mouse,true,2011-04-27T00:00:00.000000+0000,b489849c25dae3cc8563dcb75eab006a,1.1,1.48,1.77,1.7965453742727848,1.716384851275615,0.7965426446898435,0.6191716561189992,0.6994061123758704,1.7965453742727848,1.716384851275615,0.7965426446898435,0.6191716561189992,0.6994061123758704,1.7965453742727848,1.716384851275615,0.7965426446898435,0.6191716561189992,0.6994061123758704,1.7965453742727848,1.716384851275615,0.7965426446898435,0.6191716561189992,0.6994061123758704,1.7304886928768985,1.6039867792040838,0.7209931469552144,0.6720322692155972,0.647933741893012
3qiu,II,mouse,true,2011-04-27T00:00:00.000000+0000,34cd94e7a475a777e50d86a7e8171cdb,0.71,1.08,1.69,0.8848094206892123,0.8890189940026183,0.5335010071365841,0.7895034983094522,0.8510048402937063,0.8848094206892123,0.8890189940026183,0.5335010071365841,0.7895034983094522,0.8510048402937063,0.4842941815529929,0.5983674251791964,0.4329574406548462,0.7810969614864867,0.7205440606536085,0.4842941815529929,0.5983674251791964,0.4329574406548462,0.7810969614864867,0.7205440606536085,0.4842941815529929,0.5983674251791964,0.4329574406548462,0.7810969614864867,0.7205440606536085
3rgv,I,mouse,true,2011-07-20T00:00:00.000000+0000,94e74c761233bf24fb99b5de8aa56a8b,,,,2.285443897031786,2.4452626423828354,4.338790914234158,1.0599979299519289,0.96873178852469,2.5683338085534992,2.759359416587215,4.400946152000681,0.864469894909721,1.0123348834336485,2.5683338085534992,2.759359416587215,4.400946152000681,0.864469894909721,1.0123348834336485,2.5683338085534992,2.759359416587215,4.400946152000681,0.864469894909721,1.0123348834336485,2.25084162089506,2.5150594085662075,4.8288454875293825,0.9886364225961656,1.0230093040971422
3sjv,I,human,true,2012-02-29T00:00:00.000000+0000,c854b8291ed2e4ea245a6551c71e1a7b,4.62,8.81,16.29,1.229459021534,1.3291363728191468,0.5483064948550324,1.8891598400377372,1.055853062241617,1.6338628538448852,1.7247656369723958,0.635581943256236,1.9231863413756431,1.06967923703583,1.6338628538448852,1.7247656369723958,0.635581943256236,1.9231863413756431,1.06967923703583,1.6893171794589836,1.768861899253748,0.5586886431961201,1.8633988642707766,1.1142885520941903,1.4483113599412558,1.5551891585243132,0.6454791023129394,1.929557672984118,1.0777136909722402
3uts,I,human,true,2012-01-25T00:00:00.000000+0000,9f4000a12f9ac519e827f738fd43d938,,,,1.505637201977295,1.4371796551346683,0.46869017201423985,0.8421249277193231,0.7409827244785635,1.6895899389540534,1.590462820131199,0.4612235627627384,0.7444585601983024,0.7231714768947711,1.6401605857132409,1.5583672534594257,0.475359375492162,0.6776874789580158,0.5726484862935343,1.6401605857132409,1.5583672534594257,0.475359375492162,0.6776874789580158,0.5726484862935343,1.6401605857132409,1.5583672534594257,0.475359375492162,0.6776874789580158,0.5726484862935343
3utt,I,human,true,2012-01-25T00:00:00.000000+0000,7c094d156b9bddc827746ca5d9f39b4a,6.9,30.25,19.82,2.210467614994769,2.055211231671348,0.7521355807467726,1.0626641725232147,0.9512838845410543,2.7199006853683616,2.472937288643573,0.7549716057031461,0.8964535994041558,0.9347626820844613,2.7199006853683616,2.472937288643573,0.7549716057031461,0.8964535994041558,0.9347626820844613,2.4128136172123473,2.2020112126186984,0.7515608045152137,1.0007479941241706,0.949987874954951,2.4128136172123473,2.2020112126186984,0.7515608045152137,1.0007479941241706,0.949987874954951
3vxm,I,human,true,2013-10-23T00:00:00.000000+0000,c7d998b59a8543d7d9dd1fa06c1782fa,5.19,20.74,28.74,23.671943965533426,21.10053565655778,2.0435577422207145,0.754202913060632,1.283430083488388,23.671943965533426,21.10053565655778,2.0435577422207145,0.754202913060632,1.283430083488388,23.671943965533426,21.10053565655778,2.0435577422207145,0.754202913060632,1.283430083488388,23.671943965533426,21.10053565655778,2.0435577422207145,0.754202913060632,1.283430083488388,23.671943965533426,21.10053565655778,2.0435577422207145,0.754202913060632,1.283430083488388
3vxr,I,human,true,2013-10-23T00:00:00.000000+0000,7e861fa6aef80607cf8daf51385313bb,,,,2.1476712383742558,2.186470563750787,0.534473670275094,0.8478532504886813,0.450031401185262,2.1476712383742558,2.186470563750787,0.534473670275094,0.8478532504886813,0.450031401185262,2.1476712383742558,2.186470563750787,0.534473670275094,0.8478532504886813,0.450031401185262,2.1476712383742558,2.186470563750787,0.534473670275094,0.8478532504886813,0.450031401185262,2.1476712383742558,2.186470563750787,0.534473670275094,0.8478532504886813,0.450031401185262
3vxs,I,human,true,2013-10-23T00:00:00.000000+0000,81926c1d318e57bbee02e0aade2dcafe,1.42,3.5,2.47,1.5009820081441814,1.4653676485959195,0.5330848987056243,0.607537007313178,0.5663629660402877,1.5009820081441814,1.4653676485959195,0.5330848987056243,0.607537007313178,0.5663629660402877,1.5009820081441814,1.4653676485959195,0.5330848987056243,0.607537007313178,0.5663629660402877,1.5009820081441814,1.4653676485959195,0.5330848987056243,0.607537007313178,0.5663629660402877,1.5009820081441814,1.4653676485959195,0.5330848987056243,0.607537007313178,0.5663629660402877
3vxu,I,human,true,2013-10-23T00:00:00.000000+0000,b6c72fc8b56f724a992af291053fe2e2,,,,,,,,,,,,,,,,,,,,,,,,,,,,
3w0w,I,human,true,2013-11-06T00:00:00.000000+0000,6e662204f25eeee38979d2a29a7b2999,,,,,,,,,,,,,,,,,,,,,,,,,,,,
4e41,II,human,true,2012-08-29T00:00:00.000000+0000,ede489eca3223add3c0f6f3fe7c0ac21,2.76,1.83,3.08,2.3913241629374915,2.4987690694666327,1.0169595739496804,0.4549670440811653,0.7898992073270971,2.1524481123314283,2.4000949293906397,0.8858324982884935,0.5504175517217242,0.8606169584945743,2.1524481123314283,2.4000949293906397,0.8858324982884935,0.5504175517217242,0.8606169584945743,2.638952405934208,2.9632024370560885,1.024744777150214,0.5524634020011953,0.9628771337290626,2.638952405934208,2.9632024370560885,1.024744777150214,0.5524634020011953,0.9628771337290626
4eup,I,human,true,2013-05-01T00:00:00.000000+0000,980671c28e640c5e24bb57aacb27440e,2.68,2.28,2.26,1.203091707924187,1.7828022870533573,0.5834300775530099,0.7082009442374056,0.6981689909765512,1.1209900057619853,1.6985539004971786,0.5403176054576997,0.7251009414823019,0.6663393991915294,1.1209900057619853,1.6985539004971786,0.5403176054576997,0.7251009414823019,0.6663393991915294,1.1209900057619853,1.6985539004971786,0.5403176054576997,0.7251009414823019,0.6663393991915294,1.1209900057619853,1.6985539004971786,0.5403176054576997,0.7251009414823019,0.6663393991915294
4ftv,I,human,true,2013-07-03T00:00:00.000000+0000,fa22b47443596c5feb6e91e134a5af9a,,,,0.43040484592894696,0.5751868853184092,0.17462144396202603,0.5780947848019058,0.7053462571563485,0.6390989866548314,0.7189537360424987,0.21419237811569744,0.5890920417223678,0.6929840000683513,0.5477088359793857,0.6451374499475222,0.21947127438666392,0.6280276910818351,0.6842397656755783,0.5477088359793857,0.6451374499475222,0.21947127438666392,0.6280276910818351,0.6842397656755783,0.5477088359793857,0.6451374499475222,0.21947127438666392,0.6280276910818351,0.6842397656755783
4g8g,I,human,true,2013-03-20T00:00:00.000000+0000,e17af8be0476a6764706feea2fbf5d86,,,,24.032449343162437,21.46833686883201,2.4220235444248392,0.5876277180615017,1.2613779708721364,23.847436794089308,21.272966027684877,2.3857561272352332,0.6645187765757107,1.3122750867342363,1.5826285057016545,1.969109557083976,1.3749530303521131,0.7390884786262404,1.1545436211651694,1.5826285057016545,1.969109557083976,1.3749530303521131,0.7390884786262404,1.1545436211651694,1.5826285057016545,1.969109557083976,1.3749530303521131,0.7390884786262404,1.1545436211651694
4g9f,I,human,true,2013-03-20T00:00:00.000000+0000,e4b5f5d3fe2db2bca11a951f2b263c2e,9.55,13.88,49.05,14.713320991485963,14.720780035644212,2.3005173467814037,0.7346896285879584,1.432022150444535,14.713320991485963,14.720780035644212,2.3005173467814037,0.7346896285879584,1.432022150444535,7.129923511020184,6.695171805890717,1.9985228799427968,0.7408505825711255,1.2691648102277429,7.129923511020184,6.695171805890717,1.9985228799427968,0.7408505825711255,1.2691648102277429,7.129923511020184,6.695171805890717,1.9985228799427968,0.7408505825711255,1.2691648102277429
4gg6,II,human,true,2012-10-24T00:00:00.000000+0000,b5ec30ac0b4c692dfe9e87af386815a8,2.53,2.66,10.29,0.9055818636211473,1.9644982694869888,0.8616095031910007,1.6365392286612515,0.9911266299809799,1.0338696995474146,2.0061205294648556,0.9486438226397859,1.557850188339457,0.9889568947727889,1.0338696995474146,2.0061205294648556,0.9486438226397859,1.557850188339457,0.9889568947727889,1.0338696995474146,2.0061205294648556,0.9486438226397859,1.557850188339457,0.9889568947727889,1.0338696995474146,2.0061205294648556,0.9486438226397859,1.557850188339457,0.9889568947727889
4jfd,I,human,true,2013-05-29T00:00:00.000000+0000,a95cf2c77a50957127da622928535b4f,,,,0.7086831226362428,0.7291530224816746,0.25785865432564326,1.3618361264963295,0.622907107936414,0.7086831226362428,0.7291530224816746,0.25785865432564326,1.3618361264963295,0.622907107936414,0.7086831226362428,0.7291530224816746,0.25785865432564326,1.3618361264963295,0.622907107936414,0.7086831226362428,0.7291530224816746,0.25785865432564326,1.3618361264963295,0.622907107936414,0.7251544717337628,0.7461850643861188,0.2427976379851355,1.4192154243327717,0.6623504777229836
4jfe,I,human,true,2013-05-29T00:00:00.000000+0000,04155fc8d8ffc7bb3cad0f358c8ae051,,,,0.7045777877631892,0.7455623032990951,0.2609905863691097,1.1381769473166725,0.6867798056936313,0.7045777877631892,0.7455623032990951,0.2609905863691097,1.1381769473166725,0.6867798056936313,0.7045777877631892,0.7455623032990951,0.2609905863691097,1.1381769473166725,0.6867798056936313,0.7045777877631892,0.7455623032990951,0.2609905863691097,1.1381769473166725,0.6867798056936313,0.7045777877631892,0.7455623032990951,0.2609905863691097,1.1381769473166725,0.6867798056936313
4jff,I,human,true,2013-05-29T00:00:00.000000+0000,1c773837774793466b6fee096a4a2663,,,,0.5443217077775954,0.5632033796028233,0.3214073703994893,1.1320056114805874,0.6122277330234398,0.5443217077775954,0.5632033796028233,0.3214073703994893,1.1320056114805874,0.6122277330234398,0.5443217077775954,0.5632033796028233,0.3214073703994893,1.1320056114805874,0.6122277330234398,0.3936923631225159,0.4317407218813478,0.34651481430002173,1.1710301793260107,0.6513691675250125,0.5352165393140901,0.5608706748016568,0.2855552476681767,1.1864281845389486,0.6447521187948884
4jrx,I,human,true,2013-04-10T00:00:00.000000+0000,d9194c7792356a4f8a1aae2c23658109,7.66,1.09,6.34,0.720305294598951,0.8720775010322888,0.31364319298895754,1.2469244708681682,0.6068400100568839,1.2367738249800915,1.3735502945215405,0.36964381139850083,1.0984199977941826,0.6200241635857969,1.2367738249800915,1.3735502945215405,0.36964381139850083,1.0984199977941826,0.6200241635857969,1.2367738249800915,1.3735502945215405,0.36964381139850083,1.0984199977941826,0.6200241635857969,1.3040831092877272,1.4523549657449386,0.412144405804164,1.2219691770040844,0.6455722574932746
4jry,I,human,true,2013-04-10T00:00:00.000000+0000,55a9d2b5b3e215b38d2d8abf5fa07c30,,,,18.561021600269452,17.05118557822993,1.632880547481396,0.7987722620026737,1.0287807005012657,18.006324314972694,16.530338126204036,0.6631451281919313,0.8565907213941605,1.0266554603758573,18.006324314972694,16.530338126204036,0.6631451281919313,0.8565907213941605,1.0266554603758573,18.006324314972694,16.530338126204036,0.6631451281919313,0.8565907213941605,1.0266554603758573,18.006324314972694,16.530338126204036,0.6631451281919313,0.8565907213941605,1.0266554603758573
4l3e,I,human,true,2014-06-11T00:00:00.000000+0000,a5601135ab9f38ca476713a3acb4b76c,,,,0.4765115915781528,0.6039993823305665,0.21624284598537816,0.8792445042564409,0.788130117338324,0.4765115915781528,0.6039993823305665,0.21624284598537816,0.8792445042564409,0.788130117338324,0.5746214492382719,0.7077332503681776,0.24642881585144052,0.7593046413433234,0.7664209281552169,0.5746214492382719,0.7077332503681776,0.24642881585144052,0.7593046413433234,0.7664209281552169,0.5746214492382719,0.7077332503681776,0.24642881585144052,0.7593046413433234,0.7664209281552169
4mji,I,human,true,2014-05-28T00:00:00.000000+0000,63af3b7cef5861cb92c7aeb123078efb,1.97,1.19,8.42,1.4516587076330074,1.9242953932286155,0.5928477305814842,0.7420680264718768,1.3285838761534174,1.6337994568216194,1.8316637904598627,0.5465756431065508,0.6667003314037202,1.3595662806303845,1.6337994568216194,1.8316637904598627,0.5465756431065508,0.6667003314037202,1.3595662806303845,1.6337994568216194,1.8316637904598627,0.5465756431065508,0.6667003314037202,1.3595662806303845,1.6337994568216194,1.8316637904598627,0.5465756431065508,0.6667003314037202,1.3595662806303845
4ms8,I,mouse,true,2014-09-24T00:00:00.000000+0000,636daa7463120f9f69cf621f7a783b67,,,,3.563913385278016,3.3524273252351313,0.34977497686053655,0.5062443858275617,0.6151520775804299,3.563913385278016,3.3524273252351313,0.34977497686053655,0.5062443858275617,0.6151520775804299,3.563913385278016,3.3524273252351313,0.34977497686053655,0.5062443858275617,0.6151520775804299,3.563913385278016,3.3524273252351313,0.34977497686053655,0.5062443858275617,0.6151520775804299,3.563913385278016,3.3524273252351313,0.34977497686053655,0.5062443858275617,0.6151520775804299
4ozf,II,human,true,2014-04-16T00:00:00.000000+0000,d93006b1f8486fa30c1801fca9df94e0,2.96,7.62,3.67,0.931572087317422,1.3395011341531529,1.969342017229886,0.6066386113976633,0.8616180998553192,0.8800122228734832,1.260642488877883,1.9074031914630711,0.6293048344122961,0.9368300283472398,0.8800122228734832,1.260642488877883,1.9074031914630711,0.6293048344122961,0.9368300283472398,0.8800122228734832,1.260642488877883,1.9074031914630711,0.6293048344122961,0.9368300283472398,0.8800122228734832,1.260642488877883,1.9074031914630711,0.6293048344122961,0.9368300283472398
4ozg,II,human,true,2014-04-16T00:00:00.000000+0000,1085fc3fbc808d3d3fc5b01bd79465b3,,,,1.0768944715223434,1.136899049297708,2.028371845985982,0.7179324933112865,0.7805229006016107,1.0768944715223434,1.136899049297708,2.028371845985982,0.7179324933112865,0.7805229006016107,1.0768944715223434,1.136899049297708,2.028371845985982,0.7179324933112865,0.7805229006016107,1.0768944715223434,1.136899049297708,2.028371845985982,0.7179324933112865,0.7805229006016107,1.0313953073074646,1.0759794973235317,0.9792654555389632,0.7180763882021414,0.8250202210333134
4ozh,II,human,true,2014-04-16T00:00:00.000000+0000,283ed0ae690764a5b44e92a6a33ab4f9,,,,2.8951953380241533,2.9857105408505693,0.8175280479207803,0.6538210953832435,0.9568479912129602,2.8951953380241533,2.9857105408505693,0.8175280479207803,0.6538210953832435,0.9568479912129602,3.0605274673913248,3.037173325677142,0.7543605432640444,0.657203441629731,0.9168844572256609,3.0605274673913248,3.037173325677142,0.7543605432640444,0.657203441629731,0.9168844572256609,3.0605274673913248,3.037173325677142,0.7543605432640444,0.657203441629731,0.9168844572256609
4p2o,II,mouse,true,2014-05-21T00:00:00.000000+0000,817759ba776138bd1ab4cdcb4e75c975,2.3,1.7,2.45,0.7587976921978223,0.8571166882668372,6.543626678670063,0.5584054756117167,0.5516138075131405,0.7151281247203299,0.7160921791990941,7.396449379974566,0.5856916823787771,0.5407802737857729,0.7151281247203299,0.7160921791990941,7.396449379974566,0.5856916823787771,0.5407802737857729,0.7151281247203299,0.7160921791990941,7.396449379974566,0.5856916823787771,0.5407802737857729,0.7151281247203299,0.7160921791990941,7.396449379974566,0.5856916823787771,0.5407802737857729
4p2q,II,mouse,true,2014-05-21T00:00:00.000000+0000,ea34cc4c78cb978a7c6d3d85e6b34f52,2.64,1.41,2.88,0.7354985062156457,0.8190437012171179,1.7003250113457038,0.8865836518832384,1.1342493456500828,0.7354985062156457,0.8190437012171179,1.7003250113457038,0.8865836518832384,1.1342493456500828,0.7354985062156457,0.8190437012171179,1.7003250113457038,0.8865836518832384,1.1342493456500828,0.7354985062156457,0.8190437012171179,1.7003250113457038,0.8865836518832384,1.1342493456500828,0.7354985062156457,0.8190437012171179,1.7003250113457038,0.8865836518832384,1.1342493456500828
4p2r,II,mouse,true,2014-05-21T00:00:00.000000+0000,9cc37e276b5f586187992bff648f7a8f,2.88,1.08,1.48,0.7027318299167171,0.8211070011170165,0.4893857540080446,1.1798509961972095,1.0986575676464392,0.7027318299167171,0.8211070011170165,0.4893857540080446,1.1798509961972095,1.0986575676464392,0.7027318299167171,0.8211070011170165,0.4893857540080446,1.1798509961972095,1.0986575676464392,0.7027318299167171,0.8211070011170165,0.4893857540080446,1.1798509961972095,1.0986575676464392,0.7027318299167171,0.8211070011170165,0.4893857540080446,1.1798509961972095,1.0986575676464392
4prh,I,human,true,2014-04-30T00:00:00.000000+0000,458c6fbad05fe7a08d52011820cce0a2,,,,1.421825559113798,1.3207723557906146,0.6440243363310181,1.0998140883364689,0.5006915920893009,1.421825559113798,1.3207723557906146,0.6440243363310181,1.0998140883364689,0.5006915920893009,1.2518360497801893,1.1403607035854928,0.5642964150218132,1.2341426736974708,0.5253175919524496,1.2518360497801893,1.1403607035854928,0.5642964150218132,1.2341426736974708,0.5253175919524496,1.2518360497801893,1.1403607035854928,0.5642964150218132,1.2341426736974708,0.5253175919524496
4pri,I,human,true,2014-04-16T00:00:00.000000+0000,c087748a5f9776a88d33a51f7e037d64,,,,1.5539197749269602,1.343343786460671,0.5224511051280619,1.1398633944357572,0.5746947587328339,1.5539197749269602,1.343343786460671,0.5224511051280619,1.1398633944357572,0.5746947587328339,1.5539197749269602,1.343343786460671,0.5224511051280619,1.1398633944357572,0.5746947587328339,2.604408132947845,2.238814338072744,0.7763619095323904,1.1584627996305579,0.7419163975042722,2.604408132947845,2.238814338072744,0.7763619095323904,1.1584627996305579,0.7419163975042722
4prp,I,human,true,2014-04-16T00:00:00.000000+0000,16982ba6d1598536b870356af4b18bff,,,,0.7820184049345055,0.6738336583967197,0.28854504266957026,1.3888036311906333,0.5066686009472906,1.1615044288860903,0.9938424438235357,0.32116384104071016,1.2796519827752901,0.5554613488528267,1.1615044288860903,0.9938424438235357,0.32116384104071016,1.2796519827752901,0.5554613488528267,0.5188978101465276,0.5081961525846773,0.30069426758062323,1.203306139235036,0.48495173741326836,0.6899851746157506,0.6210338358245844,0.2913653348460039,1.3388782581882095,0.7710234859972348
4qok,I,human,true,2014-12-17T00:00:00.000000+0000,52cb1f596abaa200029667837a5ffdd8,,,,1.213826712830029,1.3737852327669577,0.2884298948642643,1.006372783156509,1.1739554867791633,1.8213154908989972,1.930800480902992,0.2590269915768321,0.8978740458399705,1.0555352903774815,1.8213154908989972,1.930800480902992,0.2590269915768321,0.8978740458399705,1.0555352903774815,1.8213154908989972,1.930800480902992,0.2590269915768321,0.8978740458399705,1.0555352903774815,1.8213154908989972,1.930800480902992,0.2590269915768321,0.8978740458399705,1.0555352903774815
4y19,II,human,true,2015-09-23T00:00:00.000000+0000,826e68300da5fb9e117b773d3226d26b,,,,27.411265881093254,25.43153045101817,2.351516562893322,0.9639548007374718,1.2291927494939496,27.411265881093254,25.43153045101817,2.351516562893322,0.9639548007374718,1.2291927494939496,27.411265881093254,25.43153045101817,2.351516562893322,0.9639548007374718,1.2291927494939496,27.411265881093254,25.43153045101817,2.351516562893322,0.9639548007374718,1.2291927494939496,27.65709547119533,25.635463643901986,2.5053750772890147,0.8473454149477357,1.1971978412303077
4y1a,II,human,true,2015-09-23T00:00:00.000000+0000,a457979c0e81298b9436b8aaf3c97811,,,,27.60344641208609,25.48174879522377,2.657871416416616,0.721028819351415,1.0297767196293752,27.60344641208609,25.48174879522377,2.657871416416616,0.721028819351415,1.0297767196293752,27.60344641208609,25.48174879522377,2.657871416416616,0.721028819351415,1.0297767196293752,27.60344641208609,25.48174879522377,2.657871416416616,0.721028819351415,1.0297767196293752,27.60344641208609,25.48174879522377,2.657871416416616,0.721028819351415,1.0297767196293752
4z7u,II,human,true,2015-06-03T00:00:00.000000+0000,57e9fef25d478b8cd29022c80b471bf7,1.9,1.66,4.41,0.606053625456104,1.0935817229633722,0.5987555769290139,0.6407957307824068,0.8705253232328771,0.6271027459170302,1.1759523414643172,0.25332797415506886,0.6424320678547332,0.8861418246780896,0.5929113757900606,1.1218368103332053,0.3328286558893353,0.7002248202655361,0.885742263771047,0.5929113757900606,1.1218368103332053,0.3328286558893353,0.7002248202655361,0.885742263771047,0.5929113757900606,1.1218368103332053,0.3328286558893353,0.7002248202655361,0.885742263771047
4z7v,II,human,true,2015-06-03T00:00:00.000000+0000,2eea29073169046664ee5b26b8d7911b,2.35,2.0,4.12,0.3815843011069042,0.6523942271437478,0.629516453203015,0.7780097130794661,1.155817076874313,0.3880102842063583,0.6535877514357621,0.4978290784278409,0.7618134032064682,0.7721016512217108,0.43981596634934284,0.6638847327765862,0.4884933488616242,0.8206531456964706,0.7945597935273575,0.43981596634934284,0.6638847327765862,0.4884933488616242,0.8206531456964706,0.7945597935273575,0.43981596634934284,0.6638847327765862,0.4884933488616242,0.8206531456964706,0.7945597935273575
4z7w,II,human,true,2015-06-03T00:00:00.000000+0000,f2722e04bff9231af2be5cd297ead3b5,2.92,4.86,1.71,0.9654168614386918,1.1440845579909602,1.1194496210143479,0.6876195084217247,0.7652644577400677,0.9654168614386918,1.1440845579909602,1.1194496210143479,0.6876195084217247,0.7652644577400677,0.7693130441162981,1.0376583380210003,1.009890553238981,0.727418566203066,0.7721523580932276,0.7693130441162981,1.0376583380210003,1.009890553238981,0.727418566203066,0.7721523580932276,0.7693130441162981,1.0376583380210003,1.009890553238981,0.727418566203066,0.7721523580932276
5brz,I,human,true,2016-03-02T00:00:00.000000+0000,eefc7e74a2abc77fb3caf6c4bd932ea8,4.45,29.81,38.26,0.3330538406421136,0.4208437275094678,0.4229296283681003,0.651165572379171,0.5122783769644109,0.3330538406421136,0.4208437275094678,0.4229296283681003,0.651165572379171,0.5122783769644109,0.3330538406421136,0.4208437275094678,0.4229296283681003,0.651165572379171,0.5122783769644109,0.517127923003462,0.6015908090086441,0.417420487165717,0.6338557778405866,0.6040538546184707,0.517127923003462,0.6015908090086441,0.417420487165717,0.6338557778405866,0.6040538546184707
5bs0,I,human,true,2016-03-02T00:00:00.000000+0000,fb5f870f6de7a25ad6e717e51c3f7748,4.94,30.43,33.37,0.718725995188705,0.7146206020874091,0.43656396576804735,0.5153507762645825,0.5299832524545959,0.718725995188705,0.7146206020874091,0.43656396576804735,0.5153507762645825,0.5299832524545959,0.718725995188705,0.7146206020874091,0.43656396576804735,0.5153507762645825,0.5299832524545959,0.718725995188705,0.7146206020874091,0.43656396576804735,0.5153507762645825,0.5299832524545959,0.718725995188705,0.7146206020874091,0.43656396576804735,0.5153507762645825,0.5299832524545959
5c07,I,human,true,2016-05-04T00:00:00.000000+0000,dcc9a6ee8ef25c11b8351ffe600e6567,5.93,31.4,23.51,1.3234689013048138,1.193583197192361,0.37121076422994737,0.8344682580319353,0.6151108066818256,1.3234689013048138,1.193583197192361,0.37121076422994737,0.8344682580319353,0.6151108066818256,1.3234689013048138,1.193583197192361,0.37121076422994737,0.8344682580319353,0.6151108066818256,1.3234689013048138,1.193583197192361,0.37121076422994737,0.8344682580319353,0.6151108066818256,1.3234689013048138,1.193583197192361,0.37121076422994737,0.8344682580319353,0.6151108066818256
5c08,I,human,true,2016-05-04T00:00:00.000000+0000,1f3b3c83f10fe434d3ed9a2aac42426c,6.05,31.62,27.46,1.7666942907697185,1.7123544276206843,0.3193152100557659,0.7024222698890276,0.7299987282512937,1.7666942907697185,1.7123544276206843,0.3193152100557659,0.7024222698890276,0.7299987282512937,1.7666942907697185,1.7123544276206843,0.3193152100557659,0.7024222698890276,0.7299987282512937,1.7666942907697185,1.7123544276206843,0.3193152100557659,0.7024222698890276,0.7299987282512937,1.7666942907697185,1.7123544276206843,0.3193152100557659,0.7024222698890276,0.7299987282512937
5c09,I,human,true,2016-05-04T00:00:00.000000+0000,17c45215a25c7ea7a36697c862ecc882,2.71,26.58,29.18,1.2760437459380378,1.215962097090824,0.4274053134496831,0.7858538442060297,0.7095174691766284,1.3349586959982416,1.2595281754960013,0.4335766145595006,0.7631784104405687,0.657049645825198,1.3349586959982416,1.2595281754960013,0.4335766145595006,0.7631784104405687,0.657049645825198,1.3349586959982416,1.2595281754960013,0.4335766145595006,0.7631784104405687,0.657049645825198,1.1804840336676685,1.130283141363612,0.40917342183485983,0.860097120250163,0.6308402006860413
5c0a,I,human,true,2016-05-04T00:00:00.000000+0000,62b106b2429df88b17c71c32af99456b,2.41,30.89,24.93,1.6949596769931243,1.6033012452652822,0.27859729115228243,0.6649581952645092,0.6547291233256549,1.6949596769931243,1.6033012452652822,0.27859729115228243,0.6649581952645092,0.6547291233256549,1.6949596769931243,1.6033012452652822,0.27859729115228243,0.6649581952645092,0.6547291233256549,1.844107404851226,1.6828485571976686,0.29008087612928896,0.6331141706746326,0.5173525275605404,1.4375658970423788,1.351632850937607,0.30338954140700775,0.7066179343669583,0.6096218807329218
5c0b,I,human,true,2016-05-04T00:00:00.000000+0000,3e76347df6b364d2e2069393b5e41f1b,5.78,31.69,32.11,1.785920757946514,1.684708206548967,0.3009163700853073,0.55775606542705,0.41915973237084625,1.785920757946514,1.684708206548967,0.3009163700853073,0.55775606542705,0.41915973237084625,2.1017646225436417,1.9647214673542661,0.30229176624915494,0.6622984445183372,0.8283288738318954,2.1017646225436417,1.9647214673542661,0.30229176624915494,0.6622984445183372,0.8283288738318954,2.1017646225436417,1.9647214673542661,0.30229176624915494,0.6622984445183372,0.8283288738318954
5c0c,I,human,true,2016-05-04T00:00:00.000000+0000,1f258846805df2ff13e55c952e940d21,6.16,31.25,25.45,1.705939472793047,1.5604783539903042,0.3235786318395145,0.8529228103057402,0.7284719275261977,1.8106305994446794,1.706893897044318,0.31649021526043336,0.7510484988549039,0.6879068751054638,1.9396154513119526,1.8464941904170615,0.3014929148882087,0.8219728390000142,0.5775063384173531,1.7420830010146107,1.6133745147448835,0.30835319226501656,0.7108985000893967,0.6603312708996963,1.7420830010146107,1.6133745147448835,0.30835319226501656,0.7108985000893967,0.6603312708996963
5d2l,I,human,true,2015-10-07T00:00:00.000000+0000,8a30b2ac290620d70cf7d5eb6a341e7f,3.01,19.87,18.68,23.562296502066268,20.971423671899245,0.8244798028592424,0.8334500666574567,1.168253179994788,23.122787126203427,20.60582981590012,0.8340155534609974,0.8178443337014243,1.0982001561940287,4.821559395466503,4.718955074963572,0.5721127045964456,0.8053691004487251,1.0050267357176617,4.821559395466503,4.718955074963572,0.5721127045964456,0.8053691004487251,1.0050267357176617,4.821559395466503,4.718955074963572,0.5721127045964456,0.8053691004487251,1.0050267357176617
5d2n,I,human,true,2015-10-07T00:00:00.000000+0000,776301ffc0fde8f1d4fe83bd7f50ed0f,4.98,16.07,4.34,1.5627170583923309,1.8995301918989855,0.4626626441433979,0.5705972626771405,0.6454405134231901,1.5627170583923309,1.8995301918989855,0.4626626441433979,0.5705972626771405,0.6454405134231901,1.5627170583923309,1.8995301918989855,0.4626626441433979,0.5705972626771405,0.6454405134231901,1.5627170583923309,1.8995301918989855,0.4626626441433979,0.5705972626771405,0.6454405134231901,1.5627170583923309,1.8995301918989855,0.4626626441433979,0.5705972626771405,0.6454405134231901
5e6i,I,human,true,2016-10-19T00:00:00.000000+0000,e9832c8ad0c064a3eab06b9646d44df6,5.87,6.7,6.59,5.039045766822028,5.258992152620484,0.7198663167825454,1.0740618898898964,1.1321088224781293,5.039045766822028,5.258992152620484,0.7198663167825454,1.0740618898898964,1.1321088224781293,5.039045766822028,5.258992152620484,0.7198663167825454,1.0740618898898964,1.1321088224781293,7.546165736192424,7.538097051421874,0.6313845583839521,1.0703214618891945,1.5300421436143719,5.360130386258868,5.5568383176525495,0.60579046208122,1.0623239335332155,1.0750457909311297
5e9d,I,human,true,2016-06-08T00:00:00.000000+0000,c96440ae3c6acd523d7a82b04b3674ad,4.36,4.87,48.16,0.5320933421456001,0.639919076499629,0.2990952263913095,0.6578361672190879,0.47006543837339304,0.5320933421456001,0.639919076499629,0.2990952263913095,0.6578361672190879,0.47006543837339304,0.920211169998673,1.001846755979206,0.3293091348768171,0.6389633641809799,0.4715146626140219,0.920211169998673,1.001846755979206,0.3293091348768171,0.6389633641809799,0.4715146626140219,0.920211169998673,1.001846755979206,0.3293091348768171,0.6389633641809799,0.4715146626140219
5eu6,I,human,true,2016-03-02T00:00:00.000000+0000,42f22658c4ba6a021a22c0bd556105e7,3.29,9.43,6.02,2.7289430988606234,2.6576438876036326,0.38426494569284586,0.565014200714147,1.2933724101550008,2.7289430988606234,2.6576438876036326,0.38426494569284586,0.565014200714147,1.2933724101550008,2.9890058934196593,2.84795409369826,0.28625374688930144,0.4381024615153919,1.3272507400260716,2.9890058934196593,2.84795409369826,0.28625374688930144,0.4381024615153919,1.3272507400260716,3.747250932944642,3.66122442817837,0.5684947060606338,0.4752307590183787,1.3498176517613623
5euo,I,human,true,2016-11-23T00:00:00.000000+0000,1d6dfeef5c22743c54f4223b0a733e5d,,,,1.029915079996438,1.247203606784918,0.32787723418493414,0.7756132268962953,0.9219634856210837,1.029915079996438,1.247203606784918,0.32787723418493414,0.7756132268962953,0.9219634856210837,1.029915079996438,1.247203606784918,0.32787723418493414,0.7756132268962953,0.9219634856210837,1.029915079996438,1.247203606784918,0.32787723418493414,0.7756132268962953,0.9219634856210837,0.6931057155193759,1.0712146531454179,0.3270043527872281,0.7264024354131827,1.1683160366193364
5hhm,I,human,true,2016-03-23T00:00:00.000000+0000,ba658f497297d7e0c19fccaeb63ecc17,,,,0.6067117667723398,0.6928607240392345,0.3624611788720947,0.7292463457455128,0.947297810282874,0.582529662999015,0.6424111835215157,0.33316040487409354,0.6873033174305287,0.7893116432046648,0.582529662999015,0.6424111835215157,0.33316040487409354,0.6873033174305287,0.7893116432046648,0.582529662999015,0.6424111835215157,0.33316040487409354,0.6873033174305287,0.7893116432046648,0.4338912286281845,0.5402746629897912,0.38308279566827685,0.7304320703907382,0.9500415812837774
5hho,I,human,true,2016-03-23T00:00:00.000000+0000,64c6b67d9ee71759dfa8ce9c6882dee9,,,,10.397903457537115,10.264898080764334,1.0123813156057544,0.6357761378157705,1.013568280853132,6.572501105892626,6.330932155313656,0.452172178221442,0.7862894947846285,0.9702197935078635,6.572501105892626,6.330932155313656,0.452172178221442,0.7862894947846285,0.9702197935078635,6.572501105892626,6.330932155313656,0.452172178221442,0.7862894947846285,0.9702197935078635,6.572501105892626,6.330932155313656,0.452172178221442,0.7862894947846285,0.9702197935078635
5hyj,I,human,true,2016-05-04T00:00:00.000000+0000,30f593be1c3392bd15b06b576e777fc0,,,,1.1519272544956973,1.1339233996432607,0.37379015433160495,0.7491978584993997,0.8870385288988615,0.9594111570742364,1.0328945530529026,0.3929478977134289,0.7092226115652169,0.8610228869286445,0.9594111570742364,1.0328945530529026,0.3929478977134289,0.7092226115652169,0.8610228869286445,0.9324473634437951,0.9621381924318759,0.37047488535629824,0.7536787272719376,0.766343939572734,0.9324473634437951,0.9621381924318759,0.37047488535629824,0.7536787272719376,0.766343939572734
5isz,I,human,true,2017-03-01T00:00:00.000000+0000,2dc78ab08b7fb39f0b72bbd2f09e17e5,4.44,12.81,13.98,1.2493648588162647,1.445087677867499,0.3159126704707034,0.7517332297106923,1.0922785609087036,1.2493648588162647,1.445087677867499,0.3159126704707034,0.7517332297106923,1.0922785609087036,1.2493648588162647,1.445087677867499,0.3159126704707034,0.7517332297106923,1.0922785609087036,1.2299157964990843,1.4496003747904196,0.3675866961424249,0.7734525182456528,1.0542141230515845,1.2299157964990843,1.4496003747904196,0.3675866961424249,0.7734525182456528,1.0542141230515845
5ivx,I,mouse,true,2017-03-29T00:00:00.000000+0000,1d3c2889f46ea790c30cf25cbca3dd9a,3.64,2.74,2.02,1.1190820228781415,1.9432220382783323,0.4054355893220118,0.9878190663339445,0.9309736491807417,0.571281954365459,1.5071886660378913,0.4362185694984022,0.9233249195633828,0.8770019963144597,0.571281954365459,1.5071886660378913,0.4362185694984022,0.9233249195633828,0.8770019963144597,0.571281954365459,1.5071886660378913,0.4362185694984022,0.9233249195633828,0.8770019963144597,0.571281954365459,1.5071886660378913,0.4362185694984022,0.9233249195633828,0.8770019963144597
5jhd,I,human,true,2017-03-01T00:00:00.000000+0000,bc86f925004666878838e160cb20da22,5.53,2.77,18.7,6.117410188225322,6.583640462312977,0.4750086346031266,0.7255416460893434,1.499320795685642,2.2553753161233168,3.016218619476797,0.4845376123957914,0.7692666220846126,1.3374250598662392,2.1533454648891968,2.9482708069782455,0.5162884339132932,0.7303424042362286,1.2661605227978534,2.1533454648891968,2.9482708069782455,0.5162884339132932,0.7303424042362286,1.2661605227978534,2.1533454648891968,2.9482708069782455,0.5162884339132932,0.7303424042362286,1.2661605227978534
5jzi,I,human,true,2017-05-31T00:00:00.000000+0000,2798549545b820244e4c1f8e6592ece6,,,,0.7988723062047736,0.8380062096891968,0.6843242744446449,1.1836342349510238,1.267903020426055,0.7988723062047736,0.8380062096891968,0.6843242744446449,1.1836342349510238,1.267903020426055,0.834731750970253,0.9118804284849161,0.6914990310740808,1.1749005524919787,1.3007168197670216,0.834731750970253,0.9118804284849161,0.6914990310740808,1.1749005524919787,1.3007168197670216,0.834731750970253,0.9118804284849161,0.6914990310740808,1.1749005524919787,1.3007168197670216
5ks9,II,human,true,2016-09-21T00:00:00.000000+0000,37f9991982382eeff8df10a51cdc5302,2.28,1.96,2.16,1.3395827491541283,2.604957959213578,0.6538914163283975,0.5726214639268971,1.136336544088271,1.0273056937536758,1.6830878422122895,0.6857790727568812,0.5124640756329409,0.7714841589429476,1.0273056937536758,1.6830878422122895,0.6857790727568812,0.5124640756329409,0.7714841589429476,1.0273056937536758,1.6830878422122895,0.6857790727568812,0.5124640756329409,0.7714841589429476,1.0273056937536758,1.6830878422122895,0.6857790727568812,0.5124640756329409,0.7714841589429476
5ksa,II,human,true,2016-09-21T00:00:00.000000+0000,964fd9ba182de8b9098ec825b4565570,3.97,3.9,3.46,1.536948583979896,2.0948620993244984,0.3573097282342869,0.5333887265580756,0.8960017711939775,2.40072681175002,2.7760512180183285,0.44942331688766946,0.5493136177897987,0.7498502908944514,2.40072681175002,2.7760512180183285,0.44942331688766946,0.5493136177897987,0.7498502908944514,2.40072681175002,2.7760512180183285,0.44942331688766946,0.5493136177897987,0.7498502908944514,2.40072681175002,2.7760512180183285,0.44942331688766946,0.5493136177897987,0.7498502908944514
5ksb,II,human,true,2016-09-21T00:00:00.000000+0000,fe1ed08c44165f9f44048de95567ebd5,2.47,1.57,3.23,1.3409391548076646,1.7319617077551857,0.5446988152334055,0.4964611049464607,0.7308197937398918,1.3409391548076646,1.7319617077551857,0.5446988152334055,0.4964611049464607,0.7308197937398918,1.3409391548076646,1.7319617077551857,0.5446988152334055,0.4964611049464607,0.7308197937398918,1.3367031981349131,1.716271529733043,0.5162359873412956,0.49338550762008876,0.7705255944159096,1.3367031981349131,1.716271529733043,0.5162359873412956,0.49338550762008876,0.7705255944159096
5m00,I,mouse,true,2017-12-20T00:00:00.000000+0000,70eef31cc6524e20ef4803910f9a3ae2,,,,0.507333383441708,0.6283333742023492,0.2708669076631088,0.8409260264390115,0.7691539624557981,0.7178609343589905,0.7713225309846906,0.2415230134647209,0.7806007980137551,0.7830899192147095,0.7178609343589905,0.7713225309846906,0.2415230134647209,0.7806007980137551,0.7830899192147095,0.7178609343589905,0.7713225309846906,0.2415230134647209,0.7806007980137551,0.7830899192147095,0.7178609343589905,0.7713225309846906,0.2415230134647209,0.7806007980137551,0.7830899192147095
5m01,I,mouse,true,2017-10-25T00:00:00.000000+0000,84a4b144dbd69084a27029fc5e250a64,,,,0.6278907227939214,1.0493863971871218,0.29282581878661523,0.8958084379382492,0.8480159101720983,0.5840345934321987,0.6508931253733315,0.22935787755273795,0.8838283691181643,0.7484058659633107,0.5840345934321987,0.6508931253733315,0.22935787755273795,0.8838283691181643,0.7484058659633107,0.5840345934321987,0.6508931253733315,0.22935787755273795,0.8838283691181643,0.7484058659633107,0.5840345934321987,0.6508931253733315,0.22935787755273795,0.8838283691181643,0.7484058659633107
5m02,I,mouse,true,2017-12-20T00:00:00.000000+0000,ba4a504e4bc643aaef788f9e776664db,3.5,4.69,4.97,0.5641382961688187,1.1394983810138086,0.25683879009070426,0.9194345762376431,0.8533189332652151,0.5345415310941253,1.0963511385943918,0.2442562390811038,0.9154900078617727,0.8584937241740498,0.6377428424561664,1.1860125432435933,0.27378666723499356,0.9110925458129574,0.8562160962822133,0.6377428424561664,1.1860125432435933,0.27378666723499356,0.9110925458129574,0.8562160962822133,0.6377428424561664,1.1860125432435933,0.27378666723499356,0.9110925458129574,0.8562160962822133
5men,I,human,true,2016-12-07T00:00:00.000000+0000,db1b44fcf2b83be55e8ecc71b900486e,5.47,1.79,1.84,0.8356585123162518,0.863986447111681,0.37703553772152626,0.7437176359038558,1.201920610238902,0.8356585123162518,0.863986447111681,0.37703553772152626,0.7437176359038558,1.201920610238902,0.8356585123162518,0.863986447111681,0.37703553772152626,0.7437176359038558,1.201920610238902,0.8356585123162518,0.863986447111681,0.37703553772152626,0.7437176359038558,1.201920610238902,0.8356585123162518,0.863986447111681,0.37703553772152626,0.7437176359038558,1.201920610238902
5nht,I,human,true,2018-05-16T00:00:00.000000+0000,08cd5fe64db69cf10a94e1432bafe686,2.13,2.66,3.03,0.839215501310976,0.9311981971297755,0.428987857749861,0.5911154563517329,0.8861689423445885,0.9021752369940023,0.9724716465208473,0.4421379086957086,0.6033566821657328,0.867947682953931,0.8158876635871362,0.9092881488149923,0.41889495211276173,0.6302871709765199,0.764468267658912,0.8158876635871362,0.9092881488149923,0.41889495211276173,0.6302871709765199,0.764468267658912,0.8158876635871362,0.9092881488149923,0.41889495211276173,0.6302871709765199,0.764468267658912
5nme,I,human,true,2017-11-15T00:00:00.000000+0000,c46e8c5ce0c03b1ffccefbf9c904d748,3.86,2.81,21.82,0.9418317140269953,0.8725424383602673,0.4520144341871288,0.637508566870452,0.7471396350190826,0.9418317140269953,0.8725424383602673,0.4520144341871288,0.637508566870452,0.7471396350190826,0.9418317140269953,0.8725424383602673,0.4520144341871288,0.637508566870452,0.7471396350190826,0.9418317140269953,0.8725424383602673,0.4520144341871288,0.637508566870452,0.7471396350190826,0.9418317140269953,0.8725424383602673,0.4520144341871288,0.637508566870452,0.7471396350190826
5nmf,I,human,true,2017-11-15T00:00:00.000000+0000,6defb4e3c005467ddf3ecaa47c1df426,,,,0.8650051706677082,0.8745732560631688,0.36620709808003254,0.769975784230183,0.4307460269288571,0.8650051706677082,0.8745732560631688,0.36620709808003254,0.769975784230183,0.4307460269288571,1.0803418902640396,1.0450283907399374,0.43890317448874805,0.6133376686768254,0.4696069958233868,1.0803418902640396,1.0450283907399374,0.43890317448874805,0.6133376686768254,0.4696069958233868,1.1062361072366054,1.1098071211058913,0.3680241709102081,0.6909997296104499,0.5969337218338184
5nmg,I,human,true,2017-11-15T00:00:00.000000+0000,07e9f550720d885a93f528bd8ef44fa8,3.81,2.76,22.58,0.7468474976158925,0.6989431024806458,0.3060320275606299,0.5655941058621454,0.6719826069626744,0.7468474976158925,0.6989431024806458,0.3060320275606299,0.5655941058621454,0.6719826069626744,1.1166986698045678,1.050614465674311,0.33271583386817294,0.6411794694632944,0.6368162079551182,1.1166986698045678,1.050614465674311,0.33271583386817294,0.6411794694632944,0.6368162079551182,1.1166986698045678,1.050614465674311,0.33271583386817294,0.6411794694632944,0.6368162079551182
5nqk,I,human,true,2018-05-30T00:00:00.000000+0000,5edbff4c49e763631cfd57b36ed549d3,,,,0.7114108429703042,0.9328612865560985,0.36206064390941145,0.6143933647711168,0.9516953542287808,0.7114108429703042,0.9328612865560985,0.36206064390941145,0.6143933647711168,0.9516953542287808,0.6519878208061999,0.8794565959227985,0.3578359912709844,0.5962066658674975,0.8790738565278297,0.6519878208061999,0.8794565959227985,0.3578359912709844,0.5962066658674975,0.8790738565278297,0.6519878208061999,0.8794565959227985,0.3578359912709844,0.5962066658674975,0.8790738565278297
5sws,I,mouse,true,2016-10-05T00:00:00.000000+0000,a0a69597aa56ab7d090d6c0a1f939c46,,,,32.648345792099825,31.045038160286026,0.472662593602463,0.9665556967913493,0.9650600820986127,32.100278796945084,30.40073648787818,0.40992875375859705,1.0957014277644719,1.0777097059076712,32.100278796945084,30.40073648787818,0.40992875375859705,1.0957014277644719,1.0777097059076712,32.100278796945084,30.40073648787818,0.40992875375859705,1.0957014277644719,1.0777097059076712,32.100278796945084,30.40073648787818,0.40992875375859705,1.0957014277644719,1.0777097059076712
5swz,I,mouse,true,2016-10-05T00:00:00.000000+0000,a6f5d3142e40ad78afca4927eb9b4f77,,,,31.457541422805225,29.479651849246462,0.5442182878283514,1.1607550045059487,1.0135344109361046,30.450642418289263,28.32287701981499,0.5043170198161724,0.9631689616284185,1.0629261761143571,31.317794178539266,29.28691082190533,0.5433593622009111,0.9473938720051688,1.0052873538486997,31.317794178539266,29.28691082190533,0.5433593622009111,0.9473938720051688,1.0052873538486997,31.317794178539266,29.28691082190533,0.5433593622009111,0.9473938720051688,1.0052873538486997
5tez,I,human,true,2017-09-27T00:00:00.000000+0000,aab2bcbf77a81c1d9d2335c87adf30d9,4.67,2.03,5.32,0.7082603747249793,0.707379121399362,0.2733137506388082,0.7123251998833628,0.6976964205390929,0.7082603747249793,0.707379121399362,0.2733137506388082,0.7123251998833628,0.6976964205390929,0.7082603747249793,0.707379121399362,0.2733137506388082,0.7123251998833628,0.6976964205390929,0.7082603747249793,0.707379121399362,0.2733137506388082,0.7123251998833628,0.6976964205390929,0.7082603747249793,0.707379121399362,0.2733137506388082,0.7123251998833628,0.6976964205390929
5til,I,mouse,true,2017-11-01T00:00:00.000000+0000,1c322907efd3ddf887944fbcfd8c203a,,,,1.1240627369575786,1.468445268540652,0.38450356499080157,0.869211353886543,0.9199728155750114,1.0438770360055813,1.4893093288572834,0.4115593509793563,0.7206465784963425,0.8984798466489378,1.0438770360055813,1.4893093288572834,0.4115593509793563,0.7206465784963425,0.8984798466489378,0.9152081250787155,1.3552939043586127,0.35660534210867545,0.8627952354335582,0.9176436035556877,0.7577414331051563,1.104611375682202,0.4591745888447545,0.947661742729442,0.8537901567523571
5tje,I,mouse,true,2017-11-01T00:00:00.000000+0000,2e4d80122f93a257265577c7e9e607eb,,,,1.0912522131064664,1.4483327593179278,0.456172545896058,0.9505797190921901,0.9722746823218718,1.105597206632885,1.5173378973323022,0.4721824358922217,0.8191308461774331,0.9556965004658042,1.105597206632885,1.5173378973323022,0.4721824358922217,0.8191308461774331,0.9556965004658042,1.0132515291436013,1.4124645242097786,0.42194788790232435,0.9574463678119732,0.9702251628139451,1.0132515291436013,1.4124645242097786,0.42194788790232435,0.9574463678119732,0.9702251628139451
5w1v,I,human,true,2017-10-04T00:00:00.000000+0000,d8058250afd030b912178a0d74538e17,,,,4.831278437490877,4.916608573048056,0.5428832475315902,0.7000406557379216,0.9902234918026266,4.831278437490877,4.916608573048056,0.5428832475315902,0.7000406557379216,0.9902234918026266,5.533916133448788,5.7068649187421165,0.48247872624413474,0.7172107320948942,1.2391293840904205,5.533916133448788,5.7068649187421165,0.48247872624413474,0.7172107320948942,1.2391293840904205,5.533916133448788,5.7068649187421165,0.48247872624413474,0.7172107320948942,1.2391293840904205
5w1w,I,human,true,2017-10-04T00:00:00.000000+0000,03a629647ae9b4fbfafa012aacff7dc0,,,,6.953801867178146,6.776335951714919,0.39879194888093056,0.6562512408332198,0.8837917235718873,6.953801867178146,6.776335951714919,0.39879194888093056,0.6562512408332198,0.8837917235718873,9.49311985816078,10.104536950302213,0.2982448564187802,0.6513008003469523,2.2075181711235614,9.49311985816078,10.104536950302213,0.2982448564187802,0.6513008003469523,2.2075181711235614,9.49311985816078,10.104536950302213,0.2982448564187802,0.6513008003469523,2.2075181711235614
5wkf,I,human,true,2017-09-20T00:00:00.000000+0000,b715dddc3a7ab8447296b7d65d20766e,,,,1.0352040779704497,1.3073606391237251,0.3542403140005843,0.6024508903190432,1.0209273016346172,1.0352040779704497,1.3073606391237251,0.3542403140005843,0.6024508903190432,1.0209273016346172,0.9377312960737112,1.290830316069104,0.3564852028152738,0.591746347281218,0.9781289577837635,0.9377312960737112,1.290830316069104,0.3564852028152738,0.591746347281218,0.9781289577837635,0.9377312960737112,1.290830316069104,0.3564852028152738,0.591746347281218,0.9781289577837635
5wkh,I,human,true,2017-09-20T00:00:00.000000+0000,cf6fdd724bf35261e43c37c42b092587,2.02,10.71,18.71,0.8998913827941198,1.184567808359219,0.2966700039734159,0.5889632375615013,0.9683338379670107,0.9706278129244067,1.2493282700071762,0.31653065674763053,0.6012848127232634,0.9886895606430142,0.7263553136660105,1.0636075166707604,0.29444309923845813,0.5837950604345726,0.8618978725351332,0.7263553136660105,1.0636075166707604,0.29444309923845813,0.5837950604345726,0.8618978725351332,0.7263553136660105,1.0636075166707604,0.29444309923845813,0.5837950604345726,0.8618978725351332
5yxn,I,human,true,2018-12-12T00:00:00.000000+0000,204230634f5a1508c7b504b8bd4f3f0b,3.05,3.36,23.66,0.6384206710693208,0.6384859720702998,0.48661732651632167,0.582687555476816,0.8973200943832287,0.6384206710693208,0.6384859720702998,0.48661732651632167,0.582687555476816,0.8973200943832287,0.6384206710693208,0.6384859720702998,0.48661732651632167,0.582687555476816,0.8973200943832287,0.6384206710693208,0.6384859720702998,0.48661732651632167,0.582687555476816,0.8973200943832287,0.8983572147853074,0.8640503342421211,0.4710698105271249,0.5373117458850722,0.9431823666459151
6am5,I,human,true,2018-08-08T00:00:00.000000+0000,88c4ded60565c1a837b8043be3f7f85f,2.54,4.49,6.82,0.8194185569911216,0.8925717402923372,0.294958048215462,0.8313673824435145,0.8322595631608551,0.8194185569911216,0.8925717402923372,0.294958048215462,0.8313673824435145,0.8322595631608551,0.8194185569911216,0.8925717402923372,0.294958048215462,0.8313673824435145,0.8322595631608551,0.8194185569911216,0.8925717402923372,0.294958048215462,0.8313673824435145,0.8322595631608551,0.8194185569911216,0.8925717402923372,0.294958048215462,0.8313673824435145,0.8322595631608551
6amu,I,human,true,2018-08-15T00:00:00.000000+0000,f0d3543c4e85aa9141a6826400fb5a2c,3.38,2.86,3.56,1.7751797881664295,1.8412834587492406,1.9134519150007747,1.077817077698463,0.5234668998826421,1.7751797881664295,1.8412834587492406,1.9134519150007747,1.077817077698463,0.5234668998826421,1.7751797881664295,1.8412834587492406,1.9134519150007747,1.077817077698463,0.5234668998826421,1.5438117326027776,1.6063544553086904,1.905380513847124,1.1394926491057766,0.5656954070893173,1.5438117326027776,1.6063544553086904,1.905380513847124,1.1394926491057766,0.5656954070893173
6avf,I,human,true,2018-02-28T00:00:00.000000+0000,399ca62e2d74dfe34aa13b411d85e9d6,5.83,7.73,8.26,3.4340289769341505,3.9154358199536197,1.7661799782854017,1.1616680055837216,1.229483205176558,3.963412989957708,4.579829099699868,1.677616407990901,1.3116275021384614,1.171022416061623,3.963412989957708,4.579829099699868,1.677616407990901,1.3116275021384614,1.171022416061623,4.868203239766967,5.460646015578847,1.6993063309194822,1.1347958223336234,1.2487024995057774,4.868203239766967,5.460646015578847,1.6993063309194822,1.1347958223336234,1.2487024995057774
6avg,I,human,true,2018-02-28T00:00:00.000000+0000,1e75e0c6462671027fbf3e7764c91223,5.9,27.09,21.56,1.4153787459775806,2.3896250389503275,3.9333849596030284,0.614648509783245,1.3200393212280637,1.4272523715209666,2.8941407216565764,4.038538047352789,0.6102205966589661,1.434558438093862,1.4272523715209666,2.8941407216565764,4.038538047352789,0.6102205966589661,1.434558438093862,1.4272523715209666,2.8941407216565764,4.038538047352789,0.6102205966589661,1.434558438093862,1.4272523715209666,2.8941407216565764,4.038538047352789,0.6102205966589661,1.434558438093862
6bj2,I,human,true,2018-07-25T00:00:00.000000+0000,9bbaf3146733367b236f14fa28ccd768,6.04,9.59,40.55,1.9712828203389468,1.986467224974154,0.5052635200122756,0.860024293223177,0.8446615319931573,1.9712828203389468,1.986467224974154,0.5052635200122756,0.860024293223177,0.8446615319931573,1.9712828203389468,1.986467224974154,0.5052635200122756,0.860024293223177,0.8446615319931573,1.9712828203389468,1.986467224974154,0.5052635200122756,0.860024293223177,0.8446615319931573,2.0404109609300747,2.0656472009124265,0.42242046475895517,0.7428106859423647,0.819802507728663
6cql,II,human,true,2018-06-06T00:00:00.000000+0000,2e39b619e57b31378d6bc0cc68834ae9,2.63,21.79,49.52,1.1741714504469418,1.6067110717466306,0.4020722376362178,1.2177649893760567,0.654348527512783,1.0531070651582324,1.1447058851801077,0.4782294783008485,0.6128256166316084,0.4578001390845498,1.283518771226771,1.3465570390960313,0.5515198489396167,0.5863603182571735,0.48140338410974576,1.283518771226771,1.3465570390960313,0.5515198489396167,0.5863603182571735,0.48140338410974576,1.283518771226771,1.3465570390960313,0.5515198489396167,0.5863603182571735,0.48140338410974576
6cqn,II,human,true,2018-06-06T00:00:00.000000+0000,5a26647b21ee6c40d086f06851514fd0,,,,1.0425686708031203,1.1490431603622169,0.3841278084393928,1.1571753737139818,0.5369489179639014,1.0425686708031203,1.1490431603622169,0.3841278084393928,1.1571753737139818,0.5369489179639014,1.0425686708031203,1.1490431603622169,0.3841278084393928,1.1571753737139818,0.5369489179639014,1.0425686708031203,1.1490431603622169,0.3841278084393928,1.1571753737139818,0.5369489179639014,1.0425686708031203,1.1490431603622169,0.3841278084393928,1.1571753737139818,0.5369489179639014
6cqq,II,human,true,2018-06-06T00:00:00.000000+0000,dfe7d440a6ecad857a681c6741eb6442,,,,0.7918125775407356,0.8777360771622615,0.8090010535017137,0.9988915281790629,0.6037495798219825,0.5662045394227198,0.6648880311485039,0.7267854207995852,1.027199502121666,0.5996893888929407,0.5662045394227198,0.6648880311485039,0.7267854207995852,1.027199502121666,0.5996893888929407,0.5662045394227198,0.6648880311485039,0.7267854207995852,1.027199502121666,0.5996893888929407,0.5662045394227198,0.6648880311485039,0.7267854207995852,1.027199502121666,0.5996893888929407
6cqr,II,human,true,2018-06-06T00:00:00.000000+0000,83ae3c85cf445f54ffb629d904c528ee,,,,0.8347806618123009,0.9695393117728098,0.48036114513459666,1.1585541857255646,0.48217445712028734,0.7820761258620618,1.500229320286339,0.36193768626669076,0.6653794643439608,0.6916443936206768,0.9754717246787314,1.6399741242543013,0.36429470575730727,0.9645560772541142,0.7872169096377793,0.9754717246787314,1.6399741242543013,0.36429470575730727,0.9645560772541142,0.7872169096377793,1.0036745440972377,1.643639461887873,0.37505839772533295,0.7992786081967883,0.6801493510494326
6d78,I,human,true,2019-04-03T00:00:00.000000+0000,0d4f0a7a089bc4050b4cf8fca321a283,,,,0.6159735294397608,0.7139085459444301,2.561294120039772,0.7922583981213255,0.6294894084521488,0.3250815898401057,0.46213695663201404,2.567387432559701,0.7938647907051521,0.6589185803391547,0.5895096611443086,0.6199854179801692,2.57460573338244,0.7472219687407943,0.7235644318296813,0.5895096611443086,0.6199854179801692,2.57460573338244,0.7472219687407943,0.7235644318296813,0.5895096611443086,0.6199854179801692,2.57460573338244,0.7472219687407943,0.7235644318296813
6dkp,I,human,true,2019-04-10T00:00:00.000000+0000,24540dbea057fd474e18fe6536a88c90,,,,0.4819496200150496,0.6491919340518553,0.4498630106757758,0.9038048256812914,0.8832248040667127,0.6607711997416595,0.8491543684966012,0.4610564876097583,0.7947578779761519,0.6929086651855094,0.6607711997416595,0.8491543684966012,0.4610564876097583,0.7947578779761519,0.6929086651855094,0.6875401372666918,0.8885865189848787,0.4362999513541564,0.7552115945349819,0.7702799292138389,0.6875401372666918,0.8885865189848787,0.4362999513541564,0.7552115945349819,0.7702799292138389
6eqa,I,human,true,2018-10-10T00:00:00.000000+0000,5aa104ba24173c05b2935d99ff01b4c5,,,,2.541306877832145,2.7420608163391678,2.626167050795862,0.790595691801886,1.1220305714700747,2.541306877832145,2.7420608163391678,2.626167050795862,0.790595691801886,1.1220305714700747,2.3832966453305366,2.637695006673508,2.5948336867536015,0.9557886769513884,1.3998848462524114,2.3832966453305366,2.637695006673508,2.5948336867536015,0.9557886769513884,1.3998848462524114,2.3832966453305366,2.637695006673508,2.5948336867536015,0.9557886769513884,1.3998848462524114
6eqb,I,human,true,2018-10-10T00:00:00.000000+0000,ff4fccfa7bb26ecdb0ea1699d0a4eeb7,,,,0.8280163300627199,1.1588568511099417,2.6602811200532623,1.4030420713148728,0.5884154486214659,0.8280163300627199,1.1588568511099417,2.6602811200532623,1.4030420713148728,0.5884154486214659,0.9156642115670469,1.2577796615203645,2.649245007719185,1.4740796655303559,0.6119488897972702,0.9156642115670469,1.2577796615203645,2.649245007719185,1.4740796655303559,0.6119488897972702,0.6831035191472316,0.7473811174294108,2.4444063045972326,1.4875188223403664,0.5071608305339319
6g9q,I,mouse,true,2019-04-24T00:00:00.000000+0000,c11c725272e7d7328e4349446b16b215,3.48,4.57,18.46,0.4905041594788552,0.5374492170838007,0.34538354853093794,0.8315286120859736,0.7618568399825061,0.30814798385642095,0.39203700705681066,0.3012230495366961,0.7873131090019356,0.783822058366687,0.6025129434903351,0.6182111224498741,0.2967429697205377,0.8356735095534503,0.7809915688912489,0.6025129434903351,0.6182111224498741,0.2967429697205377,0.8356735095534503,0.7809915688912489,0.6025129434903351,0.6182111224498741,0.2967429697205377,0.8356735095534503,0.7809915688912489
6l9l,I,human,true,2020-11-18T00:00:00.000000+0000,00d671d629eff4094fee1be3c7f4da77,4.2,11.69,26.58,1.9604970073693386,2.3277278756332542,0.509217483118217,0.576278514654756,0.9698210086836792,1.9604970073693386,2.3277278756332542,0.509217483118217,0.576278514654756,0.9698210086836792,1.9604970073693386,2.3277278756332542,0.509217483118217,0.576278514654756,0.9698210086836792,2.186144784839368,2.3240207089393987,0.5733166355988689,0.5382599641767061,1.0454375927430064,2.186144784839368,2.3240207089393987,0.5733166355988689,0.5382599641767061,1.0454375927430064
6l9l,I,human,true,2020-11-18T00:00:00.000000+0000,00d671d629eff4094fee1be3c7f4da77,4.2,11.69,26.58,1.9604970073693386,2.3277278756332542,0.509217483118217,0.576278514654756,0.9698210086836792,1.9604970073693386,2.3277278756332542,0.509217483118217,0.576278514654756,0.9698210086836792,1.9604970073693386,2.3277278756332542,0.509217483118217,0.576278514654756,0.9698210086836792,2.186144784839368,2.3240207089393987,0.5733166355988689,0.5382599641767061,1.0454375927430064,2.186144784839368,2.3240207089393987,0.5733166355988689,0.5382599641767061,1.0454375927430064
6l9l,I,mouse,true,2020-11-18T00:00:00.000000+0000,00d671d629eff4094fee1be3c7f4da77,4.2,11.69,26.58,1.9604970073693386,2.3277278756332542,0.509217483118217,0.576278514654756,0.9698210086836792,1.9604970073693386,2.3277278756332542,0.509217483118217,0.576278514654756,0.9698210086836792,1.9604970073693386,2.3277278756332542,0.509217483118217,0.576278514654756,0.9698210086836792,2.186144784839368,2.3240207089393987,0.5733166355988689,0.5382599641767061,1.0454375927430064,2.186144784839368,2.3240207089393987,0.5733166355988689,0.5382599641767061,1.0454375927430064
6l9l,I,mouse,true,2020-11-18T00:00:00.000000+0000,00d671d629eff4094fee1be3c7f4da77,4.2,11.69,26.58,1.9604970073693386,2.3277278756332542,0.509217483118217,0.576278514654756,0.9698210086836792,1.9604970073693386,2.3277278756332542,0.509217483118217,0.576278514654756,0.9698210086836792,1.9604970073693386,2.3277278756332542,0.509217483118217,0.576278514654756,0.9698210086836792,2.186144784839368,2.3240207089393987,0.5733166355988689,0.5382599641767061,1.0454375927430064,2.186144784839368,2.3240207089393987,0.5733166355988689,0.5382599641767061,1.0454375927430064
6mtm,I,human,true,2019-02-13T00:00:00.000000+0000,1e2f70e91c8b2d204ab7d420da955a8a,2.49,5.28,3.14,1.2328582693766135,1.808449729419615,0.6620661295249256,1.0155143390994825,1.1771370395091219,1.1438557962894282,1.8067489437636273,0.6972801475688754,1.025996294550931,1.166344361532595,1.1438557962894282,1.8067489437636273,0.6972801475688754,1.025996294550931,1.166344361532595,1.1438557962894282,1.8067489437636273,0.6972801475688754,1.025996294550931,1.166344361532595,1.1438557962894282,1.8067489437636273,0.6972801475688754,1.025996294550931,1.166344361532595
6px6,II,human,true,2020-01-15T00:00:00.000000+0000,5075ee2fbedf90b5ae427ff06b683e03,3.9,2.81,3.33,0.7881983469872674,0.8181518236263082,0.7142658799610884,0.6652089653224043,0.8210731577961558,0.7960838865814766,0.8266221146823247,0.6097633346458422,0.7045180119601684,0.8494625765694306,0.7960838865814766,0.8266221146823247,0.6097633346458422,0.7045180119601684,0.8494625765694306,0.7960838865814766,0.8266221146823247,0.6097633346458422,0.7045180119601684,0.8494625765694306,0.7960838865814766,0.8266221146823247,0.6097633346458422,0.7045180119601684,0.8494625765694306
6py2,II,human,true,2020-01-15T00:00:00.000000+0000,4c359b8926b0d258e209c5555ec39c94,5.45,6.38,4.37,5.417586198627725,5.592179390492462,0.668730905374786,0.7823542430751707,1.5325788894627725,5.417586198627725,5.592179390492462,0.668730905374786,0.7823542430751707,1.5325788894627725,6.775327444081265,6.570118591735968,0.6743949233646477,0.8374229967802582,1.5534463095612976,6.775327444081265,6.570118591735968,0.6743949233646477,0.8374229967802582,1.5534463095612976,6.775327444081265,6.570118591735968,0.6743949233646477,0.8374229967802582,1.5534463095612976
6q3s,I,human,true,2019-07-24T00:00:00.000000+0000,65df34b2aecb0481b553c37e5ff14edb,,,,0.7791740087510067,0.8188421126240952,0.6498465284395374,1.1956616723105133,0.625040920461802,0.7791740087510067,0.8188421126240952,0.6498465284395374,1.1956616723105133,0.625040920461802,0.9091708083428921,0.94369174405048,0.6365053275981022,1.1907257818748211,0.6181423638952166,0.9091708083428921,0.94369174405048,0.6365053275981022,1.1907257818748211,0.6181423638952166,0.9091708083428921,0.94369174405048,0.6365053275981022,1.1907257818748211,0.6181423638952166
6r2l,I,human,true,2020-02-26T00:00:00.000000+0000,3d652233f2d72f3cf07ced5ec7d75381,,,,0.8363587209993281,0.9061166498952294,0.33313562870443125,0.49382089247117716,0.5355089505375318,0.8363587209993281,0.9061166498952294,0.33313562870443125,0.49382089247117716,0.5355089505375318,0.8363587209993281,0.9061166498952294,0.33313562870443125,0.49382089247117716,0.5355089505375318,0.8400882914474865,0.8697734196513545,0.3652121883637685,0.5070877770695015,0.5125266925853447,0.7018504777396466,0.7757891899919627,0.30501611098126796,0.5166877516329029,0.5401954233990718
6rp9,I,human,true,2020-01-15T00:00:00.000000+0000,c874eda106179b27d61348b755743159,5.67,23.64,20.27,5.797704792958825,5.7611115684307475,1.7595679628205925,0.5693229628101243,1.0873142077910134,5.030050074668182,5.392118878776169,1.8019022899950776,0.51022391163603,1.1221325921680876,6.005133517050923,6.1183821955969195,1.8778381765866745,0.5939270832198965,1.1665099814647328,6.005133517050923,6.1183821955969195,1.8778381765866745,0.5939270832198965,1.1665099814647328,6.005133517050923,6.1183821955969195,1.8778381765866745,0.5939270832198965,1.1665099814647328
6rpa,I,human,true,2020-01-15T00:00:00.000000+0000,4048d450da52b964383614b88c3c5e12,6.49,20.16,27.44,1.2910618291482345,1.3303531974690288,0.4088427877992545,0.5742734279507449,0.67531658078031,0.9292550523259282,0.99645191050836,0.3573786200971486,0.5512481680458177,0.6519876946991525,0.8927282743393516,1.132857538208281,0.3762793861453527,0.5294990723657101,0.6664931640472331,0.9777414547369204,1.0912927154999865,0.3992875089050045,0.5936772485643284,0.674397698341038,0.9777414547369204,1.0912927154999865,0.3992875089050045,0.5936772485643284,0.674397698341038
6rpb,I,human,true,2020-01-15T00:00:00.000000+0000,ef0536331ca827c84fa74f72979c36cb,5.64,7.82,23.41,9.518882233189544,9.115741335744898,1.2587992518563385,0.6186831846820908,0.6611189676047315,8.657417154392608,7.819929119819008,0.8961666914691504,0.6293738375298702,0.6452244176529547,8.657417154392608,7.819929119819008,0.8961666914691504,0.6293738375298702,0.6452244176529547,8.409118301758891,7.58941151642275,0.8653795182068134,0.6015439083309294,0.6321514429518068,8.409118301758891,7.58941151642275,0.8653795182068134,0.6015439083309294,0.6321514429518068
6rsy,I,human,true,2020-04-15T00:00:00.000000+0000,0b32089b5c9ad675e4cadfac80e8e42c,1.92,22.85,3.27,0.7616474405325119,0.9085858090567522,0.32290994456488337,0.7236105384370113,0.6717767624408649,0.682539456277619,0.8718385513188018,0.3449906366035597,0.7623579254405611,0.667621546607339,0.7756387383776027,0.9344606815379721,0.3414311676028233,0.7188016892568034,0.650904710651314,0.7756387383776027,0.9344606815379721,0.3414311676028233,0.7188016892568034,0.650904710651314,0.7756387383776027,0.9344606815379721,0.3414311676028233,0.7188016892568034,0.650904710651314
6tmo,I,human,true,2020-10-07T00:00:00.000000+0000,4a9a0561bd9169c010577d2c1e6ea357,,,,0.5502377858369151,0.5759915825201448,0.3002276950129379,1.0195372465211772,0.49088093623749657,0.5502377858369151,0.5759915825201448,0.3002276950129379,1.0195372465211772,0.49088093623749657,0.5502377858369151,0.5759915825201448,0.3002276950129379,1.0195372465211772,0.49088093623749657,0.5502377858369151,0.5759915825201448,0.3002276950129379,1.0195372465211772,0.49088093623749657,0.5496126972513935,0.5904201581057196,0.28460656354114944,1.0939186407195403,0.5301583688555085
6tro,I,human,true,2020-06-24T00:00:00.000000+0000,a484b16662afe2f5aff2c7c5fc38c2b9,9.13,7.59,8.35,1.25893607614001,1.1956051033057424,0.3837552865848478,0.8136296853959579,0.8355262387287695,1.3769716911834207,1.3156393007759055,0.37538709212039856,0.835953068008727,0.8176535911331814,1.1509283333249958,1.1298158206362854,0.39543505653127553,0.8290684842036051,0.8361830412790304,1.1509283333249958,1.1298158206362854,0.39543505653127553,0.8290684842036051,0.8361830412790304,1.3452394166143553,1.2574551627489337,0.3844353610023123,0.8816233101661002,0.8062971796852881
6u3n,II,human,true,2019-12-18T00:00:00.000000+0000,900f8132e41f6ea7b5b33fe325630a79,3.2,4.52,4.53,2.549763748331554,3.143812952906838,6.385386190731726,0.8512781112127025,1.150440557418489,2.2415122195443344,2.5204206218890977,0.4767058766416036,0.8824867355728279,0.9857505583791667,2.2415122195443344,2.5204206218890977,0.4767058766416036,0.8824867355728279,0.9857505583791667,2.594371422020407,2.7683896358502875,0.5012650787856995,0.9926722620068644,1.0217096794692455,2.594371422020407,2.7683896358502875,0.5012650787856995,0.9926722620068644,1.0217096794692455
6u3o,II,human,true,2019-12-18T00:00:00.000000+0000,cbfbd4f631800c9fd1fe571961cd7fb2,3.03,20.29,5.43,0.8600778318048062,0.9881784955461678,1.4464836405731554,0.6088231734890929,0.7414125741222808,0.8683174756002662,0.9078952271785841,1.5003451371957182,0.5738535905079908,0.6177987925977223,0.8683174756002662,0.9078952271785841,1.5003451371957182,0.5738535905079908,0.6177987925977223,0.8683174756002662,0.9078952271785841,1.5003451371957182,0.5738535905079908,0.6177987925977223,0.8683174756002662,0.9078952271785841,1.5003451371957182,0.5738535905079908,0.6177987925977223
6uon,I,human,true,2020-05-27T00:00:00.000000+0000,b488b22e9b55dfb1547da30022c2b00d,8.03,9.98,8.91,8.287977889304788,7.706342668226737,1.5477143497065065,0.6682317843550257,0.8501365204595402,8.287977889304788,7.706342668226737,1.5477143497065065,0.6682317843550257,0.8501365204595402,8.287977889304788,7.706342668226737,1.5477143497065065,0.6682317843550257,0.8501365204595402,7.857899027711127,7.3237210575838985,1.5437532095854927,0.6462119248638938,0.8527023238787124,7.252925592328459,6.80009806539941,1.6371009931652722,0.711204728570025,0.8417274937893675
6uz1,I,human,true,2020-10-28T00:00:00.000000+0000,3f5fdcde3dc3982b3fa817ced364b100,,,,50.17424090900216,50.042890093698084,1.143795234276257,0.6667933952895666,1.283486365807455,49.80100304960558,49.637130808365484,1.1847034016630633,0.6832530778763412,1.2455248171415754,50.05949757556834,49.899957439503424,1.1837233539937413,0.5655469168168459,1.293689924176116,50.05949757556834,49.899957439503424,1.1837233539937413,0.5655469168168459,1.293689924176116,50.05949757556834,49.899957439503424,1.1837233539937413,0.5655469168168459,1.293689924176116
6v13,II,human,true,2020-11-25T00:00:00.000000+0000,fc860639fa2ed6b28d6b5f3dc97ed1c2,,,,2.4318940992856053,2.73559099016476,0.5454931496577906,0.6991271341829188,0.9055335739496683,2.376456425172822,2.6617666521566172,0.5277064965894633,0.7749974134775128,0.895142819028128,2.376456425172822,2.6617666521566172,0.5277064965894633,0.7749974134775128,0.895142819028128,1.665069005086549,1.8713764566018092,0.49525460414208555,0.768460057646121,0.7647960776830637,1.665069005086549,1.8713764566018092,0.49525460414208555,0.768460057646121,0.7647960776830637
6v13,II,human,true,2020-11-25T00:00:00.000000+0000,fc860639fa2ed6b28d6b5f3dc97ed1c2,,,,2.4318940992856053,2.73559099016476,0.5454931496577906,0.6991271341829188,0.9055335739496683,2.376456425172822,2.6617666521566172,0.5277064965894633,0.7749974134775128,0.895142819028128,2.376456425172822,2.6617666521566172,0.5277064965894633,0.7749974134775128,0.895142819028128,1.665069005086549,1.8713764566018092,0.49525460414208555,0.768460057646121,0.7647960776830637,1.665069005086549,1.8713764566018092,0.49525460414208555,0.768460057646121,0.7647960776830637
6v15,II,human,true,2020-11-25T00:00:00.000000+0000,fc860639fa2ed6b28d6b5f3dc97ed1c2,,,,136.2817598439425,136.19830506841723,136.49130054858387,0.6155019077319734,0.9234907306305521,136.36735597590777,136.29138284669835,136.4929149103266,0.6794866601825099,0.9148013815306175,136.36735597590777,136.29138284669835,136.4929149103266,0.6794866601825099,0.9148013815306175,136.98820538196682,136.9355274015272,136.35449357550922,0.6738017541656911,0.7775505860713163,136.98820538196682,136.9355274015272,136.35449357550922,0.6738017541656911,0.7775505860713163
6v15,II,human,true,2020-11-25T00:00:00.000000+0000,fc860639fa2ed6b28d6b5f3dc97ed1c2,,,,136.2817598439425,136.19830506841723,136.49130054858387,0.6155019077319734,0.9234907306305521,136.36735597590777,136.29138284669835,136.4929149103266,0.6794866601825099,0.9148013815306175,136.36735597590777,136.29138284669835,136.4929149103266,0.6794866601825099,0.9148013815306175,136.98820538196682,136.9355274015272,136.35449357550922,0.6738017541656911,0.7775505860713163,136.98820538196682,136.9355274015272,136.35449357550922,0.6738017541656911,0.7775505860713163
6v13,II,human,true,2020-11-25T00:00:00.000000+0000,fc860639fa2ed6b28d6b5f3dc97ed1c2,,,,136.0450404799317,136.15513305793178,135.82292653247262,0.6991271341829188,0.9055335739496683,135.95891484726832,136.06073230689321,135.82042991623888,0.7749974134775128,0.895142819028128,135.95891484726832,136.06073230689321,135.82042991623888,0.7749974134775128,0.895142819028128,135.30793943126724,135.38274104136934,135.95404776029278,0.768460057646121,0.7647960776830637,135.30793943126724,135.38274104136934,135.95404776029278,0.768460057646121,0.7647960776830637
6v13,II,human,true,2020-11-25T00:00:00.000000+0000,fc860639fa2ed6b28d6b5f3dc97ed1c2,,,,136.0450404799317,136.15513305793178,135.82292653247262,0.6991271341829188,0.9055335739496683,135.95891484726832,136.06073230689321,135.82042991623888,0.7749974134775128,0.895142819028128,135.95891484726832,136.06073230689321,135.82042991623888,0.7749974134775128,0.895142819028128,135.30793943126724,135.38274104136934,135.95404776029278,0.768460057646121,0.7647960776830637,135.30793943126724,135.38274104136934,135.95404776029278,0.768460057646121,0.7647960776830637
6v15,II,human,true,2020-11-25T00:00:00.000000+0000,fc860639fa2ed6b28d6b5f3dc97ed1c2,,,,2.50774952791987,2.8055658573391944,0.5530440287870345,0.6155019077319734,0.9234907306305521,2.476706910518138,2.7563303120430334,0.5345506303976341,0.6794866601825099,0.9148013815306175,2.476706910518138,2.7563303120430334,0.5345506303976341,0.6794866601825099,0.9148013815306175,1.694367752746262,1.9456646945575802,0.5491737101424752,0.6738017541656911,0.7775505860713163,1.694367752746262,1.9456646945575802,0.5491737101424752,0.6738017541656911,0.7775505860713163
6v15,II,human,true,2020-11-25T00:00:00.000000+0000,fc860639fa2ed6b28d6b5f3dc97ed1c2,,,,2.50774952791987,2.8055658573391944,0.5530440287870345,0.6155019077319734,0.9234907306305521,2.476706910518138,2.7563303120430334,0.5345506303976341,0.6794866601825099,0.9148013815306175,2.476706910518138,2.7563303120430334,0.5345506303976341,0.6794866601825099,0.9148013815306175,1.694367752746262,1.9456646945575802,0.5491737101424752,0.6738017541656911,0.7775505860713163,1.694367752746262,1.9456646945575802,0.5491737101424752,0.6738017541656911,0.7775505860713163
6v18,II,human,true,2020-11-25T00:00:00.000000+0000,ac54c2405afa03c65178a7fed984ea46,,,,2.04777426397087,1.9362509068111624,0.4707690421110426,1.0025309357932735,0.3946611704393009,5.083337931421259,4.65575950141794,0.5543062373861182,0.9793335803997997,0.4781789371724763,5.083337931421259,4.65575950141794,0.5543062373861182,0.9793335803997997,0.4781789371724763,5.220559331849287,4.77966026446759,0.5346641857651502,1.048831907207104,0.41987635987302363,5.220559331849287,4.77966026446759,0.5346641857651502,1.048831907207104,0.41987635987302363
6v19,II,human,true,2020-11-25T00:00:00.000000+0000,f9a7c27b38f6d26fc651083c4e31c2e1,,,,1.125198403530451,1.3019012661971676,0.4512478402586965,0.6557739747644773,0.57422822381097,5.163802742170526,4.685902079080881,0.5650666188897578,0.6794131108421919,0.5014495557039454,5.163802742170526,4.685902079080881,0.5650666188897578,0.6794131108421919,0.5014495557039454,5.163802742170526,4.685902079080881,0.5650666188897578,0.6794131108421919,0.5014495557039454,5.163802742170526,4.685902079080881,0.5650666188897578,0.6794131108421919,0.5014495557039454
6v19,II,human,true,2020-11-25T00:00:00.000000+0000,f9a7c27b38f6d26fc651083c4e31c2e1,,,,1.125198403530451,1.3019012661971676,0.4512478402586965,0.6557739747644773,0.57422822381097,5.163802742170526,4.685902079080881,0.5650666188897578,0.6794131108421919,0.5014495557039454,5.163802742170526,4.685902079080881,0.5650666188897578,0.6794131108421919,0.5014495557039454,5.163802742170526,4.685902079080881,0.5650666188897578,0.6794131108421919,0.5014495557039454,5.163802742170526,4.685902079080881,0.5650666188897578,0.6794131108421919,0.5014495557039454
6v1a,II,human,true,2020-11-25T00:00:00.000000+0000,f9a7c27b38f6d26fc651083c4e31c2e1,,,,26.924842620974868,26.935779548087204,27.98600549885589,0.9073388056861931,0.5802135128387096,29.402531919230192,29.422296350939156,27.72111628204377,0.7987195238645687,0.47660109493409236,29.402531919230192,29.422296350939156,27.72111628204377,0.7987195238645687,0.47660109493409236,29.402531919230192,29.422296350939156,27.72111628204377,0.7987195238645687,0.47660109493409236,29.402531919230192,29.422296350939156,27.72111628204377,0.7987195238645687,0.47660109493409236
6v1a,II,human,true,2020-11-25T00:00:00.000000+0000,f9a7c27b38f6d26fc651083c4e31c2e1,,,,26.924842620974868,26.935779548087204,27.98600549885589,0.9073388056861931,0.5802135128387096,29.402531919230192,29.422296350939156,27.72111628204377,0.7987195238645687,0.47660109493409236,29.402531919230192,29.422296350939156,27.72111628204377,0.7987195238645687,0.47660109493409236,29.402531919230192,29.422296350939156,27.72111628204377,0.7987195238645687,0.47660109493409236,29.402531919230192,29.422296350939156,27.72111628204377,0.7987195238645687,0.47660109493409236
6v19,II,human,true,2020-11-25T00:00:00.000000+0000,f9a7c27b38f6d26fc651083c4e31c2e1,,,,28.649285757143502,28.683629840805143,27.778440294996738,0.6557739747644773,0.57422822381097,27.042056677737122,26.883611466599046,28.00198859924712,0.6794131108421919,0.5014495557039454,27.042056677737122,26.883611466599046,28.00198859924712,0.6794131108421919,0.5014495557039454,27.042056677737122,26.883611466599046,28.00198859924712,0.6794131108421919,0.5014495557039454,27.042056677737122,26.883611466599046,28.00198859924712,0.6794131108421919,0.5014495557039454
6v19,II,human,true,2020-11-25T00:00:00.000000+0000,f9a7c27b38f6d26fc651083c4e31c2e1,,,,28.649285757143502,28.683629840805143,27.778440294996738,0.6557739747644773,0.57422822381097,27.042056677737122,26.883611466599046,28.00198859924712,0.6794131108421919,0.5014495557039454,27.042056677737122,26.883611466599046,28.00198859924712,0.6794131108421919,0.5014495557039454,27.042056677737122,26.883611466599046,28.00198859924712,0.6794131108421919,0.5014495557039454,27.042056677737122,26.883611466599046,28.00198859924712,0.6794131108421919,0.5014495557039454
6v1a,II,human,true,2020-11-25T00:00:00.000000+0000,f9a7c27b38f6d26fc651083c4e31c2e1,,,,1.3892697002875944,1.5539446516932576,0.43534692703944317,0.9073388056861931,0.5802135128387096,5.1636029582692435,4.72582068603247,0.547519786448441,0.7987195238645687,0.47660109493409236,5.1636029582692435,4.72582068603247,0.547519786448441,0.7987195238645687,0.47660109493409236,5.1636029582692435,4.72582068603247,0.547519786448441,0.7987195238645687,0.47660109493409236,5.1636029582692435,4.72582068603247,0.547519786448441,0.7987195238645687,0.47660109493409236
6v1a,II,human,true,2020-11-25T00:00:00.000000+0000,f9a7c27b38f6d26fc651083c4e31c2e1,,,,1.3892697002875944,1.5539446516932576,0.43534692703944317,0.9073388056861931,0.5802135128387096,5.1636029582692435,4.72582068603247,0.547519786448441,0.7987195238645687,0.47660109493409236,5.1636029582692435,4.72582068603247,0.547519786448441,0.7987195238645687,0.47660109493409236,5.1636029582692435,4.72582068603247,0.547519786448441,0.7987195238645687,0.47660109493409236,5.1636029582692435,4.72582068603247,0.547519786448441,0.7987195238645687,0.47660109493409236
6vmx,I,human,true,2020-07-29T00:00:00.000000+0000,0180aa65c714914412c99f5b23eeccdd,2.68,11.03,18.37,0.9981237656572159,1.0506008658712078,0.2583141819976722,0.985226989493067,0.6313767126190012,0.9981237656572159,1.0506008658712078,0.2583141819976722,0.985226989493067,0.6313767126190012,0.7078259842863037,0.727483892497382,0.2489729624106106,0.8064771001018637,0.562401269640179,0.7078259842863037,0.727483892497382,0.2489729624106106,0.8064771001018637,0.562401269640179,0.7078259842863037,0.727483892497382,0.2489729624106106,0.8064771001018637,0.562401269640179
6vqo,I,human,true,2020-06-17T00:00:00.000000+0000,0860b08103788272367d8f836f2270b7,6.34,20.06,22.72,3.35856718619165,3.3363611284105126,0.307788807133278,0.7035050695179248,1.074415917732155,3.35856718619165,3.3363611284105126,0.307788807133278,0.7035050695179248,1.074415917732155,3.35856718619165,3.3363611284105126,0.307788807133278,0.7035050695179248,1.074415917732155,3.35856718619165,3.3363611284105126,0.307788807133278,0.7035050695179248,1.074415917732155,3.35856718619165,3.3363611284105126,0.307788807133278,0.7035050695179248,1.074415917732155
6vrm,I,human,true,2020-06-17T00:00:00.000000+0000,0be58ecda3b11af9997439f943393366,2.73,5.44,20.93,5.969059482105728,5.6125158065715866,0.4527711959321137,0.4604802766214083,0.8743001538686479,5.969059482105728,5.6125158065715866,0.4527711959321137,0.4604802766214083,0.8743001538686479,5.969059482105728,5.6125158065715866,0.4527711959321137,0.4604802766214083,0.8743001538686479,5.04071106047757,4.744218847993719,0.442392436924546,0.5101038918029609,0.9225962349898525,5.04071106047757,4.744218847993719,0.442392436924546,0.5101038918029609,0.9225962349898525
6vrn,I,human,true,2020-06-17T00:00:00.000000+0000,65f97ab883423073475f158b46e3ac5c,11.74,15.38,33.77,11.368735677863206,11.257443251298998,0.5440461082591704,0.7784253102699927,1.1656542383083293,11.368735677863206,11.257443251298998,0.5440461082591704,0.7784253102699927,1.1656542383083293,11.368735677863206,11.257443251298998,0.5440461082591704,0.7784253102699927,1.1656542383083293,12.291850095507373,12.13660902773914,0.3894704735895757,0.8178793872199147,0.9542842758315286,12.291850095507373,12.13660902773914,0.3894704735895757,0.8178793872199147,0.9542842758315286
6zkw,I,human,true,2022-01-26T00:00:00.000000+0000,7754aab55d2f25c506eecaa32b30bca8,,,,1.143381570891345,1.3198878153228712,0.26453307847370006,1.1405496732887603,0.6297676729614288,1.143381570891345,1.3198878153228712,0.26453307847370006,1.1405496732887603,0.6297676729614288,1.143381570891345,1.3198878153228712,0.26453307847370006,1.1405496732887603,0.6297676729614288,1.143381570891345,1.3198878153228712,0.26453307847370006,1.1405496732887603,0.6297676729614288,1.143381570891345,1.3198878153228712,0.26453307847370006,1.1405496732887603,0.6297676729614288
6zkx,I,human,true,2022-01-26T00:00:00.000000+0000,d6e4a5380f4bd412fcfd69aff788e622,,,,2.239660229849898,2.1931029836498324,2.170066896039018,1.5733379466210589,0.7930810888703997,2.239660229849898,2.1931029836498324,2.170066896039018,1.5733379466210589,0.7930810888703997,2.239660229849898,2.1931029836498324,2.170066896039018,1.5733379466210589,0.7930810888703997,2.239660229849898,2.1931029836498324,2.170066896039018,1.5733379466210589,0.7930810888703997,2.239660229849898,2.1931029836498324,2.170066896039018,1.5733379466210589,0.7930810888703997
6zky,I,human,true,2022-01-26T00:00:00.000000+0000,e13bb05d9fc30ad22beae3669e6f496d,,,,,,,,,,,,,,,,,,,,,,,,,,,,
6zkz,I,human,true,2022-01-26T00:00:00.000000+0000,14ffc3d601eb27d8018d89d612fc88b0,,,,2.3782272701675966,2.273792687768233,1.334143345406576,1.1327367901332503,0.854797578582737,2.3782272701675966,2.273792687768233,1.334143345406576,1.1327367901332503,0.854797578582737,1.8803244038266114,1.757902405141012,1.2948176382465966,1.1666372011911577,0.751379855091706,1.8803244038266114,1.757902405141012,1.2948176382465966,1.1666372011911577,0.751379855091706,1.8803244038266114,1.757902405141012,1.2948176382465966,1.1666372011911577,0.751379855091706
7dzm,I,human,true,2022-01-26T00:00:00.000000+0000,ece4adcdb6fc45ad0c9e83403528294e,,,,0.99725050551816,1.0642015056251233,0.2123962829484172,0.6602282109821629,0.5499662368509618,0.8591492282687853,0.8999498240635397,0.23111930244282228,0.6431396091370775,0.5552192329427553,0.8748151612579537,0.8850290907086464,0.21600651954230357,0.6079991434863771,0.5534670639141573,0.8748151612579537,0.8850290907086464,0.21600651954230357,0.6079991434863771,0.5534670639141573,0.8748151612579537,0.8850290907086464,0.21600651954230357,0.6079991434863771,0.5534670639141573
7dzn,I,human,true,2022-01-26T00:00:00.000000+0000,48c16103ba57be14d38c0bbc00161db3,,,,0.8893820125204256,0.9518027273553824,0.3039936352952108,0.500186891175516,0.5934647250381985,0.8893820125204256,0.9518027273553824,0.3039936352952108,0.500186891175516,0.5934647250381985,0.8893820125204256,0.9518027273553824,0.3039936352952108,0.500186891175516,0.5934647250381985,0.5415784004248303,0.6253054730358786,0.2755071333895773,0.4864964738640416,0.5814953249282949,0.5415784004248303,0.6253054730358786,0.2755071333895773,0.4864964738640416,0.5814953249282949
7jwi,I,mouse,true,2021-07-07T00:00:00.000000+0000,38fce04864542b549145c0efc3fe8980,,,,32.064343800326014,30.15813500386292,0.6301624329321479,1.1050463834779563,0.9310033908129969,31.795068634554518,29.860116020044455,0.5902872226084342,1.0043017864921422,0.9342453190725603,31.795068634554518,29.860116020044455,0.5902872226084342,1.0043017864921422,0.9342453190725603,31.795068634554518,29.860116020044455,0.5902872226084342,1.0043017864921422,0.9342453190725603,31.795068634554518,29.860116020044455,0.5902872226084342,1.0043017864921422,0.9342453190725603
7jwj,I,mouse,true,2021-07-07T00:00:00.000000+0000,7f4b0f1dd8f99a68601d93e79d973847,8.6,25.94,16.93,6.390436759470856,6.380232627902673,0.7698235002854713,1.0352555596526725,1.3060799634932077,6.390436759470856,6.380232627902673,0.7698235002854713,1.0352555596526725,1.3060799634932077,6.390436759470856,6.380232627902673,0.7698235002854713,1.0352555596526725,1.3060799634932077,6.390436759470856,6.380232627902673,0.7698235002854713,1.0352555596526725,1.3060799634932077,6.390436759470856,6.380232627902673,0.7698235002854713,1.0352555596526725,1.3060799634932077
7n1e,I,human,true,2021-07-28T00:00:00.000000+0000,66588fb6f41c42796a59e21f801dccc1,8.07,22.91,26.8,3.274967432403826,3.502856008822988,0.8014201115329272,0.4609053126242443,0.8478881112385237,1.617152240005866,1.8972339930334754,0.6468146051264858,0.397087387753662,0.7338595904410362,1.617152240005866,1.8972339930334754,0.6468146051264858,0.397087387753662,0.7338595904410362,1.617152240005866,1.8972339930334754,0.6468146051264858,0.397087387753662,0.7338595904410362,1.617152240005866,1.8972339930334754,0.6468146051264858,0.397087387753662,0.7338595904410362
7n1f,I,human,true,2021-07-28T00:00:00.000000+0000,2cb8eac025a7f79266dba7b2f6542c5f,3.51,24.63,3.21,3.3352604707867712,3.4652268088255846,0.6582386402523479,0.5061891793048757,0.7927488362362572,3.3352604707867712,3.4652268088255846,0.6582386402523479,0.5061891793048757,0.7927488362362572,3.3352604707867712,3.4652268088255846,0.6582386402523479,0.5061891793048757,0.7927488362362572,3.914835105525577,3.9874060322995475,0.6415820931649441,0.49076496538084924,0.659925542184339,3.1197361912821417,2.9865425001262262,0.5998404663308045,0.47283182434319254,0.7008252384964861
7n2n,I,human,true,2022-12-07T00:00:00.000000+0000,d7c121c4392e08267ade458532cbe226,,,,5.87488284232498,5.936258758230324,1.076037531268159,0.9275687908132755,1.3298397661008519,5.87488284232498,5.936258758230324,1.076037531268159,0.9275687908132755,1.3298397661008519,5.912038289674745,6.129216460825715,1.0793353899039257,0.9395710319572691,1.581563458592818,5.912038289674745,6.129216460825715,1.0793353899039257,0.9395710319572691,1.581563458592818,5.912038289674745,6.129216460825715,1.0793353899039257,0.9395710319572691,1.581563458592818
7n2o,I,human,true,2022-12-07T00:00:00.000000+0000,c043f499fe1261d5b692e64f5890108b,,,,1.8820012742009045,2.805715755577793,0.354967679145825,0.4254640555417107,0.9358279347220227,1.8820012742009045,2.805715755577793,0.354967679145825,0.4254640555417107,0.9358279347220227,1.8820012742009045,2.805715755577793,0.354967679145825,0.4254640555417107,0.9358279347220227,1.8820012742009045,2.805715755577793,0.354967679145825,0.4254640555417107,0.9358279347220227,1.8820012742009045,2.805715755577793,0.354967679145825,0.4254640555417107,0.9358279347220227
7n2p,I,human,true,2022-12-07T00:00:00.000000+0000,58e686251dca2d45d9701bedb0cece99,,,,10.211702141754088,9.909932347005162,1.0200094071422323,0.49114206192135335,0.9273410561159154,10.211702141754088,9.909932347005162,1.0200094071422323,0.49114206192135335,0.9273410561159154,10.211702141754088,9.909932347005162,1.0200094071422323,0.49114206192135335,0.9273410561159154,10.211702141754088,9.909932347005162,1.0200094071422323,0.49114206192135335,0.9273410561159154,10.211702141754088,9.909932347005162,1.0200094071422323,0.49114206192135335,0.9273410561159154
7n2q,I,human,true,2022-12-07T00:00:00.000000+0000,3a3bedfd4a57d82f92d872983a65d0af,,,,4.001781737695161,4.270659711074241,0.8284688618677081,0.4488517453335306,0.859088870970514,4.001781737695161,4.270659711074241,0.8284688618677081,0.4488517453335306,0.859088870970514,4.001781737695161,4.270659711074241,0.8284688618677081,0.4488517453335306,0.859088870970514,4.001781737695161,4.270659711074241,0.8284688618677081,0.4488517453335306,0.859088870970514,4.001781737695161,4.270659711074241,0.8284688618677081,0.4488517453335306,0.859088870970514
7n2r,I,human,true,2022-12-07T00:00:00.000000+0000,2911272d5de16290dcd4576216c25ae0,,,,9.450162064748877,8.892070341384224,0.9089310685914647,0.4327442854457112,0.8296751456485043,9.450162064748877,8.892070341384224,0.9089310685914647,0.4327442854457112,0.8296751456485043,9.450162064748877,8.892070341384224,0.9089310685914647,0.4327442854457112,0.8296751456485043,9.653018382573109,9.046655762538368,0.9136470067657232,0.5090836078245005,1.036011980778715,9.653018382573109,9.046655762538368,0.9136470067657232,0.5090836078245005,1.036011980778715
7n2s,I,human,true,2022-12-07T00:00:00.000000+0000,ff8c6168403a200a182caa4612ce7e4d,,,,8.780161075441534,8.373954783401718,0.6341413312483389,0.8345399226739287,1.5758338236835092,3.7129299391643995,3.8712318421643017,0.7416826371614512,0.6744879101276229,1.3724057186429746,6.339267916804771,6.023778580722455,0.6733939644753895,0.7243140655010357,1.3741578457002297,6.339267916804771,6.023778580722455,0.6733939644753895,0.7243140655010357,1.3741578457002297,6.339267916804771,6.023778580722455,0.6733939644753895,0.7243140655010357,1.3741578457002297
7n6e,I,human,true,2021-07-28T00:00:00.000000+0000,e92c5456d5b991bd516b7bf1c0c83e35,2.02,4.18,3.17,3.929730527410214,3.734168455095771,0.5874299848403445,1.2432019562330303,1.149774728746218,0.7398249600102225,1.148348729091149,0.5905359003759365,1.1961740322217616,0.9350273775981404,0.7398249600102225,1.148348729091149,0.5905359003759365,1.1961740322217616,0.9350273775981404,0.7398249600102225,1.148348729091149,0.5905359003759365,1.1961740322217616,0.9350273775981404,0.7398249600102225,1.148348729091149,0.5905359003759365,1.1961740322217616,0.9350273775981404
7na5,I,mouse,true,2022-06-22T00:00:00.000000+0000,2eb66567d73e220bf28abf7e0c7b56b3,,,,6.463263719251994,6.01688067384239,0.5590596451692393,0.9263734616652137,0.6809680147156415,6.463263719251994,6.01688067384239,0.5590596451692393,0.9263734616652137,0.6809680147156415,7.301017886251573,7.137966522402745,0.5703113020313233,0.9035744507058203,0.8101745680530821,7.301017886251573,7.137966522402745,0.5703113020313233,0.9035744507058203,0.8101745680530821,10.396334410229299,9.682648753636563,0.639414534469645,0.9543211702423214,0.7187434059667434
7nme,I,human,true,2022-09-07T00:00:00.000000+0000,e341636cccaf061a7b0bbd6ac3600919,,,,4.586688526709647,4.306980550564164,0.25424934435064794,1.016238861699365,0.735245936222203,4.309912048270613,3.988461445773213,0.25922679659712916,1.2205799871254448,0.7391694206693472,4.170280087304339,3.983418789247011,0.2759501607172384,1.2321176517128463,0.7775006788496053,4.170280087304339,3.983418789247011,0.2759501607172384,1.2321176517128463,0.7775006788496053,4.170280087304339,3.983418789247011,0.2759501607172384,1.2321176517128463,0.7775006788496053
7nmf,I,human,true,2022-09-07T00:00:00.000000+0000,08f99ad04ca1961fbe854417c5891a17,,,,4.625003381999232,4.299031891585288,0.5085707694862334,0.6001437057004313,0.7923732922170464,4.22173302439204,4.020436341320047,0.46945389250859626,0.668815263038334,0.8110948550734576,4.22173302439204,4.020436341320047,0.46945389250859626,0.668815263038334,0.8110948550734576,4.22173302439204,4.020436341320047,0.46945389250859626,0.668815263038334,0.8110948550734576,4.22173302439204,4.020436341320047,0.46945389250859626,0.668815263038334,0.8110948550734576
7nmg,I,human,true,2022-09-07T00:00:00.000000+0000,3c66bc7d25dd3abd6cb0c0bbdce4a70a,,,,4.4673716317009715,4.182469545281681,0.7860612867587142,0.8889168538468768,0.7928528247008139,4.598826994005548,4.273585189203338,0.7458321642635589,1.0519073864099784,0.9398105604438639,4.6951579115403685,4.364205287055231,0.6554892567154909,1.2272855844743278,0.8488097055998931,4.6951579115403685,4.364205287055231,0.6554892567154909,1.2272855844743278,0.8488097055998931,4.6951579115403685,4.364205287055231,0.6554892567154909,1.2272855844743278,0.8488097055998931
7ow5,I,human,true,2022-07-20T00:00:00.000000+0000,eb54b00896884e15ffe9258ea985b715,,,,2.67086501202281,2.6313824711494984,1.141592231754096,0.8874113070372248,0.8862580163047257,1.8347660475541965,1.8970940103055591,1.043213289673114,0.8029353786498351,0.8633710338033251,2.3032430515611364,2.3467692286712447,1.1391922005294641,0.7715203927132652,0.9338214694505542,1.1538148754986028,1.450474050043136,1.062568633525951,0.7932007140076462,0.9131185132631536,1.1538148754986028,1.450474050043136,1.062568633525951,0.7932007140076462,0.9131185132631536
7ow6,I,human,true,2022-07-20T00:00:00.000000+0000,38feefebeb3016aa5b1c99a4a056a70e,,,,0.8011931784916102,0.7691050944920015,0.23120529642416326,0.8235838443929531,0.621678848541862,0.5816562975149471,0.5826667717502864,0.2426141641443289,0.7393165992610001,0.5713963187105797,0.5816562975149471,0.5826667717502864,0.2426141641443289,0.7393165992610001,0.5713963187105797,0.5816562975149471,0.5826667717502864,0.2426141641443289,0.7393165992610001,0.5713963187105797,0.5816562975149471,0.5826667717502864,0.2426141641443289,0.7393165992610001,0.5713963187105797
7pb2,I,human,true,2022-07-20T00:00:00.000000+0000,81dd09e2d08d5e8f0d44a39d1776b103,,,,19.378075731320692,17.791148451450212,1.8912540234699509,0.6939717812681574,0.9966663744653022,12.844065750444706,11.748871776393797,1.7829683811289856,0.6301845790039107,1.4382936868189813,12.844065750444706,11.748871776393797,1.7829683811289856,0.6301845790039107,1.4382936868189813,12.275660046365823,11.211215317145461,0.743659615268017,0.6979756567688199,1.3192057211763233,12.275660046365823,11.211215317145461,0.743659615268017,0.6979756567688199,1.3192057211763233
7pbe,I,human,true,2022-04-27T00:00:00.000000+0000,20dc9ebb309e15c410a1a5b303f878a0,,,,1.6013336734885018,1.625797097759865,0.42234839156427095,0.7785010108099516,0.9755731141130639,1.5088503603541608,1.5713579460479457,0.3671488471989281,0.768892553643343,0.9810741422673446,1.5088503603541608,1.5713579460479457,0.3671488471989281,0.768892553643343,0.9810741422673446,1.5088503603541608,1.5713579460479457,0.3671488471989281,0.768892553643343,0.9810741422673446,1.4951814023853878,1.5055765087970068,0.4602944945929469,0.805871238338876,0.9724748751579259
7phr,I,human,true,2022-08-31T00:00:00.000000+0000,69e7c698c95881af5549cbef83f1f075,,,,0.7193353750212025,0.7715352688080626,0.3968119369759097,0.40691970395689375,0.9405216407204985,0.7013449550107128,0.7382621277711523,0.3823349997253307,0.4249781319163589,0.8603118065336798,0.7013449550107128,0.7382621277711523,0.3823349997253307,0.4249781319163589,0.8603118065336798,0.7013449550107128,0.7382621277711523,0.3823349997253307,0.4249781319163589,0.8603118065336798,0.7013449550107128,0.7382621277711523,0.3823349997253307,0.4249781319163589,0.8603118065336798
7q99,I,human,false,2023-02-22T00:00:00.000000+0000,62f1b197f4b0555c27ac38c5496ffdfa,,,,1.2685619934851922,1.3053012750151398,0.313558644558574,0.9917468992354981,0.9971068494923389,1.0023502528671788,1.125873820180037,0.2905150279897342,0.93320582656126,0.999814836529727,1.7973005961525055,1.7316906159962675,0.2765876369929538,1.1146444902247024,1.0307802080471031,1.7973005961525055,1.7316906159962675,0.2765876369929538,1.1146444902247024,1.0307802080471031,1.7973005961525055,1.7316906159962675,0.2765876369929538,1.1146444902247024,1.0307802080471031
7q9a,I,human,false,2023-02-22T00:00:00.000000+0000,612461c62c67feb763ab576c7bb8af63,,,,1.652307403530525,1.7559167665201327,0.2960019261355527,0.8160384287286203,0.741233956629137,1.652307403530525,1.7559167665201327,0.2960019261355527,0.8160384287286203,0.741233956629137,1.652307403530525,1.7559167665201327,0.2960019261355527,0.8160384287286203,0.741233956629137,1.6334637119504243,1.7612687233135844,0.3702511678530743,0.8754973712671753,0.8955196621237171,1.6334637119504243,1.7612687233135844,0.3702511678530743,0.8754973712671753,0.8955196621237171
7qpj,I,human,true,2022-08-03T00:00:00.000000+0000,4ce19de354a49463d78db433860c25b5,,,,0.8186355286678361,0.9667782644205299,0.32923379075678244,0.6820822971612583,0.5038407212774989,0.49625806813555057,0.7434868292577564,0.27354566920871365,0.7063538431744564,0.4893698688113215,0.49625806813555057,0.7434868292577564,0.27354566920871365,0.7063538431744564,0.4893698688113215,0.49625806813555057,0.7434868292577564,0.27354566920871365,0.7063538431744564,0.4893698688113215,0.49625806813555057,0.7434868292577564,0.27354566920871365,0.7063538431744564,0.4893698688113215
7r80,I,human,true,2022-06-29T00:00:00.000000+0000,a71c31fb21d523f596e651b80e40b534,,,,12.44833976718881,12.380021822394125,0.7312114716952728,1.0471327778072292,1.004977463067065,12.44833976718881,12.380021822394125,0.7312114716952728,1.0471327778072292,1.004977463067065,2.852746381090906,2.7930090792333995,0.6712675418138273,1.0686774504452823,0.9033414593546706,3.6132329051652583,3.442402755088202,1.0095130855790166,1.0721122161965677,1.1092793197768855,24.811078141939912,22.751440034756236,0.8026876514464347,1.0754879927458985,1.037169898453671
7rk7,I,human,true,2022-11-02T00:00:00.000000+0000,18a5c92d2d804446a2dd45ca5ec3ab13,,,,2.6933917711344764,4.3674876930145725,1.0344486542418947,0.9856098592538939,1.5470091076661139,2.6933917711344764,4.3674876930145725,1.0344486542418947,0.9856098592538939,1.5470091076661139,2.6933917711344764,4.3674876930145725,1.0344486542418947,0.9856098592538939,1.5470091076661139,2.6933917711344764,4.3674876930145725,1.0344486542418947,0.9856098592538939,1.5470091076661139,2.322859011760815,3.3631431445853823,0.5045519018119319,1.01975464415519,1.4064072631052913
7rm4,I,human,true,2022-02-09T00:00:00.000000+0000,bb851a89b5b901713bd11e0fbf228337,,,,26.160695369692593,24.47873756254539,0.4339180654515325,0.47339724868933325,1.259731295276348,26.160695369692593,24.47873756254539,0.4339180654515325,0.47339724868933325,1.259731295276348,26.160695369692593,24.47873756254539,0.4339180654515325,0.47339724868933325,1.259731295276348,27.640783099875208,26.044857134750504,0.45597692610633617,0.522312659813705,1.3245135924144615,27.640783099875208,26.044857134750504,0.45597692610633617,0.522312659813705,1.3245135924144615
7rtr,I,human,true,2021-10-13T00:00:00.000000+0000,42c703438996dfefdc7616db0cb59812,,,,3.2068530963723516,3.2367128474119706,0.43881754886554575,0.5392920128711934,0.8559172482330263,4.088499198762615,4.153149867547701,0.40585686481865085,0.5426892002715736,0.8198030304759618,4.088499198762615,4.153149867547701,0.40585686481865085,0.5426892002715736,0.8198030304759618,3.3043305405588725,3.3103392893963135,0.4191105223914228,0.5801523406515782,0.841677410044225,3.2525283905592377,3.2340571636877846,0.41874871190801194,0.5198510761825538,0.818497985314212
7sg1,II,human,true,2022-02-23T00:00:00.000000+0000,5e8e6745eb58bac44afa75354b8ede37,,,,2.2612486473851305,2.2792606616739044,5.39527461368294,0.5730890895721866,1.0792659518773322,2.2612486473851305,2.2792606616739044,5.39527461368294,0.5730890895721866,1.0792659518773322,2.2612486473851305,2.2792606616739044,5.39527461368294,0.5730890895721866,1.0792659518773322,2.2612486473851305,2.2792606616739044,5.39527461368294,0.5730890895721866,1.0792659518773322,2.2612486473851305,2.2792606616739044,5.39527461368294,0.5730890895721866,1.0792659518773322
7sg2,II,human,true,2022-02-23T00:00:00.000000+0000,f251c8e27caa16f9a0e1d362e77739dd,,,,2.149855828153353,2.1277869089013617,1.183229257205083,0.5786194899049167,0.9459642088359584,2.149855828153353,2.1277869089013617,1.183229257205083,0.5786194899049167,0.9459642088359584,2.149855828153353,2.1277869089013617,1.183229257205083,0.5786194899049167,0.9459642088359584,2.149855828153353,2.1277869089013617,1.183229257205083,0.5786194899049167,0.9459642088359584,2.149855828153353,2.1277869089013617,1.183229257205083,0.5786194899049167,0.9459642088359584
7t2b,II,human,true,2022-12-28T00:00:00.000000+0000,6c4bcfe9687e8d9640ba1a6fbef58857,,,,2.0160140034656133,2.2367739708971515,0.9702358968567891,0.5806743082551475,0.6953433279844267,1.7945362095921622,1.9964366626016603,0.9090627981267542,0.5760848435157729,0.6688590854882949,1.8780932165662148,2.1052812923838835,0.8750895161934485,0.6627051672486682,0.7070621597332499,2.1400512377118313,2.3400728946010174,0.8931078929011814,0.560657764983595,0.7369109132484394,2.1400512377118313,2.3400728946010174,0.8931078929011814,0.560657764983595,0.7369109132484394
7t2c,II,human,true,2022-12-28T00:00:00.000000+0000,0cd1ec1221fcb858872668190f2523fc,,,,2.7764760008574445,3.0249077464549994,0.8809728165167418,0.603168706563039,1.4726679379470868,2.7764760008574445,3.0249077464549994,0.8809728165167418,0.603168706563039,1.4726679379470868,2.9559375627494116,3.03666675155379,0.5697048443791747,0.660724168461353,1.5606867133013445,2.9559375627494116,3.03666675155379,0.5697048443791747,0.660724168461353,1.5606867133013445,2.9559375627494116,3.03666675155379,0.5697048443791747,0.660724168461353,1.5606867133013445
7t2d,II,human,true,2022-12-28T00:00:00.000000+0000,516675a50df59915e449f83e7002470b,,,,5.54240290913017,5.491512085862548,1.7967575692779736,0.6259143467340753,0.8578473780190462,1.6290651523881967,1.7745670799646045,2.011582425279075,0.6100318229394548,0.9030093270882292,1.6290651523881967,1.7745670799646045,2.011582425279075,0.6100318229394548,0.9030093270882292,1.6290651523881967,1.7745670799646045,2.011582425279075,0.6100318229394548,0.9030093270882292,1.6290651523881967,1.7745670799646045,2.011582425279075,0.6100318229394548,0.9030093270882292
7z50,II,mouse,true,2022-07-20T00:00:00.000000+0000,b0a9126cc84e9f7c914df32578ba2905,,,,1.3445618892190947,1.9620084506535875,0.6221329421816234,0.5877508759025222,0.9352441782038131,1.438035103298303,2.022859928745673,0.6939358374230722,0.6396957539047928,0.8817339772208105,1.1456078149720113,1.7750002941985716,0.6307949048619255,0.5259632950893062,0.9688587175774839,1.1456078149720113,1.7750002941985716,0.6307949048619255,0.5259632950893062,0.9688587175774839,1.1456078149720113,1.7750002941985716,0.6307949048619255,0.5259632950893062,0.9688587175774839
8cx4,I,human,true,2022-12-07T00:00:00.000000+0000,d6d24a93fb90e1c196c1c3c87ce6488c,,,,3.7393351577665,3.6002412262724066,0.6986076364072579,1.1428364993373488,1.3114738608626937,2.0667271045903597,1.9038268720048932,0.3299540312303388,1.0382113427902373,1.1268174223600271,0.7742201554819823,1.0875325887365102,0.4027205191493805,1.1042840111953593,0.8394672657559193,0.7742201554819823,1.0875325887365102,0.4027205191493805,1.1042840111953593,0.8394672657559193,0.7742201554819823,1.0875325887365102,0.4027205191493805,1.1042840111953593,0.8394672657559193
8d5q,I,mouse,true,2022-09-14T00:00:00.000000+0000,1770155f0b3200192b9279e6aad25721,,,,2.3565086719491677,2.723696863044154,0.49169515496416627,0.7964495351811193,0.8767740255036739,1.9963693695504499,2.4761613433960363,0.4496376673309274,0.7271434102461083,0.8906234684469501,2.363161222120085,2.7461440059673237,0.42089103775791886,0.5828094961081294,0.8846968793437275,2.363161222120085,2.7461440059673237,0.42089103775791886,0.5828094961081294,0.8846968793437275,2.363161222120085,2.7461440059673237,0.42089103775791886,0.5828094961081294,0.8846968793437275
8dnt,I,human,false,2023-07-19T00:00:00.000000+0000,59acb5477505053567be60b57e5f3b65,,,,1.9019022763069189,2.2359251612794684,0.6983737605538591,0.8548794522886344,1.169511723830855,1.9019022763069189,2.2359251612794684,0.6983737605538591,0.8548794522886344,1.169511723830855,1.8413363193924523,2.109235822379531,0.7034452432502591,0.8601479914166744,1.080742234965866,1.8413363193924523,2.109235822379531,0.7034452432502591,0.8601479914166744,1.080742234965866,1.8413363193924523,2.109235822379531,0.7034452432502591,0.8601479914166744,1.080742234965866
8en8,I,human,false,2024-03-27T00:00:00.000000+0000,d90f97e75ddd577b7d82f7d1b729d50f,,,,0.7400261946839989,1.302021914736074,0.2339140295026153,0.4242885977309184,0.6951637248078991,0.7400261946839989,1.302021914736074,0.2339140295026153,0.4242885977309184,0.6951637248078991,0.7400261946839989,1.302021914736074,0.2339140295026153,0.4242885977309184,0.6951637248078991,0.7400261946839989,1.302021914736074,0.2339140295026153,0.4242885977309184,0.6951637248078991,0.7474794462661425,1.5053585270531349,0.28226626810621164,0.4529319909163126,0.7891034081140477
8enh,I,human,false,2024-03-27T00:00:00.000000+0000,b093517b1cc89f77734e54d40b30ca85,,,,0.7504310891561928,1.2091660093440137,0.31867089119489406,0.6863676803173516,0.7384087935099465,0.78612682634605,1.2578714231266137,0.3686601098571302,1.0034784106912356,1.119208433005973,0.78612682634605,1.2578714231266137,0.3686601098571302,1.0034784106912356,1.119208433005973,0.78612682634605,1.2578714231266137,0.3686601098571302,1.0034784106912356,1.119208433005973,0.78612682634605,1.2578714231266137,0.3686601098571302,1.0034784106912356,1.119208433005973
8eo8,I,human,false,2024-03-27T00:00:00.000000+0000,58484be6ef5feee9f02e558e069f5426,,,,0.742608074337783,1.3096094014225979,0.21720286256267812,0.6752024467522307,0.8009439024030874,0.7452041052212912,1.2338814531687021,0.27680791189901355,0.9791480236616346,1.1472950335784036,0.7452041052212912,1.2338814531687021,0.27680791189901355,0.9791480236616346,1.1472950335784036,0.7452041052212912,1.2338814531687021,0.27680791189901355,0.9791480236616346,1.1472950335784036,0.7452041052212912,1.2338814531687021,0.27680791189901355,0.9791480236616346,1.1472950335784036
8es8,I,human,false,2023-05-03T00:00:00.000000+0000,2442b486e04b4d0fb3ca207269d1dd26,,,,3.263675421047832,3.7651662514931465,0.6572575893528069,0.8325625663064526,1.1043615155010282,2.9334048799341073,3.3484347762220366,0.6580758076256825,0.7142161820749706,1.0285661386100013,2.9334048799341073,3.3484347762220366,0.6580758076256825,0.7142161820749706,1.0285661386100013,2.9334048799341073,3.3484347762220366,0.6580758076256825,0.7142161820749706,1.0285661386100013,2.9334048799341073,3.3484347762220366,0.6580758076256825,0.7142161820749706,1.0285661386100013
8es9,I,human,false,2023-05-03T00:00:00.000000+0000,b8c8ce87c2ccf49f90ed895c6f40154a,,,,17.915100882925874,17.91205240752586,0.6229149549950878,0.7729241562570728,1.2186262700974886,16.91958221904034,17.014524457904493,0.6627754251727144,0.7388203959257587,1.2053461584733887,16.91958221904034,17.014524457904493,0.6627754251727144,0.7388203959257587,1.2053461584733887,16.91958221904034,17.014524457904493,0.6627754251727144,0.7388203959257587,1.2053461584733887,18.423532222721562,18.482886834412458,0.8627427615499169,0.7986809076228573,1.215395499194765
8f5a,I,human,false,2024-05-22T00:00:00.000000+0000,2189f00834a936e6efea39cd61ca41f8,,,,2.488980798908445,3.4584058501560935,3.361794273571114,0.5691483111801711,1.4034536891409561,2.488980798908445,3.4584058501560935,3.361794273571114,0.5691483111801711,1.4034536891409561,1.992675350218732,3.181109676778719,3.4067352393692816,0.5234202502481731,1.434518588006691,1.992675350218732,3.181109676778719,3.4067352393692816,0.5234202502481731,1.434518588006691,1.992675350218732,3.181109676778719,3.4067352393692816,0.5234202502481731,1.434518588006691
8gom,I,human,false,2023-03-01T00:00:00.000000+0000,8724e5dc4d0df56b9310b074f1cf3e5e,,,,25.0400235790967,22.8056818240744,1.1258841513864692,0.6189493129901346,0.8501715324640793,2.0929174582597248,2.76756943640289,1.0834892902754107,0.5726088548260337,0.8918822310420386,4.457101826630734,4.390197235085387,0.8486389750097203,0.6500781013409911,0.9021856983720575,4.457101826630734,4.390197235085387,0.8486389750097203,0.6500781013409911,0.9021856983720575,4.457101826630734,4.390197235085387,0.8486389750097203,0.6500781013409911,0.9021856983720575
8gon,I,human,false,2023-03-01T00:00:00.000000+0000,612142b21e38127bab9e363c4d0eb8ee,,,,25.79770750966647,23.857141360759893,0.6295397004521737,0.6954933728676752,0.9434232815094029,3.5194245055405684,3.9278507065304438,0.5551224081962328,0.5925505637590687,0.9450142121821372,4.8919756846828815,5.063500497930636,0.5680255686561226,0.6835145541002543,1.2030783014351554,4.8919756846828815,5.063500497930636,0.5680255686561226,0.6835145541002543,1.2030783014351554,4.8919756846828815,5.063500497930636,0.5680255686561226,0.6835145541002543,1.2030783014351554
8gvb,I,human,true,2022-10-19T00:00:00.000000+0000,c7fe529fde4c83befd52fe7285509e65,,,,1.605197216734257,1.8375488807562637,1.3059591874359981,0.6892937012133242,0.8868469247750115,1.7104673004994237,1.9364304859896084,1.3173244697707873,0.7047763049659644,0.9010988294180503,1.7104673004994237,1.9364304859896084,1.3173244697707873,0.7047763049659644,0.9010988294180503,1.7104673004994237,1.9364304859896084,1.3173244697707873,0.7047763049659644,0.9010988294180503,1.7104673004994237,1.9364304859896084,1.3173244697707873,0.7047763049659644,0.9010988294180503
8gvg,I,human,true,2022-10-19T00:00:00.000000+0000,d6b29ffda8c4df2cf961580b4bb2cc16,,,,1.6868354496890223,1.9518071056039712,1.540173596571796,0.7935391509596835,0.9053481697848462,1.8043652236350411,2.093319725872624,1.5363598661082094,0.7937103001402901,0.9132608110932909,1.8043652236350411,2.093319725872624,1.5363598661082094,0.7937103001402901,0.9132608110932909,1.8043652236350411,2.093319725872624,1.5363598661082094,0.7937103001402901,0.9132608110932909,1.8043652236350411,2.093319725872624,1.5363598661082094,0.7937103001402901,0.9132608110932909
8gvi,I,human,true,2022-10-19T00:00:00.000000+0000,63c336ccd88a4081d8a152b2847ba28c,,,,1.2702489112672826,1.4944429941517714,1.2092386317300383,0.8096415930995284,0.8522059357042687,1.261386225647212,1.4966852836931046,1.1696288944310957,0.8011338877507456,0.8676064390879474,1.261386225647212,1.4966852836931046,1.1696288944310957,0.8011338877507456,0.8676064390879474,1.261386225647212,1.4966852836931046,1.1696288944310957,0.8011338877507456,0.8676064390879474,1.261386225647212,1.4966852836931046,1.1696288944310957,0.8011338877507456,0.8676064390879474
8i5c,I,human,false,2023-08-23T00:00:00.000000+0000,3dad0fd6a6e0ce25e4106fda13a57abe,,,,4.563821932397677,4.5425507808694405,1.7683660203399594,0.6211121465273726,0.8075668929070057,1.8858226780688863,2.19897196434082,1.8279567860747188,0.46568679224782544,0.8161608967733996,1.8858226780688863,2.19897196434082,1.8279567860747188,0.46568679224782544,0.8161608967733996,1.8858226780688863,2.19897196434082,1.8279567860747188,0.46568679224782544,0.8161608967733996,1.8858226780688863,2.19897196434082,1.8279567860747188,0.46568679224782544,0.8161608967733996
8i5d,I,human,false,2023-08-23T00:00:00.000000+0000,55461d93e2317bf4eecc407caf39103e,,,,1.6587194746453753,1.8864813140109593,1.9819135676019441,0.6521338024127816,1.0057246079530626,1.1779521216041395,1.5765931090975565,1.8447953026147053,0.5364390947344776,1.0759982414510492,1.1779521216041395,1.5765931090975565,1.8447953026147053,0.5364390947344776,1.0759982414510492,1.823759299534822,3.2850428568168697,1.8897637334504758,0.5984103603864441,1.6284229913610235,1.823759299534822,3.2850428568168697,1.8897637334504758,0.5984103603864441,1.6284229913610235
8pjg,II,human,false,2024-06-19T00:00:00.000000+0000,7ed224bf27775709b488a69d90cbe54e,,,,1.038853230143303,1.5399888061370695,0.37617407977297734,1.455969481210587,0.8308126848325975,1.2576816863198783,1.6701452686660287,0.3786637270123939,1.792878715839456,0.9195998666036294,0.8224576837839495,0.9961656280860275,0.4026876823508121,1.9133109048273136,0.8193886437434276,0.8224576837839495,0.9961656280860275,0.4026876823508121,1.9133109048273136,0.8193886437434276,0.8224576837839495,0.9961656280860275,0.4026876823508121,1.9133109048273136,0.8193886437434276
8shi,I,human,false,2023-06-28T00:00:00.000000+0000,a825a9509fbd53a6838631ea8d3abff6,,,,5.085084125288389,5.073360151652402,0.4820990734657441,0.7464314775510854,1.0782912066091042,5.085084125288389,5.073360151652402,0.4820990734657441,0.7464314775510854,1.0782912066091042,5.085084125288389,5.073360151652402,0.4820990734657441,0.7464314775510854,1.0782912066091042,5.085084125288389,5.073360151652402,0.4820990734657441,0.7464314775510854,1.0782912066091042,5.085084125288389,5.073360151652402,0.4820990734657441,0.7464314775510854,1.0782912066091042
8trl,II,human,false,2024-07-31T00:00:00.000000+0000,a5e82e55d6cfc59883cc800c0a40e7fd,,,,2.8387502231175854,3.3428986519862125,2.2512089813854046,0.49668223115298765,1.028473659999644,2.8387502231175854,3.3428986519862125,2.2512089813854046,0.49668223115298765,1.028473659999644,1.843011276481434,2.301434904046163,2.229659038588791,0.5452231793259115,0.8215398685350347,1.843011276481434,2.301434904046163,2.229659038588791,0.5452231793259115,0.8215398685350347,1.843011276481434,2.301434904046163,2.229659038588791,0.5452231793259115,0.8215398685350347
8trr,II,human,false,2024-07-31T00:00:00.000000+0000,726165d7544d88090f5bc381772354bf,,,,0.9606270691297015,1.2171970734017525,0.4300299142032701,0.5595565897013728,0.8169027059847568,0.9606270691297015,1.2171970734017525,0.4300299142032701,0.5595565897013728,0.8169027059847568,0.9606270691297015,1.2171970734017525,0.4300299142032701,0.5595565897013728,0.8169027059847568,0.9606270691297015,1.2171970734017525,0.4300299142032701,0.5595565897013728,0.8169027059847568,0.9606270691297015,1.2171970734017525,0.4300299142032701,0.5595565897013728,0.8169027059847568
8vcx,II,human,false,2024-08-07T00:00:00.000000+0000,98daa70e8e2597cfecfacfff18353f28,,,,1.9286321278476093,2.1663041271237136,1.8584150961431447,0.5486817807022516,0.8346811125574921,1.9286321278476093,2.1663041271237136,1.8584150961431447,0.5486817807022516,0.8346811125574921,1.9286321278476093,2.1663041271237136,1.8584150961431447,0.5486817807022516,0.8346811125574921,1.445927482812536,1.8129286314003266,1.8522553200380827,0.7042327890080845,0.7979722331124791,2.1959730766589773,2.3519092239299555,1.988447165320595,0.5307508144649254,0.8718570453164158
8vcy,II,human,false,2024-08-07T00:00:00.000000+0000,e6da04b0f02efa07a5e1795130328a12,,,,1.6536115402314262,1.9380216090416493,5.4589014960316025,0.6787128613320352,0.7226113643921896,1.8871442192817187,2.214169028431595,2.5046911837897485,0.7301111068369206,0.7288550640733195,2.007521808811725,2.428738736367039,2.4358117531024797,0.680892401782141,0.8959379312143811,2.007521808811725,2.428738736367039,2.4358117531024797,0.680892401782141,0.8959379312143811,2.007521808811725,2.428738736367039,2.4358117531024797,0.680892401782141,0.8959379312143811
8vd2,II,human,false,2024-08-07T00:00:00.000000+0000,df790dd4eb9a5164bc3171d1ce5f7065,,,,2.072240880838404,3.436769378530927,1.855053670559927,0.8284542420689419,1.3870644773168808,2.072240880838404,3.436769378530927,1.855053670559927,0.8284542420689419,1.3870644773168808,1.928838354517286,3.342598152239907,1.9687775017091902,0.8336955771143739,1.3708424704823396,1.928838354517286,3.342598152239907,1.9687775017091902,0.8336955771143739,1.3708424704823396,1.928838354517286,3.342598152239907,1.9687775017091902,0.8336955771143739,1.3708424704823396
8wte,I,human,false,2024-05-01T00:00:00.000000+0000,13f7a9410810562e44920fa041315954,,,,2.7025011522179363,2.855848994743418,1.5268561516410553,0.7234360791476486,1.0248947153092591,2.7025011522179363,2.855848994743418,1.5268561516410553,0.7234360791476486,1.0248947153092591,2.7025011522179363,2.855848994743418,1.5268561516410553,0.7234360791476486,1.0248947153092591,2.7025011522179363,2.855848994743418,1.5268561516410553,0.7234360791476486,1.0248947153092591,1.9235090591543793,2.280513971565158,1.6330106566289342,0.7168188697946462,1.0269343727516747
8wul,I,human,false,2024-05-01T00:00:00.000000+0000,404f58ae3d26a08ecc8bd707789d01d4,,,,2.9395727380229486,3.093434533189566,1.1967271681942573,0.5731814431093181,1.0550549473124964,3.4933770611805977,3.429994597447977,1.2972440077437213,0.5554873526314199,0.99659916685977,3.4933770611805977,3.429994597447977,1.2972440077437213,0.5554873526314199,0.99659916685977,3.4933770611805977,3.429994597447977,1.2972440077437213,0.5554873526314199,0.99659916685977,3.4933770611805977,3.429994597447977,1.2972440077437213,0.5554873526314199,0.99659916685977
8ye4,I,human,false,2024-08-21T00:00:00.000000+0000,6899d34d074bdb896dbde93243ae7310,,,,4.497460565268761,4.381153313014306,1.5063068450681376,0.690394915632201,0.8232684011778587,4.497460565268761,4.381153313014306,1.5063068450681376,0.690394915632201,0.8232684011778587,4.283338379877337,4.275368473603606,1.5501521661504765,0.6824138222649275,1.0020994994054155,4.283338379877337,4.275368473603606,1.5501521661504765,0.6824138222649275,1.0020994994054155,4.445728413414651,4.420363907257238,1.5155067052801103,0.6445171791423203,0.8970544148583057
6l9l,I,human,true,2020-11-18T00:00:00.000000+0000,00d671d629eff4094fee1be3c7f4da77,4.2,11.69,26.58,1.9604970073693386,2.3277278756332542,0.509217483118217,0.576278514654756,0.9698210086836792,1.9604970073693386,2.3277278756332542,0.509217483118217,0.576278514654756,0.9698210086836792,1.9604970073693386,2.3277278756332542,0.509217483118217,0.576278514654756,0.9698210086836792,2.186144784839368,2.3240207089393987,0.5733166355988689,0.5382599641767061,1.0454375927430064,2.186144784839368,2.3240207089393987,0.5733166355988689,0.5382599641767061,1.0454375927430064
6l9l,I,human,true,2020-11-18T00:00:00.000000+0000,00d671d629eff4094fee1be3c7f4da77,4.2,11.69,26.58,1.9604970073693386,2.3277278756332542,0.509217483118217,0.576278514654756,0.9698210086836792,1.9604970073693386,2.3277278756332542,0.509217483118217,0.576278514654756,0.9698210086836792,1.9604970073693386,2.3277278756332542,0.509217483118217,0.576278514654756,0.9698210086836792,2.186144784839368,2.3240207089393987,0.5733166355988689,0.5382599641767061,1.0454375927430064,2.186144784839368,2.3240207089393987,0.5733166355988689,0.5382599641767061,1.0454375927430064
6l9l,I,mouse,true,2020-11-18T00:00:00.000000+0000,00d671d629eff4094fee1be3c7f4da77,4.2,11.69,26.58,1.9604970073693386,2.3277278756332542,0.509217483118217,0.576278514654756,0.9698210086836792,1.9604970073693386,2.3277278756332542,0.509217483118217,0.576278514654756,0.9698210086836792,1.9604970073693386,2.3277278756332542,0.509217483118217,0.576278514654756,0.9698210086836792,2.186144784839368,2.3240207089393987,0.5733166355988689,0.5382599641767061,1.0454375927430064,2.186144784839368,2.3240207089393987,0.5733166355988689,0.5382599641767061,1.0454375927430064
6l9l,I,mouse,true,2020-11-18T00:00:00.000000+0000,00d671d629eff4094fee1be3c7f4da77,4.2,11.69,26.58,1.9604970073693386,2.3277278756332542,0.509217483118217,0.576278514654756,0.9698210086836792,1.9604970073693386,2.3277278756332542,0.509217483118217,0.576278514654756,0.9698210086836792,1.9604970073693386,2.3277278756332542,0.509217483118217,0.576278514654756,0.9698210086836792,2.186144784839368,2.3240207089393987,0.5733166355988689,0.5382599641767061,1.0454375927430064,2.186144784839368,2.3240207089393987,0.5733166355988689,0.5382599641767061,1.0454375927430064
