pdb,mhc_class,mhc_1_species,replication,pdb_date,job_name,cdr_rmsd,cdr_rmsd_af2_full,cdr_rmsd_af2_trim,docking_rmsd_boltz_0,cdr_rmsd_boltz_0,peptide_rmsd_boltz_0,mhc_rmsd_boltz_0,tcr_rmsd_boltz_0,docking_rmsd_boltz_1,cdr_rmsd_boltz_1,peptide_rmsd_boltz_1,mhc_rmsd_boltz_1,tcr_rmsd_boltz_1,docking_rmsd_boltz_2,cdr_rmsd_boltz_2,peptide_rmsd_boltz_2,mhc_rmsd_boltz_2,tcr_rmsd_boltz_2,docking_rmsd_boltz_3,cdr_rmsd_boltz_3,peptide_rmsd_boltz_3,mhc_rmsd_boltz_3,tcr_rmsd_boltz_3,docking_rmsd_boltz_4,cdr_rmsd_boltz_4,peptide_rmsd_boltz_4,mhc_rmsd_boltz_4,tcr_rmsd_boltz_4
4p4k,II,human,true,2014-07-16T00:00:00.000000+0000,b0e34267b89d4f169c8a029da03cae2d,5.18,2.28,3.73,0.9266390187362293,1.7111513822890179,0.7335500748563142,0.7279350598399685,0.8869926708657393,1.2992300326445783,2.0305295783338924,0.5076611836562217,0.8081106161145662,1.049856405031221,0.9254428834671157,1.4300301422325383,0.5334108218294236,0.9291697092795075,0.9067649554738624,0.8374280213893347,1.2707114390052856,0.5262696571013239,0.9428620276745923,0.7728096600440777,0.9115307412579075,1.3055798739171114,0.517431610141694,0.7239148183343174,0.8315214851157987
6dfs,II,mouse,true,2019-04-17T00:00:00.000000+0000,a03ca4456e402f9f298ea1e6c69cb944,2.67,4.11,2.56,4.112343050838331,3.9114619039530494,1.1019226413310959,1.0818546071389377,0.9938482935803922,4.075109158403447,4.014827414877755,1.100487610211723,1.113197179736534,1.0238830391540779,4.617776449369899,4.322389892863396,1.1427996928057176,1.1240948352936304,1.0616601633556333,4.200918424641292,4.005805914796071,1.1765263901174576,1.1197725502342504,1.152741220059207,4.887585824279835,4.622128529656088,1.0800101697893756,1.111408912261141,0.9524420422383643
6mnn,II,mouse,true,2019-07-03T00:00:00.000000+0000,c23fa3d97b9019a71bcc78f83e1125ec,3.83,3.89,4.58,3.8478122320990975,3.9860111597074344,0.851540938532379,0.9766328077625271,0.8591179175273578,3.674981260713702,3.738600798624722,0.8762152487183736,0.7263647437416287,0.7203768047933762,2.671128628587026,2.7567152134065718,0.8907545196304251,0.8598986317703762,0.7133584675026895,2.654771394658937,2.7131902272258044,0.9291400396317608,0.6782365146409827,0.7948741334909245,3.692046530372072,3.7446482771282734,0.7365349489892521,0.7555871039935563,0.8218262213645828
4grl,II,human,true,2013-11-06T00:00:00.000000+0000,0719f50275543d7d2308a911619e7852,6.88,8.24,6.35,6.125036951284254,6.07867662955687,6.726858563984266,0.6104885258147511,1.1475001641296112,5.765198080038488,5.73763407209225,6.723338612578699,0.5816245785201725,1.024367258516056,6.24594294246803,6.150124055572192,6.714635936229863,0.6122009761342427,1.0471303888917918,5.986468643292699,5.893768458148121,6.713704916353815,0.5427245539575657,1.0970446520312767,5.879700737948638,5.835313593016213,6.5901604633875275,0.6252136790402651,1.061155755031581
3c60,II,mouse,true,2008-04-29T00:00:00.000000+0000,34a2e89a1443b37f67619d8d34cd07cc,4.08,3.98,48.35,2.4121048928630175,2.5712391782986344,0.6951966314437545,0.848903966289222,0.6807306741957795,2.2432252305318867,2.4173496105191443,0.6422955762753294,0.9660806698064516,0.6716583473318029,2.504728895759145,2.696324795384308,0.7707460341850384,0.9130455996937441,0.677537590008873,2.917246888727603,3.1539724628929084,0.7257543204093843,0.8613540158554319,0.7738970281091305,2.518464407408759,2.7280029777083246,0.7612167825056606,0.9473440641105516,0.7060390414307526
6dfx,II,human,true,2019-04-17T00:00:00.000000+0000,22db7156d2f886e235bce0725a86694b,4.07,4.17,7.63,1.3201592568189215,2.2995524820623268,0.578273886896416,0.7576262526404655,0.9250541602892918,1.595380669595673,2.742895734109346,0.6562247946628089,0.7162709254167762,1.140863820604278,1.1764856154989287,1.563218138626114,0.6945869698759648,0.7821949232949493,0.7772386933987694,1.5177105053257065,1.830315783827057,0.656660729862885,0.7457698021413979,0.7624068695262854,1.8909691211814343,2.9573743121747853,0.6963040860498159,0.7457689031375925,1.0398280497906016
3rdt,II,mouse,true,2011-12-07T00:00:00.000000+0000,2eb7f076c11e51d2ff53f65251a8a6cb,3.83,4.6,2.72,2.2022422385741107,2.5388430958404538,0.4897342830383379,1.3024846503201535,0.6088753131633454,2.0623130242098946,2.3492969300462816,0.558263604181957,1.1221661184698366,0.6400003703876977,2.2020107476449167,2.5298864905201066,0.4615259370136811,1.309248154364991,0.6015151531877367,2.2442720032687835,2.5921967664246335,0.4928912649903268,1.0154476280291025,0.6677789737422516,2.259262697457552,2.538988421661831,0.4734784091585343,1.094740023736555,0.6129614306856188
3c5z,II,mouse,true,2008-04-29T00:00:00.000000+0000,fc4719ead81feeb2ab9ff1d6acf12cbf,2.33,48.92,48.0,46.62555044524155,46.95842322265626,78.41485255927051,0.7901016953530174,0.6438464483205383,46.71144721148421,47.03956861359271,78.42230728886157,0.7172822077266612,0.6372365825376168,46.50503674217604,46.80729060082555,78.46199725821795,0.7911855958185038,0.6363481671183162,46.510323171969475,46.81003867408342,78.46821808010473,0.8205964021715837,0.5943343173887454,46.65674080228719,46.950839188800046,78.43249157923732,0.8284224898099776,0.6211197988623556
6dfw,II,mouse,true,2019-04-17T00:00:00.000000+0000,a89cd658f1f4eeaf321acb4e191e63fd,3.1,3.32,4.31,2.310607809119713,2.7962226878841303,45.469623720199266,1.4372332857776773,1.5698344923550838,2.382454266802614,2.8155823199255323,45.409673421808336,1.1699289717200139,1.5024172223539627,2.257208366609805,2.659598102357211,45.38774847335182,1.2798745615714704,1.5224405851506855,2.2652635710405655,2.9144780618043415,45.40125303879614,1.0972348609558804,1.4928691908368237,2.3797583357483836,2.800216225102035,45.34602398411929,1.4003114887573782,1.4917829669840637
3o6f,II,human,true,2011-03-02T00:00:00.000000+0000,96b9104ef308fef91dbb9bea88fb6c9a,3.93,2.68,1.9,2.7277963784454053,2.469834069346196,1.157217387004562,0.658030178718346,1.1044746094099456,2.158461265257497,1.9670983469122503,1.5228108665564584,0.7402863661704463,0.9920138897353177,3.060215108250754,2.7621430732511754,1.2040017540895624,0.7912438974500448,1.1554726698073468,3.0954630155320357,2.75886596940446,1.4806357225015878,0.6681587967582191,1.210860458866058,2.864645200461625,2.5705198260251465,1.281957800864901,0.6775149554834751,1.1463764687451599
3pl6,II,human,true,2010-12-22T00:00:00.000000+0000,451909ad10e2f6aeb6c18ebfa4d1e67a,5.75,4.99,4.16,1.9552024458219852,2.0468709066303585,1.2201378913926237,0.6596208791038037,0.808830471323913,2.1572057111130647,2.1279971028352116,1.6208290768280678,0.6614241246446315,0.8979068864064645,2.026746068634283,2.065769533082639,1.576237585468983,0.7156042426302676,0.7384714364770361,2.5219468422390565,2.551150906528974,1.6747859990570775,0.7973259429624086,0.9784818186151787,2.3905911188200424,2.4014337300048907,1.5238042922609303,0.7603754684011675,0.8404525878194335
6bga,II,mouse,true,2018-07-18T00:00:00.000000+0000,9848c57a2301ecc2bd85803640fc29b8,2.46,2.0,2.28,0.46153275573941205,0.9843383689284522,0.23475523794760106,0.9042285194807634,0.5786804595507112,0.45859914093508136,0.9778747619952739,0.26564033057812103,0.7132246352202867,0.5359810912717989,0.4249285221926811,0.9527828669821065,0.29675538528304085,0.6585227580238119,0.49792843892810396,0.5261549796336322,1.024753230486978,0.24065592750043427,0.7849191865273925,0.5384606311022507,0.5299055369286573,1.0302003846989112,0.26441843194911985,0.704690198310369,0.5181827569145937
8vd0,II,human,false,2024-08-07T00:00:00.000000+0000,39bf4e6e65f6b042d9340128ecd79037,,,,1.902731975809265,3.268838973379615,2.112177030932494,0.6068749339318786,1.2758881750374582,1.2453488226740494,2.6848449900752516,2.1340059536064637,0.5734765254594614,1.146655803376669,1.7085064134960173,2.651992724539726,2.095072332774307,0.5803962508146866,1.0922909838364812,1.4255189964460762,2.805939231432935,2.1877569151794867,0.665816713110158,1.1828556976654,1.31244052779606,2.75590166117544,2.0583379828194635,0.6481901997931412,1.1810911783256441
4qrp,I,human,true,2014-11-12T00:00:00.000000+0000,127da066136f99e023c6e797c81e3dcc,2.79,25.53,23.27,0.34145607007597084,0.4090914875748236,0.18816445024244,0.4988175521033565,0.32444397918887513,0.352684995163304,0.4150778187581486,0.18989678864279777,0.5210214071494842,0.3032145373593656,0.47972289632290516,0.5315890728369265,0.16875941854152254,0.5935392477021485,0.31149008564509556,0.2760811871048076,0.37441886013508463,0.19224939266994803,0.5646151677567248,0.31243991858980036,0.3837684302107966,0.44487958903099434,0.21030123202072826,0.5251896724450237,0.32306764343886996
1ao7,I,human,true,1997-09-17T00:00:00.000000+0000,c567370637b2e928683fece893312920,4.89,6.23,6.4,0.6693170724491999,0.7400041879816491,0.23662761678119598,0.5462705741960385,0.6331371837089962,0.7402878673955587,0.808977953112492,0.2754440346134491,0.639094913735152,0.647396703798692,0.6005970938545035,0.6516869988086247,0.24249571748734425,0.6267135454447859,0.5975014287157209,0.5866635890013461,0.6600923043949358,0.23195258052902828,0.5602096536392539,0.6190248853958558,0.6172805426027135,0.6659154036874393,0.2505959043062441,0.5968306558409221,0.6297991427237282
1bd2,I,human,true,1998-08-19T00:00:00.000000+0000,d56673afb5c30801f4b7623ffa3dec14,4.92,6.27,3.99,0.4156124957495867,0.4973025676412205,0.25646356728767983,0.8835787670975849,0.500081926425386,0.596047149695696,0.6590935835744665,0.29835863099790766,0.9607418299562245,0.5183978287108258,0.7840308450938168,0.7853490013092197,0.26988923206461474,0.7215281500435788,0.5355389966040045,0.5001689771888218,0.571200940906035,0.2287656722801735,0.7998795856721849,0.47347805876462074,0.5313618886786833,0.5703950956813563,0.265802232107633,0.7823573068146772,0.5085537717166836
1d9k,II,mouse,true,1999-12-15T00:00:00.000000+0000,deea7d9b9057902cad9e999d5d7df51b,3.74,2.82,3.84,2.4109872363547455,2.7778876702130257,1.1217271513439655,0.8352529936177933,0.9856416272979917,2.472997928188561,2.7161664434080834,0.9279538269513395,0.8040124741785465,0.9486477475396545,2.646113216275315,2.879993241208266,1.5370217359470728,0.8005152497780625,0.9540547953988251,2.5039415623825736,2.9352618003341764,1.1508402995293159,0.7671768135319671,0.9680281230334191,2.6158732022167217,2.8339311390019137,1.0995500131361404,0.8093458082465724,0.8634267116543898
1fo0,I,mouse,true,2000-10-02T00:00:00.000000+0000,4b929544c778dc7f26f29750fef42c36,4.85,4.75,6.15,0.3728108206543374,0.4554327562186795,0.22643740624137954,0.6448102120791106,0.3120720061204478,0.4583322387511374,0.5244829537991101,0.1969218775097898,0.5519664771940493,0.3150247269137016,0.4352697956222156,0.4992960825672081,0.1868969631565623,0.5678673252318428,0.3128322245483155,0.5109143445745338,0.552182712924579,0.21827067557241558,0.7356114729478096,0.31327191334197424,0.4299113819067005,0.4898092471558664,0.2031557632212454,0.5688622669316616,0.31173427671646387
1fyt,II,human,true,2000-11-08T00:00:00.000000+0000,5f8f53c3e990d2ed830051422f8bb075,,,,0.4968093017587678,0.5448902747243507,0.34463585763522386,0.4166805353503963,0.32712506421456605,0.6218713586526703,0.5980055416432558,0.26115234884555544,0.5589904063016347,0.4154162676890175,0.5997061416470659,0.6022182572193724,0.26114874109572794,0.48786316966369603,0.3842367202298272,0.6658444887498327,0.6425742939106361,0.2750688103359479,0.7196094441973377,0.4067378323885354,0.5800548849221729,0.5955775097360307,0.3078891197888453,0.5679507249362411,0.46384123066827193
1g6r,I,mouse,true,2000-11-15T00:00:00.000000+0000,277b70185045869f93600855fb86c894,3.34,3.8,40.38,0.28764910043361,0.3084698765234248,0.22132600166304264,0.5225152614707557,0.233868957677778,0.205607104899834,0.230616381799174,0.2066812424682458,0.6080652518158198,0.23534156129039344,0.14591256982548764,0.18326001450810933,0.1808887634749762,0.6432986959778315,0.22811149134311468,0.2406974851795275,0.25358481231183844,0.1902464112353297,0.4859184441974812,0.2394632102381549,0.2309523577271063,0.25824959219690063,0.19632796726850837,0.6906986212078904,0.24403740360964768
1j8h,II,human,true,2002-03-13T00:00:00.000000+0000,76df88db619e4c8301946482d0258c95,4.39,2.42,2.4,0.6894678616328851,0.6720799626331504,0.36999136076289885,0.7215105944637157,0.5340496643183186,0.928718094431675,0.9490177122667347,0.40551286044432494,0.6764249020119331,0.5450418671463392,0.5799087520734354,0.5936404233541206,0.36393057293166703,0.7072325990273596,0.513669212418855,0.6971915917355601,0.7310485370961143,0.37345579567216136,0.5348423856837992,0.48501972921874537,0.8402392018901542,0.8641513606781315,0.37194176883379937,0.5074646172058298,0.49592161330588913
1kj2,I,mouse,true,2002-03-27T00:00:00.000000+0000,bdf5f09041d53ff9348dc8354e448186,6.79,5.71,7.6,0.28298330334499733,0.2981406370058632,0.24793545475472495,0.5016446357814516,0.32251703635365864,0.40005848099388036,0.3839450716053685,0.21225180949163316,0.43533537870676575,0.34210253801102475,0.3403799730505547,0.34119638484196246,0.22528127978381435,0.4553111673911329,0.3554026264873926,0.3415689696426215,0.36477827647376015,0.20656279982993062,0.44604393922163404,0.34813667457113184,0.32748260649120214,0.34226645217836493,0.218372475146539,0.45018556927109377,0.3426023239949207
1lp9,I,human,true,2003-11-11T00:00:00.000000+0000,0c97d72e01837cf2ca188d98939bf3a2,,,,0.4411614443971589,0.5019727752742131,0.12599706157226281,0.746140078563754,0.7945774432212441,0.5476022149301495,0.5811308727987283,0.15696962572244252,0.8313452147302269,0.7699093196915912,0.5323697418579612,0.55627555865018,0.1779547528083961,0.8365634635246147,0.8007369014266053,0.4861637667567157,0.5281278640720402,0.13711815743234793,0.9007933692468197,0.7678088019172653,0.4566331106069461,0.5190187743467637,0.168413747883071,0.8886713863846868,0.808123658315507
1mi5,I,human,true,2003-02-04T00:00:00.000000+0000,72a8e71c098925fa760e06cc63aa2ef3,6.64,16.34,33.22,0.5325940318931383,0.5547606945886854,0.2647252781203906,0.7891850828800933,0.34180857569740575,0.5860335029668774,0.5647803366079442,0.26225486959318056,0.6785019976106964,0.3577375135420754,0.351080079842363,0.3964411424556327,0.27916032689779097,0.7027760424527569,0.3612817405272922,0.5571153912515798,0.5365219961531217,0.2518979510010122,0.6936767578224785,0.37695817179416174,0.5532582507538343,0.5365051465715597,0.3102035757974785,0.863394734821917,0.3810551273964522
1mwa,I,mouse,true,2002-11-27T00:00:00.000000+0000,7299a76d2cad5d41029bb7ca139062ba,3.89,3.48,3.54,0.7457812499569677,0.8412343665730302,0.3023073869424057,0.6473857827099356,0.4356540868202826,0.773053946594418,0.911874053596768,0.2596250273075834,0.5781596947461224,0.49538907387457237,0.5814752659309025,0.7386470347058451,0.2680980940249773,0.6775297799769355,0.44881433864820464,0.8391935519152189,0.9505997398628421,0.305371081534973,0.5508172949603186,0.42804428429531144,0.6736481335240418,0.7948192232535357,0.2607434858001827,0.6224096558595792,0.4272746049860505
1nam,I,mouse,true,2003-03-11T00:00:00.000000+0000,0d046784a09c8683597b7ffbf32324a8,4.98,4.67,4.95,0.14481986922054604,0.19514912800273873,0.17625130514860785,0.8224715664433352,0.2093329384124901,0.29913687743068645,0.2849554579177388,0.18597895977020631,0.9358788070232441,0.2004313181669241,0.30748380469171743,0.3578511852927499,0.19281763638123448,0.9019440318983396,0.2151155244267447,0.17277249356687288,0.21402946707421266,0.1809673916836772,0.8994314186920637,0.20867905310677173,0.2236869616781774,0.26153548063991244,0.17158400535232407,0.7822052931202074,0.19924561388511802
1oga,I,human,true,2003-06-19T00:00:00.000000+0000,b8684859422e685d77ad115d940e0c04,6.65,7.14,27.02,0.77172881091537,0.7978237297252706,0.21544563564360697,0.9408596952901201,0.42270687416841884,0.6679588350598528,0.6957932224188693,0.2057223304093977,0.9056695077291833,0.4273229090098986,0.6420203123347759,0.6601934106326974,0.1784840437865992,0.8068125940794527,0.4199533871511363,0.7168335053187632,0.7409595308658766,0.20803433533605886,0.8144588169437685,0.428242395446669,0.6855543576356159,0.7025434487726807,0.23074580988982935,0.7247975889427453,0.43884898738097916
1qrn,I,human,true,1999-10-14T00:00:00.000000+0000,24e695b841cd8fe1fd5728adc397f7cf,,,,0.22061380693456217,0.2567193545313983,0.12325771635965703,0.415380851999475,0.24731536586497035,0.35184877992322877,0.35430993075900774,0.1446566885613062,0.3984382704449522,0.24992801679413412,0.2612003635195305,0.2926965511456793,0.14103417140820204,0.4285895416687662,0.25938837478400173,0.3048526496475946,0.3281328262040887,0.1250696197151537,0.37887290204562535,0.2507031640176537,0.289699891467688,0.3008804936661959,0.14201663234377251,0.37300627809292897,0.2383908252505925
1qse,I,human,true,1999-12-21T00:00:00.000000+0000,bd346f68564cc380bd63bbf2014ad7ae,,,,0.36546746398275154,0.38828162391786286,0.12455852941649169,0.5145943716407315,0.25897611588100394,0.33385853490725126,0.3501965397375994,0.12674673798937255,0.5054853073198725,0.26047236757005937,0.3099707458729661,0.33885601291846407,0.12227157106251955,0.5257835266530673,0.2348206999189071,0.28238090437594415,0.3291370344406405,0.1319288857077481,0.5435395382919544,0.26658862080629936,0.2614535946321502,0.2995770098054231,0.12546634910769663,0.5675207397207745,0.2627593785931469
1qsf,I,human,true,1999-12-21T00:00:00.000000+0000,3c35949eab292eac548020ecfe509857,,,,0.43412683164005456,0.46195131436123743,0.16622745915348044,0.4407147063710382,0.3619238684293852,0.390572931448973,0.4146605858108379,0.16245685255052106,0.47126280820921485,0.37412811640587845,0.1894532731286708,0.2768838039625118,0.15932860768246374,0.4768054947493277,0.3784539832946647,0.42691119745828177,0.45614845546126304,0.1635885900127065,0.5063859628164147,0.3759013733850385,0.3645197465866991,0.4178106472821796,0.15707734714459518,0.4551448479322804,0.36522008149261825
1u3h,II,mouse,true,2005-05-17T00:00:00.000000+0000,d2bdbb1c12b591e948cdc021b1d0005c,3.17,2.13,2.31,0.10829429848645242,0.14187268467876232,0.11704307483033337,0.34948520094660485,0.15219155287429548,0.1517080584812976,0.15903281018446264,0.1255954762525243,0.35997648258329423,0.14665430781492933,0.21200540773901805,0.21448121906728176,0.10924611133799604,0.3847644032390787,0.14799591685368974,0.16482325277116566,0.1640774161766922,0.10290423504820535,0.3512264001745898,0.166977677683772,0.11315377639411424,0.13338853885903043,0.09386290298719195,0.43608755359023443,0.14539639582119337
1ymm,II,human,true,2005-05-03T00:00:00.000000+0000,b879e9bb481507660c9f62543e632560,,,,0.7133124968037714,0.7376793413852889,0.337038288764175,0.5805939419914087,0.6457550823357856,0.6289725631037567,0.6723685137532657,0.35685636520067665,0.5343499059972543,0.714054077379058,0.6882537511065566,0.7152130697349813,0.3023399739982466,0.9586225677538207,0.6579537135882085,0.66060081835341,0.6942853222958157,0.3078570131560152,0.8592530416654967,0.6612970546936837,0.860269504977176,0.8931421840308948,0.33886404558319977,0.5279528354114027,0.7003774397015825
1zgl,II,human,true,2005-10-18T00:00:00.000000+0000,19436c183927325d35b5b7411776490f,3.61,1.84,10.51,0.39238378354700515,0.43994972091498313,1.1419458382774361,0.7365678285509722,0.4761207453984951,0.3436876188568404,0.4044863432074165,1.1751560993353205,0.7627981071957375,0.4454845313703351,0.4122296054856194,0.47948693934784686,1.2793863807954218,0.7029295674174882,0.4460070243082874,0.2848732284817536,0.3486014324771394,1.1985132277210373,0.6574887128136664,0.4673066001102471,0.384477174083731,0.4653916437483671,1.2248847200200126,0.7927303617367261,0.46425740730571113
2ak4,I,human,true,2005-10-11T00:00:00.000000+0000,9c600a2abd512aa1c40b669a1ff41443,,,,0.5307904428688719,0.5930727737147791,0.20025034499248198,1.0506783474815231,0.41047140889638745,0.8643534141476157,0.9183824595377608,0.23516281906049402,0.8988939579300762,0.417884730465208,0.6596602038285437,0.8036347202302878,0.22058565408384895,0.9385072199997356,0.4376334177888751,0.7049490734415208,0.7989165331968137,0.23256189943160827,0.7370987845645607,0.35084074995989073,0.7302844497116252,0.8103820380282948,0.25353195809009266,0.8120581990104869,0.3175841757791092
2bnq,I,human,true,2005-05-23T00:00:00.000000+0000,ce77dbef9d7b1c2da61ac41b9c058857,,,,0.4152144370322076,0.44396305492402355,0.2544221782704205,0.5253159914369538,0.49443161741520747,0.3152577027043352,0.34080500107910744,0.2154446960973434,0.47301300675163077,0.47570715921399265,0.5274154867379751,0.5918250760957564,0.25122025604521264,0.4362918693462708,0.46245257067335993,0.5719994506735073,0.5662103537900256,0.2974042467947925,0.5164988913427647,0.4618149625732426,0.27464957383360894,0.3309437206273905,0.22490669950008357,0.5564321604384969,0.46754911367242125
2bnr,I,human,true,2005-05-23T00:00:00.000000+0000,d5721bea430f5ca1d86fa58f78b17637,4.57,5.96,7.78,0.7051424836883269,0.7287106172812111,0.25938891803668884,0.47023371495450456,0.4316376688918067,0.4562441152951714,0.46365220220128567,0.2233558623688923,0.5689159074720875,0.5051836480479435,0.5706689581699589,0.5600569079159817,0.1971402092981781,0.41807166832629905,0.47449424032489385,0.6062886459896921,0.5959027128637634,0.2386486171071118,0.7108958222064516,0.4704376154000139,0.5339549477045137,0.5437274829318037,0.21947093900806763,0.540496516185239,0.52155766253603
2ckb,I,mouse,true,1998-04-29T00:00:00.000000+0000,d2e444487bd8c2863d7c7ce8b454a086,,,,0.5114044506762704,0.7173002901942855,0.39958911677282816,0.6620170172265754,0.6164145302276138,0.5927395071932908,0.7729238917758876,0.4253893456757819,0.744885728474705,0.6601066324734646,0.6359136974587138,0.8222498168800451,0.3200536920178128,0.8424859700385574,0.640630932384476,0.7594719602149292,0.8932254004008902,0.39598140994380304,0.7329662973372179,0.6167204054116543,0.5526055033575066,0.745013918180031,0.3664771921626941,0.7630519668475937,0.6135170969572838
2e7l,I,mouse,true,2007-04-24T00:00:00.000000+0000,04462a9ddc2ee78571c808a27478588b,,,,0.26996089807867574,0.35462774044286055,0.2982668400978977,0.3348114964277567,0.46787739794789407,0.2846602911208401,0.3647073761613214,0.23526824039252126,0.3089295149077524,0.5773269334825148,0.4140236383042729,0.4553815867813392,0.2810092357784603,0.3251551702881316,0.4346211861860151,0.3070724124895071,0.3798857832882195,0.22305726612446042,0.3201548642539058,0.4223697936834434,0.3204790320710541,0.40721439181584546,0.19797786699473544,0.29344542348396563,0.4009513582167735
2esv,I,human,true,2006-03-21T00:00:00.000000+0000,f3cb16e42bd4cd54306bb2fe01aaf8ef,,,,0.31674248045622194,0.3946236998263676,0.1768509564503835,0.5730809474314097,0.32611938472839824,0.3856917649690935,0.4413342480553689,0.17973559682882168,0.5103212278465493,0.3378952354046138,0.4276236074473862,0.5043774234022821,0.18893965432507193,0.48552155763234317,0.3284744923431691,0.4697258581610994,0.5358859428544206,0.2128765855979201,0.5543618072341914,0.310077697233,0.6106688326946093,0.6704283434367997,0.20310816118278338,0.5236142765959161,0.349190323998862
2f53,I,human,true,2006-04-25T00:00:00.000000+0000,a938c4cc9328b38355ce96cfd2e8b4f6,,,,0.7282425764476768,0.7838724445020743,0.260311801996332,0.8805128677988795,0.46328854019539534,0.714479643241502,0.8112639248529422,0.24835919343351845,0.8672929180660836,0.43585463350825854,0.7914307871158649,0.8845162845673721,0.23514115513676265,0.9047831364536915,0.46614796602023345,0.6297136976982974,0.7745428641576028,0.2386909257375128,0.8034940366502398,0.41694750872993736,0.9549194178815857,0.9952838153201513,0.25022642423452174,0.6361701124503294,0.4367020874693466
2f54,I,human,true,2006-04-25T00:00:00.000000+0000,f877224c6206a35c1667285309033607,,,,0.23371003995341158,0.3499842655482634,0.2096096171633985,0.797352662076615,0.4062105253868503,0.6105139945096746,0.701455927937731,0.22607710568225886,0.64032309403215,0.46778778597116427,0.4276424148873482,0.5176968412259634,0.2465531742783184,0.7767440148550674,0.4761488696643239,0.3991135117635752,0.4659135540970599,0.25904772846252455,0.7450483553347141,0.39622647612180595,0.5207616336999551,0.5910142526286654,0.26900439611581917,0.741563703293012,0.4366144027914577
2gj6,I,human,true,2006-10-03T00:00:00.000000+0000,4f89efe7de92397c5e55d71fb6bd1443,,,,0.505092869804985,0.6233454833384875,0.145305875067174,0.4067959388788336,0.2494843354022201,0.49545460507497757,0.6305546710417442,0.14617723255610254,0.3805264755057014,0.28446649090492737,0.5806355396282147,0.7155559260622725,0.14935506224410502,0.37311309708137996,0.27968687046553853,0.44167663555539133,0.572322743076554,0.1360238282856452,0.37408077635058046,0.2948354420653392,0.5159936323650746,0.6812960723718352,0.14472993134408774,0.5102788348594195,0.28823993850711455
2iam,II,human,true,2007-04-03T00:00:00.000000+0000,2a5f2fc8cd21e390abbeefddbfb22c89,3.27,2.02,1.93,0.34590188056546145,0.43898948996990894,0.3348523442977681,0.5617030006920781,0.39619440584029275,0.6493128872048362,0.7085203884752772,0.4146350702636821,0.572382083926723,0.36692185965821056,0.4782170322773382,0.5482271535264711,0.4003170498920072,0.5687402262671126,0.3637290410016681,0.5398691464054063,0.6081008120874334,0.3446246684390129,0.5659671084252427,0.35161232717680047,0.5275773467319211,0.6141394206425392,0.3835721926436176,0.6456025039142422,0.38641555295667407
2ian,II,human,true,2007-04-03T00:00:00.000000+0000,0bc05857e4748600456c82e591467eab,,,,0.46105106883955166,0.49916254460708775,0.4880588526251558,0.5845112312225835,0.32783770721536526,0.46300901332534095,0.5114111822004778,0.4874048678518645,0.5364539375506058,0.3674239119841307,0.43257535063135477,0.4860536109456102,0.5326672708239449,0.5206107366270532,0.33817959934140607,0.6265290921508697,0.6657805006541911,0.5295175352192312,0.6738778872608027,0.3440615892928047,0.7280239752329717,0.735958450322833,0.45560692610587855,0.562675727901064,0.3492836403928215
2j8u,I,human,true,2007-10-16T00:00:00.000000+0000,e7fa8b01ddd4d2a35560c41efd21f7fc,,,,0.7570243327860552,1.2294279664501178,0.22601134667065664,0.765591090658214,0.8367473072856267,0.8508732205781908,1.3110548462414264,0.24019555985295987,0.6383225204478917,0.869650567676589,0.8870081938167728,1.2797148181438145,0.2312710053187202,0.6986496173774976,0.8844775459033533,0.8438277137791642,1.3287701470749647,0.16390599885103319,0.6150113199750015,0.844776054099757,0.9330887756763978,1.366470761440486,0.21268751120102322,0.7679965417350038,0.8686610635878393
2jcc,I,human,true,2007-10-09T00:00:00.000000+0000,da11e5dd8208f104d23d797113b81efb,,,,0.7285134344530437,0.7586012837499038,0.23369454553995872,0.7389824732546978,0.7785062929581231,0.5156488643671476,0.5627301955651671,0.20951706813974547,0.7561842790570251,0.7871073823208902,0.4026653701364085,0.45543159352588625,0.20552721536468424,0.7203811578689628,0.7983430440513485,0.5828572358880396,0.6209959183743263,0.19265563315015757,0.6452731606950899,0.7938562025437678,0.6305001636635605,0.636675988092961,0.2151810455938169,0.7189661303277913,0.8405425242282154
2nx5,I,human,true,2007-02-27T00:00:00.000000+0000,8aa5cacf368853c062808ee89f3bcaf1,,,,0.4814120889162351,0.492683468201883,0.24187913883137482,0.5730124441119151,0.2439742001026624,0.2996206718790441,0.35547298702567715,0.21088095132729687,0.7297297914401524,0.23351231648817122,0.33802101601138623,0.3621264785222852,0.14622467616712753,0.6208573659227988,0.2556727072937618,0.3327424483351922,0.3698526376574309,0.2568317975056193,0.5545564044107354,0.26967304169741196,0.6190004440089952,0.6284386685242391,0.20338492462334826,0.6109817769097824,0.2515690306445183
2oi9,I,mouse,true,2007-04-24T00:00:00.000000+0000,3edd3858795f29e110be542677f04eb2,4.13,2.71,2.75,0.4723074752933427,0.5157786846784578,0.5578294376349898,0.4788779747349986,0.34754028353912203,0.3373113266283615,0.43042910251180755,0.5054554545971229,0.4495535799633388,0.35950244078777094,0.5190277123377636,0.5397294227354532,0.49239839826232423,0.4678185811369362,0.36618004857150466,0.6778171998281661,0.6776561382016018,0.5122534747749846,0.5211540055978124,0.4090539262391242,0.541610774961559,0.5588733861836432,0.5266881757517857,0.44138459464056107,0.40359241357377745
2ol3,I,mouse,true,2007-04-03T00:00:00.000000+0000,05ce645063c39c5ba48b642073df495c,3.65,5.41,4.99,0.2907064872906447,0.3432460582707237,0.1540828714849252,0.4315406806600206,0.22854546194249875,0.34927303916080077,0.3761147889702371,0.14641048189429484,0.3622081205060514,0.23466167766909246,0.1894551945764594,0.25457131556040963,0.12383608716738305,0.41881688269430695,0.22726197181550886,0.32219291728448,0.36570300055867516,0.1301073978122262,0.35521909980651434,0.24355435432384887,0.3295881282735009,0.3610564996934173,0.15488018381237456,0.37646587199734316,0.23619619422552435
2p5e,I,human,true,2007-09-25T00:00:00.000000+0000,6ec8dc6d7587ff79bf8c3864dcdc0c80,,,,0.5767870632335601,0.8395277845421478,0.26121417291895865,0.6279902232606063,0.618551825985594,0.8777153392937856,1.0187500572773,0.3008468699168135,0.6727188198444801,0.5884353363484192,0.8547905378116781,1.015261206760908,0.25336357425043887,0.8168634459121855,0.5865676286803201,0.8763488662063748,1.0438758865342246,0.273798637599617,0.4821912413431913,0.6215083838520353,0.7785073289133395,0.9625083743056466,0.2708132387951793,0.69479232872372,0.6616225912095547
2p5w,I,human,true,2007-09-25T00:00:00.000000+0000,f9cbc333ac0f58f9cd1a5b891051ba2b,,,,0.5998409870391956,0.8665948871149377,0.31062499844212815,0.6359593931962206,0.6789727957687628,0.7741832480948431,0.9734169182681115,0.3488429693657052,0.7172920897979015,0.6798870789046637,0.795065871486712,0.9610206798037024,0.32537481679654334,0.7332015762943787,0.6247890649618775,0.7904564230439878,0.9734174272083875,0.3246920614336577,0.5647836385401398,0.6540719949508771,0.9491665704988659,1.073769055285613,0.346686481807108,0.6009223982641185,0.6514181623749744
2pxy,II,mouse,true,2007-10-09T00:00:00.000000+0000,760fc0ee4d7764b1806ba1c6a76e732c,,,,0.14683273009930506,0.17367287713075216,0.170302847558149,0.2856124840956563,0.1540068521998508,0.2053026699900159,0.21806068974195444,0.21003827395710317,0.2667674572404674,0.16243992564333548,0.16958030851413314,0.21127128621636646,0.1667180090405472,0.2658443891540027,0.16311573807600396,0.24053883181980598,0.24578255084239453,0.1631586045247382,0.2899522265904477,0.16801534536821178,0.23126454504808272,0.23307334206678348,0.16439245537233008,0.29947105807772373,0.15534812016158142
2pye,I,human,true,2007-09-25T00:00:00.000000+0000,8acad2e56b1c8f392b0f3ec75214f72c,,,,0.9385450107762946,0.9647432358546616,0.37776738845742297,0.7394746786126218,0.411987464056575,0.7608520566050484,0.7691114387238971,0.4094722426655051,0.7506436836827785,0.4313873402419517,0.6742092500936193,0.690766828144209,0.34446411213592854,0.6797311682722412,0.3723823356077162,0.6209649875072013,0.6385210655459259,0.35082109009789886,0.6985309710784969,0.41443745223426404,0.7419174652173516,0.7555236930103462,0.39465943278382626,0.7294553637210526,0.4061299916398148
2uwe,I,human,true,2007-09-25T00:00:00.000000+0000,2eb7cdd2a339e2b08860632d36cfe046,,,,0.5233163479362133,0.5878222225874978,0.19794192090628632,0.6632976509587056,0.7897396337789542,0.5810351783807013,0.6090783711283013,0.17766996297480595,0.7098365307373404,0.7891134532684762,0.785329091833734,0.8045228824666693,0.21497777069585647,0.6283536956109472,0.7974617039278884,0.840923026140731,0.8449680000768461,0.18673695283936773,0.5485381350419877,0.8232950833234043,0.9076863685722336,0.9277906183903155,0.255820214988097,0.7530826245296338,0.8075354302450951
2vlj,I,human,true,2008-01-22T00:00:00.000000+0000,41feb0ddecfd63a4791492e1006230f4,,,,0.9643113084910977,0.9724205671859449,0.26613690912241694,0.7823303118682804,0.45815592058785726,0.9358520807705726,0.9406850605106799,0.28666804525211115,0.8232732144145761,0.4608854498737711,0.7440170507092999,0.7585566221821735,0.2626475219512445,0.743524254132541,0.4387545808795952,0.8613607862566673,0.885194232034835,0.22354732127485444,0.7953409037358498,0.41896088185074093,0.913169287851449,0.9166529113135519,0.2519059002904345,0.9547498277718807,0.4331717298590642
2vlj,I,human,true,2008-01-22T00:00:00.000000+0000,41feb0ddecfd63a4791492e1006230f4,,,,0.9643113084910977,0.9724205671859449,0.26613690912241694,0.7823303118682804,0.45815592058785726,0.9358520807705726,0.9406850605106799,0.28666804525211115,0.8232732144145761,0.4608854498737711,0.7440170507092999,0.7585566221821735,0.2626475219512445,0.743524254132541,0.4387545808795952,0.8613607862566673,0.885194232034835,0.22354732127485444,0.7953409037358498,0.41896088185074093,0.913169287851449,0.9166529113135519,0.2519059002904345,0.9547498277718807,0.4331717298590642
2vlk,I,human,true,2008-01-22T00:00:00.000000+0000,41feb0ddecfd63a4791492e1006230f4,,,,200.1573356420233,200.10093517677328,187.90416149449672,0.7758606044886093,0.4287114230647017,200.0951929446421,200.04299276956405,187.8595007091427,0.8263168469119069,0.4149344313851254,199.99747568074957,199.9153380733951,187.88655039078614,0.8097951830029883,0.41808294867522033,200.0152870314467,199.9421098450258,187.91652716388043,0.7314385533722898,0.4034428149715475,200.03159461687778,199.97591639966325,187.88481941610317,0.8994187513831001,0.42275533880697536
2vlk,I,human,true,2008-01-22T00:00:00.000000+0000,41feb0ddecfd63a4791492e1006230f4,,,,200.1573356420233,200.10093517677328,187.90416149449672,0.7758606044886093,0.4287114230647017,200.0951929446421,200.04299276956405,187.8595007091427,0.8263168469119069,0.4149344313851254,199.99747568074957,199.9153380733951,187.88655039078614,0.8097951830029883,0.41808294867522033,200.0152870314467,199.9421098450258,187.91652716388043,0.7314385533722898,0.4034428149715475,200.03159461687778,199.97591639966325,187.88481941610317,0.8994187513831001,0.42275533880697536
2vlj,I,human,true,2008-01-22T00:00:00.000000+0000,41feb0ddecfd63a4791492e1006230f4,,,,199.8790394375508,199.8037603997151,187.82958022993068,0.7823303118682804,0.45815592058785726,199.8265625725131,199.75740137627642,187.78475102499422,0.8232732144145761,0.4608854498737711,199.7548486844709,199.6568103499978,187.81784137872674,0.743524254132541,0.4387545808795952,199.79396046792442,199.70186538589937,187.8504013152736,0.7953409037358498,0.41896088185074093,199.79358895023083,199.71983502074792,187.81452984426508,0.9547498277718807,0.4331717298590642
2vlj,I,human,true,2008-01-22T00:00:00.000000+0000,41feb0ddecfd63a4791492e1006230f4,,,,199.8790394375508,199.8037603997151,187.82958022993068,0.7823303118682804,0.45815592058785726,199.8265625725131,199.75740137627642,187.78475102499422,0.8232732144145761,0.4608854498737711,199.7548486844709,199.6568103499978,187.81784137872674,0.743524254132541,0.4387545808795952,199.79396046792442,199.70186538589937,187.8504013152736,0.7953409037358498,0.41896088185074093,199.79358895023083,199.71983502074792,187.81452984426508,0.9547498277718807,0.4331717298590642
2vlk,I,human,true,2008-01-22T00:00:00.000000+0000,41feb0ddecfd63a4791492e1006230f4,,,,0.43288785712936445,0.4630387000095215,0.24549139530806874,0.7758606044886093,0.4287114230647017,0.4571645141884918,0.47678126589111675,0.2719538306222587,0.8263168469119069,0.4149344313851254,0.5011043434965671,0.5464954755359464,0.2569710443779505,0.8097951830029883,0.41808294867522033,0.4641243302500577,0.5195564353504546,0.23807077760580664,0.7314385533722898,0.4034428149715475,0.48091492593359314,0.5055561748717011,0.25756274605178925,0.8994187513831001,0.42275533880697536
2vlk,I,human,true,2008-01-22T00:00:00.000000+0000,41feb0ddecfd63a4791492e1006230f4,,,,0.43288785712936445,0.4630387000095215,0.24549139530806874,0.7758606044886093,0.4287114230647017,0.4571645141884918,0.47678126589111675,0.2719538306222587,0.8263168469119069,0.4149344313851254,0.5011043434965671,0.5464954755359464,0.2569710443779505,0.8097951830029883,0.41808294867522033,0.4641243302500577,0.5195564353504546,0.23807077760580664,0.7314385533722898,0.4034428149715475,0.48091492593359314,0.5055561748717011,0.25756274605178925,0.8994187513831001,0.42275533880697536
2vlr,I,human,true,2008-01-22T00:00:00.000000+0000,1956ee02ecb4f66e03b4f9b835fe0eb2,,,,0.6766524970600857,0.6932958915278864,0.397366979586508,0.8934551088476536,0.4467601625479717,0.5571333941508437,0.5553942206601958,0.4021377395014063,0.8339036560309567,0.4377652161473637,0.5139488501033574,0.5012382568796451,0.36302211711551957,0.9377556321475515,0.4510886793142751,0.6735551514804361,0.6593176380413923,0.397753304716029,0.8850623601949338,0.49246119272698063,0.5868195412678554,0.569568621640158,0.37644296039797676,1.0228500078257798,0.44681091657912814
2ypl,I,human,true,2012-11-28T00:00:00.000000+0000,931b40eead9b3d840423406886e31b15,3.76,9.19,5.89,0.3016405349860934,0.3481197223664751,0.19884022815208033,0.393377994246761,0.34051631787416275,0.268960130721326,0.30961541123365965,0.19590532083792989,0.34691732448535273,0.33330511717506117,0.40536216118884777,0.4266557280118398,0.21457403392864147,0.3937798176175507,0.3779114633161035,0.2986900232138586,0.3457867573745398,0.19727358691782942,0.5532916071223245,0.33167478188574456,0.21349990906283448,0.28120235301848934,0.1820809249380906,0.3765917094185314,0.3302529547854753
2z31,II,mouse,true,2007-10-09T00:00:00.000000+0000,9215b5a4dadfa58a2c3c5ae7b439d46c,1.98,7.15,9.99,0.35584974766966726,0.381733705599037,0.17187555427466894,0.3867062260818114,0.2017328925393956,0.23177016281029295,0.2697227958083101,0.16031381060967934,0.3013009503714563,0.20605673414768377,0.22973364239565078,0.2755335613220654,0.1519821793541422,0.2865657281247143,0.2144779563607823,0.26845406710380726,0.30088457667362273,0.16250438596107797,0.30270688802945356,0.2151230212426267,0.3385111966914821,0.36520537912623524,0.1712915168106207,0.33208040181610105,0.19768139556343936
3d39,I,human,true,2009-06-16T00:00:00.000000+0000,46b1a77eb36572e662fcfbc33c8015a6,,,,0.350529961221162,0.7074670658298571,0.22751616295816066,0.5215335674312052,0.37061852149216606,0.5787703358091537,0.8288013233485275,0.2608917707869247,0.4453208495801601,0.35686083809968766,0.4842857433860739,0.6355847375478687,0.22849236297115963,0.41600525259837057,0.3771636294552639,0.49685350975660986,0.8279797475047836,0.25543370462673615,0.5188812795740939,0.3568299311688182,0.4590037145341149,0.7850483753047258,0.22487184459947626,0.47546662197523637,0.37433101586607254
3d39,I,human,true,2009-06-16T00:00:00.000000+0000,46b1a77eb36572e662fcfbc33c8015a6,,,,0.350529961221162,0.7074670658298571,0.22751616295816066,0.5215335674312052,0.37061852149216606,0.5787703358091537,0.8288013233485275,0.2608917707869247,0.4453208495801601,0.35686083809968766,0.4842857433860739,0.6355847375478687,0.22849236297115963,0.41600525259837057,0.3771636294552639,0.49685350975660986,0.8279797475047836,0.25543370462673615,0.5188812795740939,0.3568299311688182,0.4590037145341149,0.7850483753047258,0.22487184459947626,0.47546662197523637,0.37433101586607254
3d3v,I,human,true,2009-06-16T00:00:00.000000+0000,46b1a77eb36572e662fcfbc33c8015a6,,,,34.954902571550754,34.967403016303244,17.831461034800085,0.5544954553294784,0.46284413153856296,34.80702080545164,34.81359198994006,17.782436831001096,0.4967594722787922,0.4408553835839695,34.88599252537652,34.88101472382861,17.821944698374935,0.4889917626773281,0.4784493500480646,34.95938663863095,34.96715858981992,17.81004571836386,0.6113371929304772,0.40804057310506964,34.965106919252506,34.99188464129795,17.8347343157061,0.5270041703301832,0.4398932119780127
3d3v,I,human,true,2009-06-16T00:00:00.000000+0000,46b1a77eb36572e662fcfbc33c8015a6,,,,34.954902571550754,34.967403016303244,17.831461034800085,0.5544954553294784,0.46284413153856296,34.80702080545164,34.81359198994006,17.782436831001096,0.4967594722787922,0.4408553835839695,34.88599252537652,34.88101472382861,17.821944698374935,0.4889917626773281,0.4784493500480646,34.95938663863095,34.96715858981992,17.81004571836386,0.6113371929304772,0.40804057310506964,34.965106919252506,34.99188464129795,17.8347343157061,0.5270041703301832,0.4398932119780127
3d39,I,human,true,2009-06-16T00:00:00.000000+0000,46b1a77eb36572e662fcfbc33c8015a6,,,,35.026161315542915,34.97294031598513,17.965628865443897,0.5215335674312052,0.37061852149216606,34.877466883522274,34.81837653016408,17.916515492893396,0.4453208495801601,0.35686083809968766,34.95707647771508,34.890316453101164,17.95610864338669,0.41600525259837057,0.3771636294552639,35.03014431072209,34.97153331113732,17.944055564134718,0.5188812795740939,0.3568299311688182,35.03570861876413,34.99631934715219,17.968666761856227,0.47546662197523637,0.37433101586607254
3d39,I,human,true,2009-06-16T00:00:00.000000+0000,46b1a77eb36572e662fcfbc33c8015a6,,,,35.026161315542915,34.97294031598513,17.965628865443897,0.5215335674312052,0.37061852149216606,34.877466883522274,34.81837653016408,17.916515492893396,0.4453208495801601,0.35686083809968766,34.95707647771508,34.890316453101164,17.95610864338669,0.41600525259837057,0.3771636294552639,35.03014431072209,34.97153331113732,17.944055564134718,0.5188812795740939,0.3568299311688182,35.03570861876413,34.99631934715219,17.968666761856227,0.47546662197523637,0.37433101586607254
3d3v,I,human,true,2009-06-16T00:00:00.000000+0000,46b1a77eb36572e662fcfbc33c8015a6,,,,0.23877991714971916,0.34408876132141786,0.22764316275812446,0.5544954553294784,0.46284413153856296,0.4232062804954443,0.5042998489527942,0.2564058235614264,0.4967594722787922,0.4408553835839695,0.32787622015611867,0.6546190067981156,0.23517271766379919,0.4889917626773281,0.4784493500480646,0.29005505911712537,0.4109768117865087,0.23191416769674908,0.6113371929304772,0.40804057310506964,0.24389241481884574,0.3641620828431322,0.2178607665760845,0.5270041703301832,0.4398932119780127
3d3v,I,human,true,2009-06-16T00:00:00.000000+0000,46b1a77eb36572e662fcfbc33c8015a6,,,,0.23877991714971916,0.34408876132141786,0.22764316275812446,0.5544954553294784,0.46284413153856296,0.4232062804954443,0.5042998489527942,0.2564058235614264,0.4967594722787922,0.4408553835839695,0.32787622015611867,0.6546190067981156,0.23517271766379919,0.4889917626773281,0.4784493500480646,0.29005505911712537,0.4109768117865087,0.23191416769674908,0.6113371929304772,0.40804057310506964,0.24389241481884574,0.3641620828431322,0.2178607665760845,0.5270041703301832,0.4398932119780127
3dxa,I,human,true,2009-01-27T00:00:00.000000+0000,96df23ccc4d336b5ecc4c033390e76a7,4.18,5.05,27.26,0.2274290639621612,0.3111936899066568,0.18045545915894326,0.7902226222042078,0.3964668281222667,0.3291205797696817,0.34667573462505635,0.1537916745501556,0.7667735510158242,0.40952270911174904,0.3209631589775089,0.36183741079217313,0.16491811366437673,0.7954190409319343,0.416637422436835,0.18587082733076415,0.27028595199484656,0.18742182939313398,0.766269108260204,0.3937094112762288,0.18029919195027294,0.2768685681997854,0.1737321560495721,0.8153214786596927,0.3899155329145927
3e2h,I,mouse,true,2008-11-04T00:00:00.000000+0000,80a554ae40014b7ee476da6b7e6ff90b,,,,0.4278899599083328,0.479271367996765,0.35739701130494644,0.3592176244283497,0.398185818457563,0.5470597641850411,0.6093254972664586,0.3640602297838469,0.34365928555445296,0.42087426485690016,0.6068019828086203,0.6608197407517833,0.3476871486727599,0.35522662154357215,0.4171636867621455,0.4035227037116306,0.489308099733648,0.38132997061433804,0.36331221002975334,0.3931601188258359,0.3787279451825735,0.4567847479368835,0.34423769844267804,0.36435999543995595,0.4152845829861954
3e3q,I,mouse,true,2008-11-04T00:00:00.000000+0000,ac0d2757206bcf5c399926da03567a07,,,,0.4486827254289011,0.4668994266299398,0.3606661730342368,0.3770067417225077,0.35464675797040535,0.5471664777322445,0.5523227302921248,0.35012631468877803,0.35426743690167134,0.3273033342410858,0.47763409345111263,0.47901128749407024,0.35761513692737795,0.39610754086112676,0.33728049229286095,0.5060833375399341,0.497176288707974,0.35169846642365793,0.3809790872229008,0.3170574108011856,0.43694088601207665,0.4502843312372616,0.39923162610622365,0.3957331769781093,0.32622900430654717
3ffc,I,human,true,2009-01-27T00:00:00.000000+0000,e921e1b6618eb9be734ef0dd9f77e682,6.59,4.28,6.61,0.6368170689836791,0.6273944930457871,0.2342994236868696,0.77233980566994,0.42285794305839297,0.39251120465155237,0.45757880970461196,0.24137771766580599,0.727027218547159,0.4227734754977707,0.7665646202846246,0.7755223001698408,0.2868265208374048,0.6537080489673827,0.3855822243700068,0.7855671023294042,0.8333561724657557,0.27456057437622144,0.72252210513304,0.4039171218956417,0.7277402894830783,0.7309801069875134,0.23696922241316132,0.6636750746875629,0.4172281029561336
3gsn,I,human,true,2009-08-04T00:00:00.000000+0000,907661161bb46b0000adaa5160c01a63,2.4,17.47,6.24,0.5455739058815712,0.639642661204515,0.3411375536984008,0.7329092277488891,0.4384035840961167,0.41280165694746235,0.5607711598870462,0.3468311978146311,0.737445526370987,0.4359937293842125,0.7237794407060163,0.795597749506859,0.36341338398615475,0.719308756774507,0.4384541009039759,0.4009068006299782,0.5607920880622285,0.3589725009778126,0.715230492661389,0.4254626889121205,0.3158028016617583,0.48629879382395524,0.3331374516477528,0.7346969590879411,0.4445145605817217
3h9s,I,human,true,2010-01-12T00:00:00.000000+0000,3f316ee3f6dcac745e5443723321b303,5.51,6.58,6.68,0.4458468812100124,0.5099376638698397,0.21637077620202588,0.48393470812028805,0.28987624603488166,0.4608897605855704,0.458654231099771,0.20438783027251384,0.48489419799778305,0.31949921743251436,0.4252085580152145,0.45773589495042144,0.2174071985155259,0.48343609201335824,0.2972992853539213,0.39343909185790243,0.4254599002657904,0.21155368413065564,0.4830298984447907,0.3094286317225293,0.32805537818522496,0.3737676696463062,0.18189101431152727,0.48655174473104795,0.3110796752980538
3hg1,I,human,true,2009-07-28T00:00:00.000000+0000,53945c9a940ab0cce8116341bf92a4ed,4.08,4.47,5.98,0.39250334682175875,0.5172452371941716,0.3683407249000418,0.6504459879765134,0.8028686190976801,0.4726106090727346,0.5877208583352337,0.3294293790846287,0.7209953675860353,0.8146793397684443,0.5099625288530003,0.6243598653761327,0.3282827688114295,0.766016926621084,0.8087836948215833,0.2101322392616238,0.41574781432409624,0.35965189760893235,0.6941347193681796,0.4784615179989119,0.34230174077561254,0.49543599579809056,0.35969838799973847,0.6822352731557991,0.4578740655186089
3kpr,I,human,true,2009-12-22T00:00:00.000000+0000,c05c1a21eb12afd64036096571077d67,6.28,33.43,33.18,0.33812413039422584,0.3513236997370619,0.1739017566049041,0.3480542829836051,0.26235203930673057,0.5373224585564882,0.5158484488062378,0.17213230237963942,0.3266663462142853,0.2959904173095304,0.5170187799281009,0.48497156629460825,0.18093542526999698,0.3249301439400346,0.3190609926631736,0.5376996682187648,0.5242264078609598,0.16814442212072153,0.3259493818327362,0.2550876145991849,0.4141914460515723,0.39389758439709377,0.17373315265462103,0.3032037000234701,0.2687399872997403
3kps,I,human,true,2009-12-22T00:00:00.000000+0000,4b382ed7f18df21603cae5ba827fccf4,6.68,17.15,30.06,0.6541343359835053,0.653063863990848,0.2540657400133058,0.4277429202570053,0.27701609596488974,0.5645746370779807,0.5976472537623208,0.201589283416265,0.6360674804507205,0.3054085489121551,0.4954680674492313,0.502334544078693,0.19803810909043476,0.6089809306153646,0.30088232392590825,0.5892392358967568,0.640262976508981,0.21761161213424043,0.5825812098062714,0.2782018420372109,0.5067858495229361,0.5339598372776247,0.2239589724593579,0.5529086013052983,0.29282578635371254
3kxf,I,human,true,2010-06-09T00:00:00.000000+0000,7b98319fa7f47b4a39688a72de71fd55,,,,0.7179829750523201,0.780128498775203,0.3981144010893612,0.6754594643626356,0.42268699743903815,1.1550530472697838,1.2610580874916726,0.42737883932936765,0.6061709531985601,0.47682813242176664,1.0207904009793345,1.081321646419018,0.3619337030045859,0.6681095162845316,0.461988479175991,0.6601530050745044,0.7103759836063321,0.34524950941170174,0.6287668938855722,0.4431473443955483,0.8932973309338444,1.0071468473058305,0.3932156471443617,0.6306310520872647,0.5206277746196636
3mbe,II,mouse,true,2010-05-12T00:00:00.000000+0000,8e19c8a6b55792a98c6ed84d02074370,2.08,2.67,4.28,0.448045680804441,0.5448112630611296,0.4088185148134732,0.5691769682932413,0.5152509473578879,0.4151571737048346,0.5170703745192816,0.4950879408953454,0.6109315606625849,0.5289428722179352,0.4672041713868278,0.5358915413063597,0.40826735626432425,0.550137186292959,0.5294733065645534,0.31085264142070484,0.44500668238777513,0.4145964295541049,0.6686325694583547,0.5187764626362604,0.295736833938969,0.42345485949324274,0.4925125281928679,0.578059649649783,0.5288589287735525
3mv7,I,human,true,2010-06-09T00:00:00.000000+0000,d6fd7d656e1ea2319dacf77b6c9fca99,3.87,26.46,27.03,0.6496658478876574,0.6360608602853035,0.3776504011124429,0.964460510255179,0.32736280404098983,0.5516843397937188,0.5498418064121839,0.36640843262403594,0.7700664365169729,0.3621109220796744,0.7816170472067617,0.7476062676451782,0.3721874230265716,0.819431196591327,0.32192586954023567,0.5933317022660253,0.5744947457690609,0.3794226374435054,0.7590000270162436,0.3365534509464481,0.5799816757267839,0.5910987796871802,0.4156887386730617,1.061643486603924,0.29175516031797694
3mv8,I,human,true,2010-06-09T00:00:00.000000+0000,ff0fcb2ab255d1f9e4feac6c9b144f0a,,,,0.349048812428304,0.419476589739678,0.2457721954956006,0.6757494974462221,0.27407146987849196,0.5785891159380425,0.555951086973004,0.3741993072345139,0.9201359884599082,0.2738025023487331,0.3560504126156491,0.44424408896092926,0.266294824754227,0.7555061466483839,0.28906719836313505,0.6350773191675072,0.6740028286635377,0.4502484555393223,0.6602095837165122,0.2851354174034315,0.7211527176455357,0.7355852347215064,0.4069298402845805,0.7498147170253134,0.28621493248562624
3mv9,I,human,true,2010-06-09T00:00:00.000000+0000,5000d22dcc713c3988dcdf954c40fae0,,,,0.4678599748664284,0.6639913201888147,0.30140766706041106,1.2985837332423111,0.5767256115053986,0.4446304144603405,0.6281700287066592,0.3099500622740743,1.3490048151440497,0.5667357155283379,0.49937619412900114,0.6671877121203125,0.2997962454625342,1.468236500530522,0.5781059335483677,0.4732906462549793,0.6399469736160958,0.29610543079775503,1.4777053213094642,0.5558460859231485,0.5046889649434196,0.6557176505886013,0.3322209394444825,1.4240068146484746,0.6078659390777247
3o4l,I,human,true,2011-01-12T00:00:00.000000+0000,1787ab14c4b06ade0ed7603ae5fa3391,3.5,13.89,26.18,0.5347050855756579,0.5409597640912364,0.2496296670565036,0.6525440443635184,0.35884700573439354,0.3813061684918401,0.40414254116605763,0.1908742720059699,0.6335936864554077,0.36802777166243095,0.43027649239456267,0.4592297298806566,0.1884815019722852,0.6991842329428023,0.31618880801664206,0.4979167831188807,0.5095063149619299,0.19884442218442894,0.7685714033172523,0.32365166462861644,0.39945663839828516,0.4114154092462599,0.2010791656108914,0.6395613994155638,0.37710119367957184
3pwp,I,human,true,2011-03-09T00:00:00.000000+0000,75033dc4220400a42816a3d7470a4531,4.8,4.9,5.5,0.23740636455883077,0.34350473050731734,0.1072158929184829,0.39055955041811147,0.289251761455139,0.38988272707217875,0.45868821886253736,0.11053408975178769,0.3886543661779859,0.2693519646429664,0.32526204313731766,0.427372118484836,0.1477180359669304,0.38980462462611665,0.30381551377683413,0.394695348970738,0.4588507659721654,0.14893554258006,0.42288681579829,0.2898322161737941,0.32897091945167223,0.42936097362343684,0.13442326849580044,0.4013230468445467,0.2856025755519483
3qdg,I,human,true,2011-07-06T00:00:00.000000+0000,c61c6942aec4f95f5000cdfefc1326d7,2.35,3.44,4.53,0.42458653985836714,0.5054157402241399,0.25948270776595017,0.6865057881805757,0.4230720733228207,0.4177569433223406,0.4933937205027204,0.23262711091872917,0.5831524949534757,0.39305665420758207,0.2639472506953294,0.37566532444604545,0.23588294008227897,0.621973961884294,0.3940635680170531,0.3589002388272879,0.4465716073682711,0.25071363009872094,0.6914440914149241,0.39468095949600723,0.43475705207453985,0.518246769695859,0.2694506057910057,0.6404544933625897,0.38600076044144904
3qdj,I,human,true,2011-07-06T00:00:00.000000+0000,16912f71771292f5dd5af5781fde7f89,,,,0.5465373712864902,0.5418586119541358,0.4467863724082357,0.5257362473556976,0.4268662850540896,0.35274777038290733,0.38536314338312844,0.3968525960588678,0.6269772871984908,0.4414847074613393,0.357059047379822,0.38454213255234554,0.45956334004903754,0.5457667302301411,0.4391922649235507,0.3289188143797622,0.36139961686694183,0.39823318905768074,0.634389786222238,0.41964076357325697,0.3477294658516771,0.38483806809317805,0.3614124229263418,0.6089015931786117,0.4308540476739757
3qdm,I,human,true,2011-07-06T00:00:00.000000+0000,56c3ba8fcd29e3a7c2baf88005997a02,6.67,5.35,4.04,1.689402651902988,1.589421450360931,0.4423240291843672,0.624275535154462,0.7447042429347429,2.0695644344261237,1.8997537078095412,0.4197615970926385,0.7119732331365723,0.8358983381143924,1.2218886263480484,1.187503446247952,0.4949110199106548,0.6557009821829263,0.7409582346445156,1.6516535603841067,1.5238169984651815,0.44740112165553103,0.7799783763318271,0.8533897784195676,1.7010200838200533,1.5881482554741388,0.44704264837515817,0.6372979789052113,0.8465956734936245
3qeq,I,human,true,2011-07-06T00:00:00.000000+0000,3323139a6216785fa85b0d69793b5ea1,,,,0.7066660408210907,0.7657371703109302,0.48954048251122717,0.77376292994368,0.642695989466768,0.7334012239433259,0.7951174284369064,0.6996862628737642,0.7982989078791632,0.7366434437483838,0.5991484603916468,0.6478199384048474,0.49803314369126694,0.611737319000789,0.7338995915956837,0.6112965249919479,0.6921402583062604,0.5213818989548,0.7187757791878088,0.6651539872436283,0.5286472335565595,0.5801068697363625,0.501691168688578,0.7374878615377529,0.7191588527596946
3qfj,I,human,true,2012-01-11T00:00:00.000000+0000,68b685bf400403f31f895c53b2377cd3,,,,0.46756209436868656,0.4773092479113616,0.1909284550000395,0.4324104929316253,0.4141601631244679,0.4157690903217304,0.6156230386311187,0.2122529301635149,0.4220228694910575,0.39174499121103745,0.4170091854100034,0.4381454550716635,0.16026426862655077,0.38280421564656353,0.32822224828315527,0.3608702830846603,0.41235043968117724,0.17242877893533318,0.43400808551698555,0.3824949139487243,0.40109663793431105,0.5909529091052308,0.17344165217374446,0.36823762394175613,0.3836805467607987
3qib,II,mouse,true,2011-04-27T00:00:00.000000+0000,b489849c25dae3cc8563dcb75eab006a,1.1,1.48,1.77,0.2768024213879708,0.326606907426556,0.2989730994230631,0.3897241409659286,0.2970501843334137,0.2656606152453018,0.30646491134605375,0.2823592258408291,0.45526498556250283,0.27571485901092263,0.21990611563456705,0.2757284629748634,0.24332615168720012,0.47802655163585045,0.2724676725729682,0.23738438868418835,0.28501264800870457,0.2594812519100928,0.42154197960032075,0.25111440938992396,0.274457024691463,0.31016409844664417,0.23460546499959048,0.48564921723615145,0.2526919987148773
3qiu,II,mouse,true,2011-04-27T00:00:00.000000+0000,34cd94e7a475a777e50d86a7e8171cdb,0.71,1.08,1.69,0.39067287540193096,0.3705581251667262,0.20711905140248957,0.7202939412873473,0.2695385104588912,0.2970279690355676,0.3068637638817352,0.18394769918684198,0.7369318261161849,0.2698551573083668,0.413247164238653,0.37595451082453707,0.21330283697002655,0.7168831302648065,0.2655369421412401,0.3434785791938516,0.31892197358533003,0.16246834214551617,0.6879247827013262,0.25081389655043024,0.28065749614802016,0.2788947582293623,0.17807047473713786,0.7158355518081914,0.24883820508037743
3rgv,I,mouse,true,2011-07-20T00:00:00.000000+0000,94e74c761233bf24fb99b5de8aa56a8b,,,,0.31369786527761956,0.3802921459469441,0.26001570246193084,0.7706945218289443,0.2802592932258526,0.39605058382059705,0.4371804021930539,0.28265594282382217,0.7865076620206316,0.2847359378252702,0.5775868174703832,0.6067134536353461,0.2571255195282467,0.6591139079704825,0.25909517750726074,0.5661019463261158,0.592804043229692,0.28534562308879613,0.7243379881313184,0.25056565788332125,0.33531364913990214,0.39464649828015863,0.3221054610505303,0.617927126250034,0.2654523438762783
3sjv,I,human,true,2012-02-29T00:00:00.000000+0000,c854b8291ed2e4ea245a6551c71e1a7b,4.62,8.81,16.29,0.6558251142153858,0.8561676372035856,0.28181794619646056,1.7676750709328712,1.0349063843479474,0.7022579219308474,0.8453423243864727,0.30767007227187376,1.9289408050661863,0.9915206400198591,0.691097768775985,0.8171499809970192,0.32291598537595595,1.9184228661631835,0.9462509820291992,0.7303326271167517,0.9240474027328132,0.26094593689543294,1.6789106558406575,0.9519948792688631,0.6774659144880536,0.8418435747347228,0.3436601705049014,1.8830169054897616,0.8495938322660148
3uts,I,human,true,2012-01-25T00:00:00.000000+0000,9f4000a12f9ac519e827f738fd43d938,,,,0.9880639246800541,0.9379724104458569,0.3928581444816714,0.8000525926484794,0.571454446583572,1.2943346885428406,1.1995265797594046,0.42407544285819143,0.7869091272000663,0.5649695299695421,0.9295080103308542,0.8922447735856043,0.3984195797197837,0.8301558363741188,0.5728794538912994,0.9569572238161823,0.902777546971604,0.3940037210547395,0.7566998603577804,0.4890099697363879,1.463172915785855,1.3713005928324982,0.36013226328020126,0.7793038754894057,0.5040028519591232
3utt,I,human,true,2012-01-25T00:00:00.000000+0000,7c094d156b9bddc827746ca5d9f39b4a,6.9,30.25,19.82,3.1388401553147953,2.928843842577574,0.7545540036564706,1.0069893386631084,0.8078006739717126,2.9703872556216604,2.7615548687457823,0.7320226014356811,0.9094901032469697,0.7854245072555078,3.2655452810704233,3.113598679258554,0.7597203456442171,0.9114950648998987,0.7698361273832856,2.874061689106517,2.7121230996697436,0.7589614173973008,0.9798949840990747,0.807193105141978,2.690256371564521,2.5200733390906116,0.7601715290701765,0.878127539014634,0.8654054086092862
3vxm,I,human,true,2013-10-23T00:00:00.000000+0000,c7d998b59a8543d7d9dd1fa06c1782fa,5.19,20.74,28.74,2.0747578855952162,1.937112845896241,0.5255192358400537,0.5996568191282837,0.360425243951553,1.43154277694841,1.438197743905827,0.4295767555483551,0.7203851346237142,0.3904789131146015,1.8410289076825688,1.7639109429843356,0.45820858486851623,0.7103920664752501,0.35897468355796563,2.215988513234436,2.021844730120156,0.35229128675696325,0.7208271141422271,0.4059076254453855,2.3985877274815746,2.2500586063684866,0.5537593506421105,0.6928391364318782,0.36366951095713435
3vxr,I,human,true,2013-10-23T00:00:00.000000+0000,7e861fa6aef80607cf8daf51385313bb,,,,0.8780442926542449,0.8413889454739325,0.4374010924013991,0.8340894394925692,0.5205176777251976,0.852572479329,0.8243250988947778,0.4331397179798955,0.9246855531814845,0.5577788723760585,0.8751182579690227,0.8392388957625488,0.471708243361168,0.7063545307298835,0.5314243350895975,0.5933245523368521,0.6312169448096976,0.4039460884716488,0.6879076100488485,0.5175366965176756,0.854219757853634,0.8407494226613076,0.4436049641603865,0.7878518603506676,0.4508742895518846
3vxs,I,human,true,2013-10-23T00:00:00.000000+0000,81926c1d318e57bbee02e0aade2dcafe,1.42,3.5,2.47,0.46405534386527036,0.44257730888310315,0.3982526657315696,0.7366258896109442,0.2363065846350358,0.34706452183938574,0.35204933279061634,0.35243307600709317,0.7096679103330644,0.26834782564994086,0.4039367314609714,0.39376897368197017,0.41512386941071416,0.6550288491536767,0.2691953883219091,0.34521840253821107,0.34347843853724414,0.3752712801032884,0.5239653216208496,0.2539784258898654,0.28147731567788314,0.29048562665222466,0.35168561885618294,0.7555029197878633,0.24978834093977564
3vxu,I,human,true,2013-10-23T00:00:00.000000+0000,b6c72fc8b56f724a992af291053fe2e2,,,,,,,,,,,,,,,,,,,,,,,,,,,,
3w0w,I,human,true,2013-11-06T00:00:00.000000+0000,6e662204f25eeee38979d2a29a7b2999,,,,,,,,,,,,,,,,,,,,,,,,,,,,
4e41,II,human,true,2012-08-29T00:00:00.000000+0000,ede489eca3223add3c0f6f3fe7c0ac21,2.76,1.83,3.08,0.40693432718368316,0.43874632608314657,0.30139173299187877,0.46834051520815173,0.47552065951327144,0.45759306250351756,0.49939191468765676,0.2956279729876271,0.4401046592146448,0.47113698518360764,0.4134930569405984,0.46636402050552433,0.30973797175796547,0.3911762566294908,0.4683209141365607,0.44367764543720073,0.4664583501512444,0.3530352740131678,0.40489493779265434,0.4655524695352102,0.5143982738023692,0.541213658402611,0.36917063595680205,0.4507177750574366,0.48554603553530606
4eup,I,human,true,2013-05-01T00:00:00.000000+0000,980671c28e640c5e24bb57aacb27440e,2.68,2.28,2.26,1.700979847011281,2.419965721424784,0.5702092429157254,0.5958360214113011,0.9187633494627313,1.5776569963730258,2.284709952179956,0.5647312223601191,0.7157218637992591,0.8958794079798889,1.6283150591281828,2.262826452875926,0.5883194034324468,0.6482087713138994,0.9225815283537426,1.6350395724300146,2.278192794285583,0.6121559150440028,0.6029247372010853,0.8945205623168541,1.3820422171259807,2.0616226699995135,0.5454903501860192,0.5596724894445662,0.8386877286144099
4ftv,I,human,true,2013-07-03T00:00:00.000000+0000,fa22b47443596c5feb6e91e134a5af9a,,,,0.4046822840629904,0.4159718596240429,0.19369517470429712,0.41298807613252947,0.5845330959290392,0.2591236226009309,0.31112544287858185,0.20585748737720985,0.429490835373811,0.6386680996205147,0.29254231461753005,0.33556986944726885,0.2035728900644811,0.47071536458115104,0.6262514867112248,0.3045869244940601,0.35578092209264467,0.20645163164267907,0.36615434728221524,0.6037398998015424,0.18858827635542602,0.2692284200589734,0.22012192949800735,0.4166391412135881,0.6341453060619837
4g8g,I,human,true,2013-03-20T00:00:00.000000+0000,e17af8be0476a6764706feea2fbf5d86,,,,0.3979218126825954,0.4224995748731665,0.22295868952111106,0.504607968054653,0.25552440550823463,0.3299293089966198,0.36625512378688496,0.21316049508247364,0.573767152487843,0.29610839302147757,0.25053541569878857,0.32031011759162903,0.22754302178021307,0.6336858305337416,0.26017743202855353,0.3310220534010854,0.3707370301278553,0.22014408516212447,0.6430154291133939,0.29914778311923584,0.4094539844397586,0.41271053364426974,0.2140592924390539,0.5342677423761731,0.26743851861219775
4g9f,I,human,true,2013-03-20T00:00:00.000000+0000,e4b5f5d3fe2db2bca11a951f2b263c2e,9.55,13.88,49.05,0.4014487729119111,0.43637082327270477,0.16833375531761866,0.6981169033301492,0.2921830239070761,0.401391247850622,0.4195048766894835,0.1526675577899269,0.6832325041802193,0.31503226374628485,0.6941110429709159,0.7031271625160743,0.14933801282123108,0.6597136732002016,0.38274230155543965,0.39954713166739286,0.4325179074181749,0.1487189671455073,0.6948724983665149,0.3337708159098624,0.5420971494376471,0.5971672618215866,0.14410460232633057,0.6343418972981221,0.31804233358028183
4gg6,II,human,true,2012-10-24T00:00:00.000000+0000,b5ec30ac0b4c692dfe9e87af386815a8,2.53,2.66,10.29,0.8509023338639109,0.9264262033129194,0.4312834982097739,1.4009291289700332,0.46504680514839103,1.0516943758075576,1.061268252083418,0.4942686972567892,1.4508450808394366,0.47319077468365645,1.294494495831183,1.2899538808777005,0.4542106743697941,1.278489447808472,0.4539893733128142,1.1140153860709894,1.149855309628468,0.3871996682533947,1.3624219719010344,0.5084589354696034,0.7887407150476533,0.8725341399138352,0.5616456574799022,1.2643770340516483,0.4550743412016601
4jfd,I,human,true,2013-05-29T00:00:00.000000+0000,a95cf2c77a50957127da622928535b4f,,,,0.2429851229638526,0.2717215318877333,0.11778008314546914,1.23231145051032,0.2496354073523434,0.17523883687579322,0.2275392551150372,0.13736205501581886,1.2949398128351026,0.2333315770326958,0.2303852210803861,0.26802401103527973,0.12882404379389692,1.2480837023860591,0.2530362368963156,0.24594731319239363,0.29083196921120946,0.10781598520477013,1.2835658078943473,0.2469820618494384,0.14739307264618537,0.22170618173266984,0.1253902037742926,1.2297890783853396,0.23581582835881246
4jfe,I,human,true,2013-05-29T00:00:00.000000+0000,04155fc8d8ffc7bb3cad0f358c8ae051,,,,0.29216258262535694,0.3291215564424727,0.17076109071603945,0.9514999557785588,0.18568059816089355,0.1923354422622348,0.23209926155701047,0.17005985469570203,0.9730185257966468,0.17518070083693318,0.23143979624811994,0.2805720321446394,0.1717004647889426,0.9755957297473891,0.19205348329182673,0.2165122000133298,0.27653845794280085,0.14924699422322596,0.9936165914523789,0.16788399733732598,0.13690342659638707,0.18359991251829408,0.16287108936774158,0.9789815513965074,0.18497455776629676
4jff,I,human,true,2013-05-29T00:00:00.000000+0000,1c773837774793466b6fee096a4a2663,,,,0.14680952090188748,0.2104018248711472,0.16753821735322208,1.0258519367211247,0.23838379025082107,0.2423343818306888,0.3194750501652331,0.16018594691106336,1.105280815068811,0.26065163644236233,0.2231232358377064,0.2881760246772082,0.1707548047104005,1.087108524530215,0.26454098311290086,0.18418463000833818,0.22981684186556883,0.15798247810960225,1.086482466987845,0.26991153894776293,0.23094604108700745,0.27628212527096646,0.1918383080198499,1.0770586252812224,0.25447750615423664
4jrx,I,human,true,2013-04-10T00:00:00.000000+0000,d9194c7792356a4f8a1aae2c23658109,7.66,1.09,6.34,0.8410262092298914,0.9111699949274522,0.23318800086313457,1.0048140128220324,0.49995619508933403,0.5032081674900117,0.6178818627122736,0.1810644668300461,0.924554596278833,0.5000776342513379,0.6397915335518694,0.7215714658477076,0.21475499118471691,0.9460344796617627,0.5729643054807901,0.531409426003009,0.610167964344176,0.1835269972938102,1.0407886652292406,0.5161955533811394,0.7116604151311569,0.7623371779921227,0.24722577023211698,1.0860640504913022,0.5899527637068247
4jry,I,human,true,2013-04-10T00:00:00.000000+0000,55a9d2b5b3e215b38d2d8abf5fa07c30,,,,14.109277043458116,14.381505164603375,0.6064476665145221,0.9492483458475816,1.0112849285277545,14.262476681169431,14.41658558410975,0.4635194479711505,0.9197706722537,1.0327024818846189,14.110962926531666,14.261022330545622,0.6233891972818567,0.8636508164740138,0.9838257196891348,14.206266821599913,14.305380192051269,0.5609365026819034,0.790377564823735,0.9195960836190493,14.246402868235965,14.393856409371157,0.5443197680963727,0.8898424847824978,1.0000607147608522
4l3e,I,human,true,2014-06-11T00:00:00.000000+0000,a5601135ab9f38ca476713a3acb4b76c,,,,0.22983697354830065,0.27865390811272,0.18165287270479405,0.562952213177556,0.384149937221397,0.21572659724115084,0.28468078844046896,0.2003324410763785,0.5804299039108595,0.39299379730596,0.3538548305635489,0.3931926454712198,0.21205067072984207,0.5670101238529879,0.3981167652889378,0.2934732427556308,0.35389127358978695,0.19864035388873652,0.5977324317633524,0.40641393595710695,0.2497772709826614,0.2881403262336772,0.19680599474309607,0.5866476216479702,0.3898568478713181
4mji,I,human,true,2014-05-28T00:00:00.000000+0000,63af3b7cef5861cb92c7aeb123078efb,1.97,1.19,8.42,0.6895612496465793,0.714521708293382,0.33389039854410707,0.6496306020307078,0.44750194086640177,0.7133452565618282,0.7250428054752596,0.30861137596573557,0.6434483964001932,0.41877833412149607,0.6527084233416134,0.6913986625164169,0.3297522756398233,0.5558752831109672,0.42542934194571014,0.661972318810507,0.6921555082437032,0.3054905200564578,0.5922272265142469,0.4412007223902611,0.6240665663080041,0.6583227725594313,0.31331318986308887,0.6095918024103397,0.40061272607256987
4ms8,I,mouse,true,2014-09-24T00:00:00.000000+0000,636daa7463120f9f69cf621f7a783b67,,,,4.100427122388142,3.8778769397942807,0.5552669764621394,0.5518683336336311,0.4332569750592117,4.164563772387704,3.9160173906008433,0.5405579858166671,0.5358246742836316,0.4595703219124155,4.144459642523634,3.878364505694128,0.4946366456316126,0.5357268792862061,0.4506297092235916,4.250508201961507,3.996885122992442,0.5308476063612586,0.5958183934069468,0.4809918771003395,3.5923910082980512,3.388080889251753,0.5545128824481877,0.5364409508812603,0.445105120150456
4ozf,II,human,true,2014-04-16T00:00:00.000000+0000,d93006b1f8486fa30c1801fca9df94e0,2.96,7.62,3.67,0.765999574157568,0.829965694380281,0.8220232243010944,0.6641414908144905,0.33940554485350133,0.5203976377752073,0.5572470209849646,0.8398460307884069,0.5849386436110786,0.4156347455958255,0.7057832953838766,0.7121847868679371,0.8240925397966552,0.7237836514099831,0.5244872441013839,0.5016593647515488,0.5855898499375906,0.7537769013577068,0.6147800093968205,0.3995554540042139,0.6503421217558815,0.7182955407517766,0.8250409878562202,0.6117885429420302,0.41835748020548813
4ozg,II,human,true,2014-04-16T00:00:00.000000+0000,1085fc3fbc808d3d3fc5b01bd79465b3,,,,0.8424406581307731,0.8681865246238604,0.6422419447531487,0.6731082756641374,0.5740538850097018,0.9426589602210106,0.9741212906348397,0.6317763422252872,0.7708372536138244,0.6775247317794321,0.7858113315436784,0.8354435601670157,0.8013011816011948,0.7062914388691044,0.5914158659314582,0.9667145274208765,1.022268523681013,0.6797666306346783,0.6406202031574445,0.5852939054204819,0.825727612524273,0.8770275128017205,0.6159781650124335,0.6604058222303968,0.6225317372411299
4ozh,II,human,true,2014-04-16T00:00:00.000000+0000,283ed0ae690764a5b44e92a6a33ab4f9,,,,1.4389592676370853,1.4446476572682163,0.697035422305803,0.6430644986229108,0.6107523330570552,1.4578097724675476,1.435016088287701,0.7051775888140296,0.6120072795773497,0.6072885945106241,1.2928735590524811,1.2776538478992954,0.7111944860699756,0.6042666385320576,0.6345254061866301,1.4298846806321215,1.4274941450360676,0.6812439828069277,0.659318916868758,0.6098372251069444,1.498345173235632,1.46398081592392,0.6722128834960855,0.6668448667521187,0.5600026508861444
4p2o,II,mouse,true,2014-05-21T00:00:00.000000+0000,817759ba776138bd1ab4cdcb4e75c975,2.3,1.7,2.45,0.7970747442215137,1.0876082812665655,0.4630670800346614,0.6068289750680452,0.5775074286388487,0.7809538845964143,1.0881746331457958,0.577543069635987,0.41016951118312694,0.574332768726703,0.7258758453337743,1.0601912352613876,0.3276810392821175,0.42999150792876695,0.5694747075670357,0.7564720585891122,1.0717014392179771,0.5949909075751981,0.47560707038253786,0.5938152880756845,0.7272847924945702,1.0669536128001116,0.5749718539748939,0.44191438314949755,0.5463142004728071
4p2q,II,mouse,true,2014-05-21T00:00:00.000000+0000,ea34cc4c78cb978a7c6d3d85e6b34f52,2.64,1.41,2.88,0.26260929691047147,0.2839284505475802,0.1707469310471386,0.6824253230514561,0.2816350240755831,0.3429835545738009,0.3080735064967553,0.20780525099377464,0.6688030072984669,0.2812828064403447,0.29338111066703904,0.3138333998455526,0.24067038969808657,0.7057984559148478,0.2891584398656363,0.383803950472689,0.3700463075340959,0.21647068548339915,0.7260637552351636,0.32717627769185503,0.3479654080618987,0.3647673303462007,0.1774587062145494,0.654394970373227,0.3091890103619067
4p2r,II,mouse,true,2014-05-21T00:00:00.000000+0000,9cc37e276b5f586187992bff648f7a8f,2.88,1.08,1.48,0.29931119418484575,0.2943507424193371,0.12983191201921698,0.6845782448062578,0.3305117356267496,0.31043897364783657,0.3390726044917886,0.17083648971962354,0.66216613541241,0.249382315839931,0.4135671133045415,0.45419779425429946,0.11605434185299421,0.653559353836216,0.2582300067519658,0.24894521363595354,0.27955248670554655,0.12185794526248866,0.6948937917438337,0.25241359370561134,0.22590661677132967,0.2565312199072556,0.1259484399841071,0.6578398231932236,0.2393941431145761
4prh,I,human,true,2014-04-30T00:00:00.000000+0000,458c6fbad05fe7a08d52011820cce0a2,,,,0.4116239364638161,0.4441804282076547,0.2474838702859079,0.8296755345628408,0.31135725393039554,0.43928455330377125,0.4553495847134543,0.2728153853019037,0.666439982256772,0.3324958760061482,0.4949978983810218,0.5162424670487523,0.2660790892506246,0.6892813317336516,0.28482754637814445,0.49135282170813027,0.488951156647825,0.28115185768384043,0.8722374382461455,0.31308040497397915,0.4404429323120443,0.4802061228911586,0.26357853537092885,0.7701426249567542,0.2983781030062728
4pri,I,human,true,2014-04-16T00:00:00.000000+0000,c087748a5f9776a88d33a51f7e037d64,,,,0.3334701288114178,0.3954293725147657,0.3651767838677092,1.102072198077582,0.31831490025827525,0.6364624792578211,0.6507671538621878,0.3425482970688976,1.122864559542822,0.2749212414701797,0.2580145664134444,0.3085616576891629,0.3115526744513219,1.1319000706389228,0.2944339768166553,0.7164653151217732,0.7601691284554267,0.3115779187584652,1.060129005264297,0.28178363944116885,0.4150507420047191,0.4653545868866607,0.3254121628728466,1.0429285038760767,0.2647666239459647
4prp,I,human,true,2014-04-16T00:00:00.000000+0000,16982ba6d1598536b870356af4b18bff,,,,0.26053517732835463,0.3041878384980644,0.24078226452342721,0.8693610573053249,0.29705438355990926,0.4140279083597476,0.43576261526782034,0.2391777598821088,0.9911398706783479,0.3157692995047701,0.4685429554916538,0.4656132564711027,0.23841130277153202,0.921491667845283,0.3213809273357749,0.301597670162986,0.3369480558885999,0.1836398945852118,0.8851406289377037,0.33988738072295177,0.48780771091808833,0.48499870662676936,0.2706744725132462,0.8956198319785834,0.34816306160347393
4qok,I,human,true,2014-12-17T00:00:00.000000+0000,52cb1f596abaa200029667837a5ffdd8,,,,0.45853793652340213,0.5402023011377541,0.19183764256847935,0.7171607416485463,0.3220768671699329,0.4464355458895959,0.506834626165796,0.18801037853133404,0.763714966258393,0.338558809879676,0.5220352510363411,0.611769534527659,0.17702756320067733,0.837739275708812,0.7542160140409636,0.3584381686752828,0.44226270781851523,0.18187723753455878,0.7816226725003279,0.7835439777181816,0.3728671934034646,0.47379587363718023,0.20911014620761317,0.750172111815076,0.7663414142642715
4y19,II,human,true,2015-09-23T00:00:00.000000+0000,826e68300da5fb9e117b773d3226d26b,,,,1.0289143577564601,1.1884683213562985,0.32476198716941335,0.9810709835207572,0.38332637919501583,1.1775067060970812,1.3344135965743056,0.29515684834465844,0.8188890970994834,0.401579342290163,1.284832772066213,1.283189242100824,0.3160931715118557,0.9313614530920199,0.37443131513979966,0.9226674705068025,1.0368866195557023,0.34655496474910585,0.8895320246202448,0.35804889186880506,1.331235354613731,1.3417425211459633,0.3448162584938462,0.8991759561190097,0.4786610997524746
4y1a,II,human,true,2015-09-23T00:00:00.000000+0000,a457979c0e81298b9436b8aaf3c97811,,,,27.229894187007485,26.210027868612272,0.718123659346009,0.7180742952629511,0.8735288280464157,28.30272724425829,26.219385685332085,0.5690469936505059,0.7292901310845853,0.9230959431551824,28.636567062451025,26.517123279322643,0.5580352003142619,0.6821031386935427,0.836252760942999,28.378412098265084,26.268214832850166,0.5799500443559392,0.7812031654019085,0.826190971086273,28.423900206320106,26.354648455711462,0.6365324561045892,0.7103034870219134,0.8228847501555907
4z7u,II,human,true,2015-06-03T00:00:00.000000+0000,57e9fef25d478b8cd29022c80b471bf7,1.9,1.66,4.41,0.7173507372068305,0.8949181633543936,0.29483426036809934,0.6495905024350775,0.6413319151418932,0.9121502549448859,1.0730422470280652,0.2511463759856731,0.6867980492084726,0.6858006915247437,0.38353804582516193,0.538183240653733,0.21282055906116396,0.6826940028106966,0.6823077080527179,0.697769700246065,0.8537391900181249,0.3305293569064854,0.6971247789208771,0.708365211825188,0.6205321986407413,0.7904858648737445,0.333353783020936,0.7016615882758324,0.8802543385901811
4z7v,II,human,true,2015-06-03T00:00:00.000000+0000,2eea29073169046664ee5b26b8d7911b,2.35,2.0,4.12,0.5044767305242653,0.6017556732942034,0.3754810125622983,0.701389286280517,0.7847359047003662,0.7792506600681087,0.796736676818476,0.35898182038558774,0.7834613524403065,0.79994187928096,0.5048455335365644,0.6470123558956185,0.3959299546625209,0.748698529647389,0.76276078103896,0.6411970291125115,0.7416534185708472,0.44061741954843014,0.705990977895345,0.8091150053366727,0.6708851901386631,0.7636502876516454,0.4052217605782972,0.6981197014769853,0.7816660027318133
4z7w,II,human,true,2015-06-03T00:00:00.000000+0000,f2722e04bff9231af2be5cd297ead3b5,2.92,4.86,1.71,0.6205204599990227,0.7589248348256538,0.7186462570342237,0.6779319603916311,0.6287300107782665,0.5724134522680808,0.6672948524091584,0.7478618509537632,0.7149033562670488,0.5769913779538292,0.33280048784327937,0.499773617310711,0.734095921211486,0.6647226997761623,0.5651062734857419,0.3743644757217906,0.5004261588332878,0.7233388685887923,0.753099129629798,0.6127099049882785,0.6803493090323235,0.7377941550122752,0.7316236061895284,0.6604508314446309,0.6136067575084232
5brz,I,human,true,2016-03-02T00:00:00.000000+0000,eefc7e74a2abc77fb3caf6c4bd932ea8,4.45,29.81,38.26,0.667203560212146,0.6979652646349314,0.32978187523580355,0.43499936055433586,0.28789365025635566,0.7725428973779502,0.8105576592304589,0.34534698209527376,0.3086204040275362,0.260003959220553,0.6368852528188673,0.6517808532501737,0.3404775559276118,0.44344126341533463,0.2731588056708877,0.6224863847065275,0.6418027214040423,0.319921756413574,0.3655673894561205,0.22834009559923568,0.508403933493921,0.5535724610679961,0.27746268719539097,0.37601288428839863,0.3004289149020579
5bs0,I,human,true,2016-03-02T00:00:00.000000+0000,fb5f870f6de7a25ad6e717e51c3f7748,4.94,30.43,33.37,0.35205319740911933,0.3592138531784395,0.25258776278307626,0.26779101709099606,0.19656221516988834,0.40354334236938355,0.40907287495508343,0.2877100408445499,0.30309518213664227,0.21535932368624242,0.41092308105901554,0.4072969297227605,0.23794880840424007,0.27832720972637964,0.2163514422374849,0.3079084946857235,0.3242432758887922,0.24998298832257124,0.3563067863907874,0.24374923857176178,0.364052018636726,0.3723854844363547,0.2494529884218844,0.35436338964405345,0.1998537482653351
5c07,I,human,true,2016-05-04T00:00:00.000000+0000,dcc9a6ee8ef25c11b8351ffe600e6567,5.93,31.4,23.51,0.4093064587060412,0.44449695254903704,0.19174755894317308,0.5510665415632667,0.248942604777362,0.31841574301876874,0.3148130606327996,0.16731632857845494,0.5011999513804332,0.20816784774128028,0.3633603014357185,0.3766595702400307,0.184275780320199,0.3744060179331556,0.22686692541832365,0.2977706157329034,0.3122692826193558,0.18540503437286934,0.548292489764575,0.21867702644092377,0.17549348235784137,0.22043289691347873,0.16575703804507544,0.436418230302755,0.25521251147251917
5c08,I,human,true,2016-05-04T00:00:00.000000+0000,1f3b3c83f10fe434d3ed9a2aac42426c,6.05,31.62,27.46,0.4296905711033245,0.42007701464112546,0.14122992692090697,0.5351410680613734,0.30901890349969263,0.19947923402385548,0.24216732161276602,0.12661206382336088,0.5974925865834247,0.2690115863917459,0.19915341559924885,0.2589713057719679,0.15564960870780167,0.5897020230115673,0.30330923512815194,0.40069904960836783,0.4108549405689074,0.1412835743603037,0.5905620595576209,0.36683792195135856,0.4004136858739038,0.3989298759179585,0.09950244923985369,0.6007224284349024,0.3138612359657902
5c09,I,human,true,2016-05-04T00:00:00.000000+0000,17c45215a25c7ea7a36697c862ecc882,2.71,26.58,29.18,0.36594951674767545,0.3994427353711482,0.21624987007607216,0.5479227829478684,0.2792005133280838,0.2834447260016568,0.3007815814302919,0.1982160433319682,0.5065164844306546,0.28592658638227875,0.3691660085595719,0.4010678394875906,0.2601429189130004,0.4434500922383313,0.2748670775030803,0.23333128278377674,0.28478818899851,0.1729262952980932,0.45502556843894765,0.2719882083993662,0.3804291918206516,0.3990383473832882,0.2260149302463113,0.4510850004671242,0.27446245510361883
5c0a,I,human,true,2016-05-04T00:00:00.000000+0000,62b106b2429df88b17c71c32af99456b,2.41,30.89,24.93,0.559195544613557,0.566115595306714,0.1430410756435963,0.41919663416667624,0.22829950734595583,0.5082106581652247,0.5259823765907433,0.1630056030656647,0.3658793479920178,0.2849314113694547,0.5473274383310635,0.5483904814513662,0.16480755285316295,0.4323677705130648,0.2592233643216374,0.6705784016674419,0.636515741265356,0.141610398305798,0.5089287111026456,0.2644299363465764,0.5436302358868105,0.5499966054049196,0.13657416177540577,0.44113269335868094,0.2555670950581424
5c0b,I,human,true,2016-05-04T00:00:00.000000+0000,3e76347df6b364d2e2069393b5e41f1b,5.78,31.69,32.11,0.22745448757152126,0.2594933734045175,0.16665732142879877,0.2861524541712844,0.2707700643147042,0.18902386452442027,0.2344911287332579,0.198430338928577,0.25306529540120837,0.23779732179416155,0.1849971160172151,0.2536550818543646,0.1724138087391279,0.28121372539374256,0.23644308341415204,0.2746345889811328,0.2854001432252494,0.1747037479029587,0.26505551686147255,0.24351016344569087,0.20253618824514738,0.24934771613542003,0.18379349688258503,0.32455592993063087,0.24985128223714517
5c0c,I,human,true,2016-05-04T00:00:00.000000+0000,1f258846805df2ff13e55c952e940d21,6.16,31.25,25.45,0.4231001817512737,0.461469713310209,0.1641334561875305,0.4721126381513808,0.5377513872305885,0.4021769939811164,0.4187823448962775,0.18729780643076802,0.48767971179591507,0.5612849190882802,0.34315808946367315,0.3896529864486585,0.1841239229903441,0.5170143104765702,0.5511299327486496,0.41557694156999153,0.45802508903261163,0.1668960322194517,0.5223279287683077,0.5471033453265377,0.34913288317822067,0.382675567554938,0.15972063015527563,0.4723663974817508,0.5496602044438653
5d2l,I,human,true,2015-10-07T00:00:00.000000+0000,8a30b2ac290620d70cf7d5eb6a341e7f,3.01,19.87,18.68,3.0002733369236356,2.873442688868229,0.6786677743154305,0.9943647261324802,1.2007320717658094,1.7965287136431773,1.9480278164275766,0.6528388738792678,0.8710054916771565,1.0678105388389303,3.0557633499704475,3.1105055595268767,0.6775082866416848,1.1506599165221683,1.343320376745233,2.272270651533836,2.328273170161766,0.5371411287371928,0.9315138734452616,1.1050252450768439,1.951954673071819,2.1452287178354776,0.6061491892323702,0.9838005910704284,1.1948021363994104
5d2n,I,human,true,2015-10-07T00:00:00.000000+0000,776301ffc0fde8f1d4fe83bd7f50ed0f,4.98,16.07,4.34,0.45581704747598045,0.5397740904671764,0.2242815542791865,0.4827750917686704,0.9938102086465936,0.5820899401241859,0.6768928764436446,0.2646067499475141,0.4609961369292262,0.9446538274225978,0.6139852716896556,0.6518604647573728,0.19275040722044232,0.3632827338422056,0.6881321163325526,0.4803890151775093,0.5324463250458941,0.30070274404589137,0.3508537692200367,0.610191447041189,0.49530800773734646,0.537911387994459,0.24353635039585395,0.4400594428875183,0.5847670648605574
5e6i,I,human,true,2016-10-19T00:00:00.000000+0000,e9832c8ad0c064a3eab06b9646d44df6,5.87,6.7,6.59,8.684953727482453,8.426945280470985,0.7009203430576102,1.142017178427977,1.1039873537778313,9.057581975431129,8.773517235092498,0.6560391238360568,1.067823969942644,0.9565606296041228,8.042106502420962,7.892205570108953,0.6955552561277742,1.0723371270247242,1.2047209903241043,9.320043353857285,8.950135200182494,0.6045131813108126,1.0380271759066704,1.0671061181154775,9.44426188654021,9.185084291517517,0.666441482431433,1.0803367075862698,1.3039698390796859
5e9d,I,human,true,2016-06-08T00:00:00.000000+0000,c96440ae3c6acd523d7a82b04b3674ad,4.36,4.87,48.16,0.20765946114441058,0.20053427044799166,0.1368999902954347,0.4422155433794891,0.2337353905831454,0.5284564844140721,0.5279788625600729,0.12957686981288727,0.3823529647052191,0.23400107295088093,0.28376797099482665,0.2846348592189474,0.1259337643252734,0.40850941764548243,0.1969263314150834,0.26037538162325113,0.26547398707127534,0.13506463291605336,0.3270343283093603,0.23424275287990837,0.44922814563512564,0.3905135249701312,0.11455104553592352,0.5514972602289719,0.23043846770653564
5eu6,I,human,true,2016-03-02T00:00:00.000000+0000,42f22658c4ba6a021a22c0bd556105e7,3.29,9.43,6.02,0.16956324997913888,0.21118775443526958,0.14791517602607884,0.41972705431326013,0.2925460038241126,0.23243877147431177,0.24332193702390273,0.14840663486771472,0.36283946201582523,0.26973332629413843,0.17162340596391865,0.20416975480286947,0.1336327961301261,0.41985221117583554,0.2699100963565476,0.29184106131971327,0.3173326526927295,0.13064634464287572,0.4174961315717565,0.2529560033745341,0.31061641804912904,0.31417449241264667,0.15411313070118723,0.4016486313107873,0.2538356622459735
5euo,I,human,true,2016-11-23T00:00:00.000000+0000,1d6dfeef5c22743c54f4223b0a733e5d,,,,0.7253559766676608,0.8658148301258692,0.1314155039876106,0.6666581531661772,0.7553471118170451,0.7292581048640373,0.8413905484979408,0.16217276666780903,0.6675895878130813,0.6844745332741567,0.32272756990910706,0.40546674079937506,0.15230658777189263,0.6477331374479243,0.7133573705770644,0.5154373350914175,0.6385408158992132,0.11729570098647427,0.7547621197297435,0.7417405449948187,0.828529844846818,0.9532771499706587,0.12760938645056802,0.7076499866445254,0.7762672849131043
5hhm,I,human,true,2016-03-23T00:00:00.000000+0000,ba658f497297d7e0c19fccaeb63ecc17,,,,0.29680777863605434,0.33652796312628147,0.17568576720320492,0.42073394305340456,0.21952814913817914,0.3735369169651627,0.40950360985386675,0.1627102940294578,0.45240068400428124,0.2269077286332633,0.19636579095634002,0.22870131454916834,0.1505070900489709,0.4297577305811236,0.24546977018366015,0.3173551466911073,0.3169687880262181,0.16817510936047944,0.4339260353321223,0.21296730237309744,0.19592683082483406,0.24572306293553545,0.17444053555069025,0.3811285631839461,0.2155268205378661
5hho,I,human,true,2016-03-23T00:00:00.000000+0000,64c6b67d9ee71759dfa8ce9c6882dee9,,,,0.4245591714739332,0.4543225080917725,0.17015212785276124,0.5319583443232463,0.2544604214216074,0.3333109591511697,0.3707589823759395,0.18438364369260352,0.5775301785038267,0.2608189498479679,0.34261313090389595,0.3703486530734086,0.14462785103720457,0.5956020923662361,0.25077238441650684,0.3255943349279543,0.3555102546084529,0.1931923882876594,0.6155468156740168,0.22327248470930114,0.2595093040369604,0.2945759751708555,0.1806288849954902,0.6520661672163769,0.24031820014716748
5hyj,I,human,true,2016-05-04T00:00:00.000000+0000,30f593be1c3392bd15b06b576e777fc0,,,,0.6738535412534651,0.7092946083118077,0.25656254130253603,0.6791923311322362,0.38244476033446456,0.642906042309803,0.6399213660334352,0.25627594705742995,0.6834969008995593,0.3830756848323902,0.5060578842498504,0.5465305150877304,0.26281188815892353,0.6352696772461048,0.39615636398380283,0.36706781699230534,0.4345267695444238,0.26362526256210644,0.6837760302832683,0.3938636197665615,0.44192754920539334,0.4864298032023577,0.2296847474088561,0.6561333763806446,0.38216914928635415
5isz,I,human,true,2017-03-01T00:00:00.000000+0000,2dc78ab08b7fb39f0b72bbd2f09e17e5,4.44,12.81,13.98,1.4705642720206709,1.5463870832485953,0.19752271978432506,0.5185128070863702,0.6361398919004592,1.3886377208717244,1.4666498225458555,0.19361949304568407,0.6059801023754962,0.6175124822031848,1.6756065622559264,1.6965901215610764,0.1797645660405799,0.6357457693526717,0.5858526772918866,1.3609321248286785,1.4284359884708944,0.14741783026379435,0.6783637838215547,0.6156606362803713,0.844030186671897,0.9088057797024693,0.20622296583065894,0.4441910799438564,0.6066293587847773
5ivx,I,mouse,true,2017-03-29T00:00:00.000000+0000,1d3c2889f46ea790c30cf25cbca3dd9a,3.64,2.74,2.02,0.34227184909193076,0.3519009842197634,0.0907596451023692,0.6345249174717533,0.17246391773719763,0.42981830179291947,0.4311182709003872,0.1098408572369092,0.8249199751976533,0.17503991200432828,0.3093797539295038,0.3325792344811996,0.11977689494541645,0.5837734648041114,0.1422800333356827,0.38404427699792787,0.4175563625383282,0.07200397569418945,0.7561686670049174,0.18374478906991065,0.38124587913281743,0.4011835522990367,0.130043509061615,0.9533362728471307,0.14940929121822522
5jhd,I,human,true,2017-03-01T00:00:00.000000+0000,bc86f925004666878838e160cb20da22,5.53,2.77,18.7,0.6721723513881838,0.7074722552076267,0.28442741403224786,0.7312407603259009,0.44402305976694967,1.2079155180727772,1.2139921239092626,0.2588274024794232,0.7311723596849315,0.5174327814264424,0.6497540326529938,0.711994038280955,0.22828735502876457,0.6862354057810961,0.49595879261870957,0.8480526085927064,0.8480972153280586,0.26770605984814133,0.7669363036483576,0.5231616813946225,0.6356499501924996,0.7188148693178011,0.23418562083252306,0.6925443604649713,0.46561076949756025
5jzi,I,human,true,2017-05-31T00:00:00.000000+0000,2798549545b820244e4c1f8e6592ece6,,,,0.5974461482322819,0.7371400056373804,0.6369836333923979,1.1679780379460691,1.0934499360930765,0.7589315462549013,0.8648586838500393,0.6630199880909191,1.203055656755998,0.9314799520746082,0.5576978427712159,0.7079097904796721,0.6025705653768932,1.181488683430727,0.9534540224428749,0.6564917560393358,0.7665496766783184,0.6324696121075878,1.1710238792265233,0.7786174042927406,0.6036454258549113,0.7021070586029395,0.6457292617936404,1.279427332618437,0.8659920459478865
5ks9,II,human,true,2016-09-21T00:00:00.000000+0000,37f9991982382eeff8df10a51cdc5302,2.28,1.96,2.16,0.26662276263713613,0.3532933733170719,0.4283602902983661,0.47672310594351475,0.3919757932207983,0.2877731502468468,0.45077718666550504,0.4630227635068192,0.5433291669517746,0.4266658881989705,0.4427191236967593,0.5914494608949766,0.48121949731930985,0.5382815142177049,0.49545059326612423,0.2937937095754476,0.48560969321866837,0.4368265326539247,0.5549911506209669,0.40421963533362176,0.5802708435356762,0.6614414689728352,0.4962470050641607,0.42806310523452007,0.4444342577011175
5ksa,II,human,true,2016-09-21T00:00:00.000000+0000,964fd9ba182de8b9098ec825b4565570,3.97,3.9,3.46,0.3150666540800265,0.31855317544164674,0.14535551556416806,0.40063732678122554,0.25514108449371903,0.2033698896436032,0.20761187824387461,0.13230267820272124,0.5901202991365697,0.2115477531212479,0.21136892211998212,0.21636425428671116,0.1402639169327622,0.43024514710573264,0.254762260985975,0.28085716842835207,0.2585590472718429,0.12430909307626854,0.5747091543626789,0.21650526269958964,0.4671678492194219,0.417297200027297,0.1251139599580216,0.5204678210703898,0.19664615317664605
5ksb,II,human,true,2016-09-21T00:00:00.000000+0000,fe1ed08c44165f9f44048de95567ebd5,2.47,1.57,3.23,1.6229380460454277,2.0512488003832234,0.5941955383383407,0.516185128752857,1.315840209561704,1.5367066431234735,1.9730246812826622,0.5665420695133495,0.5536267250063721,1.1840308818462466,1.5190826398523156,1.8427220717388624,0.5622593404689783,0.5231193253209414,1.1487641898135972,1.4392145046832951,1.8138966948642605,0.5599064927111037,0.500074783994191,1.0569488111444498,1.4303555012519953,1.8807352927804837,0.584642590268353,0.4982063405792156,1.1917296019580725
5m00,I,mouse,true,2017-12-20T00:00:00.000000+0000,70eef31cc6524e20ef4803910f9a3ae2,,,,0.23316223744538064,0.23910876310643792,0.09682449266099982,0.4586129990781372,0.2393826825314279,0.2712040587528889,0.30158635580332244,0.11633194290266494,0.5530260299282419,0.20709154741001137,0.41226303260762415,0.4246515393684169,0.10897995159137387,0.5481956169821998,0.19660380933468197,0.20235548875725373,0.21556376102980299,0.11095202649688915,0.4643613786054824,0.2184186068799227,0.33603666014588734,0.3403422572540739,0.11406753856200023,0.43605073811708206,0.25598355411549506
5m01,I,mouse,true,2017-10-25T00:00:00.000000+0000,84a4b144dbd69084a27029fc5e250a64,,,,0.19679634539899066,0.23986956649557992,0.09576568204703707,0.5008280142311793,0.24989114651968067,0.30952554017883993,0.3208063842514732,0.11572588023799528,0.55821268489784,0.29621495255297986,0.37702148286745435,0.44879474056144986,0.10264137472942339,0.5169725404549407,0.2812631450918176,0.2791261481067617,0.29180335910699284,0.09560660467944218,0.37895520964307017,0.292115003471399,0.2738272489191943,0.31040074222054587,0.09888362758642617,0.3806075991257746,0.30587265859890617
5m02,I,mouse,true,2017-12-20T00:00:00.000000+0000,ba4a504e4bc643aaef788f9e776664db,3.5,4.69,4.97,0.4115669047876107,0.4406154952762785,0.12358257822910516,0.5099024153099894,0.2541401588429672,0.4039441163318612,0.4390750378523238,0.10883593284037157,0.46425728644967373,0.22098826431015536,0.4518195339935779,0.46835978143225115,0.10482351939456513,0.5294622355397107,0.20384220844499049,0.3231020789215998,0.36739266133658427,0.11830946005247849,0.5938529184222728,0.2220796944734017,0.49742990822688,0.5392083778214496,0.12889570652152335,0.5124831890907963,0.2650940707315526
5men,I,human,true,2016-12-07T00:00:00.000000+0000,db1b44fcf2b83be55e8ecc71b900486e,5.47,1.79,1.84,0.6975349205033022,0.7439284818186761,0.2798015177579359,0.6377229400994547,0.6307856184877959,0.6344093088303951,0.6643005350922172,0.30345960806380745,0.665307178236337,0.684957501599986,0.36462162284901695,0.4380859023364235,0.23605486396968686,0.639297432827595,0.6335170273561572,0.8651008283933144,0.8959549683278762,0.2632875720510625,0.7327532295964896,0.6402944842459051,0.6150246743697478,0.6579857667108238,0.2684950512853974,0.7220478282616763,0.6805022088483201
5nht,I,human,true,2018-05-16T00:00:00.000000+0000,08cd5fe64db69cf10a94e1432bafe686,2.13,2.66,3.03,1.055761269787055,1.0471935981519196,0.5644002983043779,0.6257950399383571,0.903326351018837,0.8648353034870779,0.873666815717814,0.541691851949285,0.579323885874441,0.8454754116753995,0.9798587003615089,1.0342591893668591,0.5519346272376857,0.7285392249369482,0.8980316487124632,1.0323623945050686,1.0762241767998597,0.5359927478570429,0.617992180110348,0.8655681275590646,0.9056551782697629,0.9797643994291234,0.554596569015511,0.7110695916252922,0.8939168510171586
5nme,I,human,true,2017-11-15T00:00:00.000000+0000,c46e8c5ce0c03b1ffccefbf9c904d748,3.86,2.81,21.82,0.3355884330927684,0.3513815791128404,0.3924147448167346,0.566760470475707,0.3550283309787931,0.4321094131001719,0.4529525502360903,0.3937625956088937,0.5801652837566305,0.3560911507129627,0.2931565297682048,0.3540149398101137,0.40619276510521873,0.5934227615030641,0.4008062868418039,0.3740692905492221,0.399634461081594,0.3876468291452442,0.5757273025458177,0.3749840322853515,0.3992163720906152,0.40279117989556035,0.3623928227582157,0.5567809394161984,0.3841897533616652
5nmf,I,human,true,2017-11-15T00:00:00.000000+0000,6defb4e3c005467ddf3ecaa47c1df426,,,,0.5338978455851336,0.5127446394507771,0.2605266384943717,0.5737668431450964,0.38423435844923837,0.6220730486118893,0.618105977546507,0.2584967886243716,0.5923252565698612,0.37351786461000996,0.4498687396966278,0.4362063160643779,0.2568338840372227,0.590534910268392,0.374469753978571,0.6693939387499125,0.6734930354309175,0.24466525791174862,0.5882697227557442,0.40383461058685766,0.6379949943234208,0.5876670306212664,0.2874543632335217,0.5935665145247258,0.41520966164257295
5nmg,I,human,true,2017-11-15T00:00:00.000000+0000,07e9f550720d885a93f528bd8ef44fa8,3.81,2.76,22.58,0.3674671870324151,0.3875820122452912,0.1564952561537349,0.43983624033642427,0.2663122621707871,0.24319805941535846,0.23956030697361821,0.1556722501471452,0.5135230219963696,0.2728199171009242,0.3479225995017866,0.3427751266303911,0.15656295086754132,0.4425475150665527,0.22642506880188132,0.407464633765407,0.3679961015705751,0.15896755222492584,0.5757827012881329,0.288372744656639,0.310321883457162,0.28301031680034866,0.16902640609360214,0.6110140414590509,0.23554739556822846
5nqk,I,human,true,2018-05-30T00:00:00.000000+0000,5edbff4c49e763631cfd57b36ed549d3,,,,1.0864057781346141,1.1784743041053907,0.4599580434365407,0.7076429715915675,0.8841741539812263,1.0670829832737514,1.1658475432040285,0.45456243333557045,0.9346872207571025,0.8584781115482556,1.011931132358152,1.0339550836005822,0.4699015097356772,0.7642547505723977,0.9281207178119973,0.8862929017559077,1.0364138569936368,0.4811638372152232,0.7358324747650878,0.8592953970446835,0.9759938106921978,1.1080731307410672,0.4736860542539669,0.8108574278459342,0.8887052818258888
5sws,I,mouse,true,2016-10-05T00:00:00.000000+0000,a0a69597aa56ab7d090d6c0a1f939c46,,,,32.10838313404633,30.391699508332575,0.3503263070236838,1.5574915347827036,0.7783908048271858,34.37198877591674,32.827331691746714,0.2655500913879396,1.2776122500541565,0.6256000204693576,32.902647369302734,31.262733556426852,0.25371011408523514,1.4729889166252248,0.6110699428986249,32.60710609457353,30.923490684178336,0.2553122052621538,1.7661692482509745,0.6316377594966239,1.038156043673563,1.039613986241761,0.28065436637709457,1.3442358650777826,0.6799804851912228
5swz,I,mouse,true,2016-10-05T00:00:00.000000+0000,a6f5d3142e40ad78afca4927eb9b4f77,,,,31.954293583407154,30.090091802302773,0.29041000700928427,0.8700268163460066,0.775632504898072,1.1270989747165856,1.281469941469716,0.37705961943510935,1.0753844092478282,0.8684138494165186,0.99793407822129,1.08258681024609,0.3148779310232619,0.8558851769839332,0.7860357063206171,1.1868480716728993,1.2894105998084666,0.30560607809821017,0.7930481392652806,0.7639278272167122,32.103188358820965,30.070340762198043,0.2919593188357482,0.9792071754512507,0.7012406121497686
5tez,I,human,true,2017-09-27T00:00:00.000000+0000,aab2bcbf77a81c1d9d2335c87adf30d9,4.67,2.03,5.32,0.9467095323533208,0.9395517933754598,0.23509681483772138,0.6503473615552146,0.44994097467080396,1.120311912059622,1.1099108650169378,0.25530008691816125,0.7178807404751767,0.44816122926689383,0.6250879698219475,0.7746811591984224,0.22049548197268082,0.8464445260226546,0.427266143699823,1.062767915568404,1.0644204951049074,0.2901941173432378,0.8241838813455811,0.5341765208792135,0.5227666620637245,0.5776629256659247,0.20726440654356196,0.6754956846816204,0.41170645890748786
5til,I,mouse,true,2017-11-01T00:00:00.000000+0000,1c322907efd3ddf887944fbcfd8c203a,,,,0.5309977337718123,0.5361114565041086,0.20771844330851302,0.59695959378841,0.4616466382583191,0.7309063551230093,0.7166831130291116,0.2078849916589402,0.7056236640011422,0.45579105344515763,0.599036406468509,0.6477562744054192,0.21974696655461526,0.7066783941904405,0.46620152973310586,0.6849657596570509,0.6748909530314819,0.21274673668590363,0.6202506768109384,0.4493931905635915,0.784730921833929,0.7928646865867712,0.2404397874945463,0.8614594360483817,0.46947070058822443
5tje,I,mouse,true,2017-11-01T00:00:00.000000+0000,2e4d80122f93a257265577c7e9e607eb,,,,0.41723962794032654,0.48854296633564487,0.24616490893384915,0.7618842491421515,0.48339490831596,0.48293968137765175,0.5125422524450761,0.21120062107911755,0.9144088711996364,0.45504435980356434,0.6108827220989136,0.6334200078480253,0.23585475941978987,1.1514793827187875,0.45416592411360074,0.46744768825698224,0.5055644253664988,0.24268398395947582,0.8276101567529364,0.4854202439045068,0.5378973943133004,0.5834780280626279,0.24476915022508136,0.911389992204142,0.4830441006319377
5w1v,I,human,true,2017-10-04T00:00:00.000000+0000,d8058250afd030b912178a0d74538e17,,,,0.5974821370382297,0.6304125018876067,0.27480490497127064,0.6474472835792567,0.5432066280018273,0.7378896477609783,0.7900644587230375,0.24411144616349864,0.5774821598790763,0.5796123467718898,0.5080811965905035,0.6472669871078907,0.27887407965052674,0.576059541040994,0.5384936576392358,0.48447236225525536,0.51833404100286,0.2611525391511788,0.6179675393661583,0.5687148329343555,0.5797597104551316,0.6945580381763643,0.2822767045062965,0.6069053663109077,0.5386721174753719
5w1w,I,human,true,2017-10-04T00:00:00.000000+0000,03a629647ae9b4fbfafa012aacff7dc0,,,,0.34955919519219597,0.37321880585727013,0.17268119751788316,0.5649750516181862,0.4396591711231009,0.5821683390773612,0.5593365949367782,0.17945775868955458,0.5499629687126503,0.42382583444011046,0.28843149528865963,0.357580485398214,0.15226307862525745,0.47058652418951613,0.4047198439593739,0.3026220446341289,0.35466894625897716,0.17510022295276897,0.5155884221458701,0.39152165891476853,0.5556972061456886,0.6053034578074745,0.1938097512131683,0.6273052885661071,0.4267015370460124
5wkf,I,human,true,2017-09-20T00:00:00.000000+0000,b715dddc3a7ab8447296b7d65d20766e,,,,0.3039144076856919,0.4716386977877943,0.29094520925516076,0.4444035553427518,0.42133593028776395,0.44779433827321874,0.5493702974677679,0.29385302463333957,0.5011537989888813,0.3745525880771222,0.30254691627092867,0.48268276913922487,0.26359203604325065,0.41248865897549364,0.3747599422089576,0.2808003192070335,0.4324364528505597,0.2552130949045937,0.47528135624031953,0.39257039855323766,0.3495776130727249,0.5016120992761689,0.26928181726429523,0.4962353879642279,0.35708878275065453
5wkh,I,human,true,2017-09-20T00:00:00.000000+0000,cf6fdd724bf35261e43c37c42b092587,2.02,10.71,18.71,0.4378173246139258,0.5360517574903642,0.21100014853285215,0.5409226331819015,0.45420198946011037,0.5177358213650071,0.6110665842301607,0.2020793522654779,0.4398649351338791,0.4436041497606398,0.4907414305702248,0.5867710785123114,0.19146931350050334,0.5159188741600581,0.43534278692143064,0.47279460108652416,0.5935441615070964,0.2071532530888536,0.4914303969606375,0.4823468322333485,0.48899197950472256,0.5796918238405753,0.18203740671792087,0.5067107581990535,0.4483271141663475
5yxn,I,human,true,2018-12-12T00:00:00.000000+0000,204230634f5a1508c7b504b8bd4f3f0b,3.05,3.36,23.66,0.3448563858181287,0.3922039052859067,0.21197315867943542,0.7823821887352919,0.5375885784257464,0.40150697631048954,0.4317687820748991,0.2117929654301818,0.619037935743903,0.5916987661315274,0.38837973120551866,0.42901654651249876,0.2036004285686772,0.559898988520656,0.5412496943856371,0.30944882796727974,0.3519861762345263,0.2540933260214319,0.767773895997576,0.46503514788938294,0.36339961970521006,0.384322666434462,0.21826327118300212,0.604577661056134,0.5755910524017892
6am5,I,human,true,2018-08-08T00:00:00.000000+0000,88c4ded60565c1a837b8043be3f7f85f,2.54,4.49,6.82,0.12885351863949773,0.14099464809136714,0.07042265624163901,0.5071619978337755,0.18173550854575976,0.23416170501877415,0.23938557880789357,0.07784859253411663,0.6168858154673164,0.1878913958500056,0.3232997784127121,0.3125919243931745,0.07642709662775717,0.5364242879782989,0.20115974660561747,0.22124872569546378,0.2251456396643051,0.08244528514163492,0.5982990523465821,0.1921107843818342,0.1647712094470567,0.18447007131228746,0.0698384681234876,0.6369862701760998,0.18474117310792695
6amu,I,human,true,2018-08-15T00:00:00.000000+0000,f0d3543c4e85aa9141a6826400fb5a2c,3.38,2.86,3.56,0.17187546405888982,0.20749942069064928,0.22444401400306818,0.7459573697638943,0.20628262898381677,0.23538360843898917,0.24978010458347014,0.13618364457005402,0.8140948215985546,0.19853457392498655,0.19431125978713196,0.21375425941383716,0.17978898345939964,0.7702107050228911,0.18302318229335215,0.22494093314869812,0.23577092463485116,0.1745277565684731,0.7719091097725929,0.20174725884027114,0.2801901477717743,0.28473240464590566,0.2325995229182423,0.8884848770359481,0.20220296366409185
6avf,I,human,true,2018-02-28T00:00:00.000000+0000,399ca62e2d74dfe34aa13b411d85e9d6,5.83,7.73,8.26,0.6633688408093884,0.6411161822896692,0.27615899034384606,1.0312073971858993,0.27107703709069936,0.4214728829589662,0.47033038859303766,0.22162883151975704,1.310147455356451,0.303066107265438,0.753329558321753,0.7012705915682215,0.21663482843825277,1.214909899274179,0.32768493113519487,1.0884734688122106,0.970167020524203,0.2879691690353388,1.5164174640821597,0.30105019446150977,1.0141431163315853,0.9043935771550022,0.27809727101316056,1.112630042266812,0.31524697572602994
6avg,I,human,true,2018-02-28T00:00:00.000000+0000,1e75e0c6462671027fbf3e7764c91223,5.9,27.09,21.56,0.1848247669383095,0.24801703892254268,0.44120222290294747,0.5107354537700713,0.24905193259775496,0.2960789157346227,0.3446892845122006,0.4875074581275206,0.5343416593220585,0.24271359281939997,0.39887355049941814,0.4458653853578486,0.4175325498598059,0.628548366773204,0.2433142180818882,0.35571437691183916,0.3957884955815982,0.4569435088288094,0.46098297844820135,0.24112817148685606,0.34378671979447095,0.3826849614414575,0.4683647128887294,0.5880421513902855,0.2382191142348403
6bj2,I,human,true,2018-07-25T00:00:00.000000+0000,9bbaf3146733367b236f14fa28ccd768,6.04,9.59,40.55,2.749968579936353,2.895743834566928,0.578816976355589,0.9725831252731334,0.9734972256288471,2.61422829421612,2.9019572039918633,0.7253410961401695,0.8416824512020205,1.184529483308059,3.2939655193392157,3.440216060888312,0.6385672183938684,0.8469223398970357,1.3273898113362586,3.0169726869443956,3.1049479314413935,0.6348080585568513,0.8486402637496125,1.1437791288338437,2.757438436459609,2.877403094949491,0.6743258117961153,0.9648564272005354,1.2085526095562003
6cql,II,human,true,2018-06-06T00:00:00.000000+0000,2e39b619e57b31378d6bc0cc68834ae9,2.63,21.79,49.52,0.6827240326090368,0.6296146984839655,0.2887720850721857,0.6347278065459019,0.3249075097900658,0.4281791761432176,0.4312642991831324,0.26459409112299825,0.5375338189330006,0.3446000977611598,0.5084767833815286,0.5021450202103078,0.2753798152985934,0.5721858920540654,0.3704897205299745,0.510752144258379,0.5155935069464609,0.2836325407747377,0.6296693523776662,0.3524860681665074,0.5972992020193513,0.5713762590280105,0.2803311716756463,0.47977882797142235,0.367075615228581
6cqn,II,human,true,2018-06-06T00:00:00.000000+0000,5a26647b21ee6c40d086f06851514fd0,,,,0.4543959105458192,0.4340168994916596,0.18960425664188488,0.5032227490822947,0.2667459723313416,0.27648348638885817,0.3080954077055316,0.2112977218913392,0.383033653451078,0.2633701428716082,0.3702719609753865,0.3901209384745858,0.1629941283929691,0.48860816354473546,0.23208828436730722,0.31675372517646927,0.34599797947590866,0.17920084168567882,0.37755449335925984,0.2559138760103664,0.3378272114955885,0.3570779109094812,0.16528484336714738,0.35339439303298326,0.22737246566896907
6cqq,II,human,true,2018-06-06T00:00:00.000000+0000,dfe7d440a6ecad857a681c6741eb6442,,,,0.321727016745917,0.34400695337324994,0.5452452900369683,0.5667177643182146,0.2655527179621313,0.3341069204802816,0.36220058112410025,0.6437361021735561,0.5969605851073501,0.25724677267022894,0.1770523130675483,0.21328116295992888,0.4699637370287117,0.5456851570077782,0.2452823339091491,0.28219401487367474,0.3060050610736874,0.37406361210001027,0.6372290247179544,0.24320810003877846,0.23975393928926134,0.27102169993072645,0.5840445721338844,0.6066414080275306,0.25245691773555906
6cqr,II,human,true,2018-06-06T00:00:00.000000+0000,83ae3c85cf445f54ffb629d904c528ee,,,,0.41108864712721555,0.4458987425038435,0.22563186756289605,0.6212861485375767,0.3711093495545167,0.3828572761576432,0.39204593898001955,0.22432019133503842,0.5761360781902656,0.36942475262591906,0.37816408067347596,0.41724819078397957,0.23149091806457645,0.7109084587074741,0.3735025839613115,0.3510095220229761,0.36203664028502747,0.2615111151036055,0.6995882090647066,0.39045551590717764,0.2462267903776112,0.2901804559152375,0.20919956608556836,0.6600739497061925,0.3703724795997908
6d78,I,human,true,2019-04-03T00:00:00.000000+0000,0d4f0a7a089bc4050b4cf8fca321a283,,,,0.5870538696382225,0.6390487194646711,2.388641970355924,0.8320123213529911,0.48136910241144665,0.39549502183851937,0.4493344857872683,2.42041488327634,0.8489551217150716,0.4553806522809983,0.4677120061421117,0.5256207924386286,2.4104418772698337,0.7883984190198241,0.38876666560895495,0.6975265257950426,0.7304064360006817,2.434715464327758,0.9002689811924187,0.4248761910002818,0.6122634278249605,0.6790843713256082,2.419708925196697,0.8091270854823917,0.485728475518896
6dkp,I,human,true,2019-04-10T00:00:00.000000+0000,24540dbea057fd474e18fe6536a88c90,,,,0.3643745203117454,0.43740650226770017,0.38379029387759606,0.6266088414404478,0.5939553702663182,0.3700155377442918,0.4498134887776197,0.3684253297725925,0.5421407974443136,0.6264371946415391,0.4641820213616196,0.5524641866957694,0.3755644429987201,0.6377338174502634,0.6602523265482778,0.40364718558692314,0.46452936179605586,0.3843655703231706,0.6433254767594281,0.6180815244438679,0.46028520662239897,0.5455365579701152,0.3633211214401146,0.6504664077143882,0.6731764150426077
6eqa,I,human,true,2018-10-10T00:00:00.000000+0000,5aa104ba24173c05b2935d99ff01b4c5,,,,0.593108543656146,0.6460738298375069,0.2688271753615797,0.6471866107806735,0.42850696786064457,0.504739887026359,0.5755994514572834,0.2381723089608852,0.6918776603909164,0.45937793288958356,0.613408297803552,0.6664042715604178,0.23936171373526688,0.7097948098512225,0.4997945548419052,0.5885374328302013,0.6487185660742241,0.30225939387128253,0.6201057559131319,0.47834147452231923,0.4360473020592469,0.5135056803572351,0.2355455906940316,0.6766329890830547,0.47075460555050364
6eqb,I,human,true,2018-10-10T00:00:00.000000+0000,ff4fccfa7bb26ecdb0ea1699d0a4eeb7,,,,0.23475406867231738,0.28437456798504274,0.3479465231207477,1.2761100647584984,0.555613309508339,0.31279484220744674,0.37871619618826735,0.3983206873310905,1.2808800574245771,0.5726874676075312,0.22918128449198572,0.30518171904340824,0.3509072944416744,1.2594743658401135,0.4288517431975464,0.11372000599498923,0.2058362617977221,0.36868736218241377,1.2348775668759604,0.5835334292969936,0.3331024435138091,0.3594954000400388,0.3915350706813828,1.312401599488889,0.5686765946104907
6g9q,I,mouse,true,2019-04-24T00:00:00.000000+0000,c11c725272e7d7328e4349446b16b215,3.48,4.57,18.46,0.2008913218121368,0.23767343802976024,0.13980905397220406,0.33048109625947597,0.2548814756426707,0.2893285386774661,0.30871545753645,0.14370984857287708,0.5690233485444458,0.24228900226845412,0.3299252571411851,0.35763123545474385,0.12825085163561298,0.3959828650999492,0.2341778236349676,0.22414573386699874,0.2490432841261411,0.132291083087172,0.5959393055872051,0.22302325742668364,0.16193120184920864,0.21048003343403682,0.12648339835585945,0.5185902122080903,0.2852773889199835
6l9l,I,human,true,2020-11-18T00:00:00.000000+0000,00d671d629eff4094fee1be3c7f4da77,4.2,11.69,26.58,0.34104118956939966,0.38959004411871406,0.18321230018225582,0.205242767538082,0.22845348770242324,0.3850319377276901,0.44504901482678816,0.18741018520272054,0.195124720448579,0.1685187884762995,0.4159644678625087,0.41555623283880383,0.18806185728154345,0.22401494386269713,0.23309236879102338,0.34635616867353075,0.38191812350469884,0.19223432587676134,0.20396282028709026,0.1798928253007484,0.2534215362392371,0.2995098867617555,0.19589421765332174,0.2000353153841926,0.1673247236966293
6l9l,I,human,true,2020-11-18T00:00:00.000000+0000,00d671d629eff4094fee1be3c7f4da77,4.2,11.69,26.58,0.34104118956939966,0.38959004411871406,0.18321230018225582,0.205242767538082,0.22845348770242324,0.3850319377276901,0.44504901482678816,0.18741018520272054,0.195124720448579,0.1685187884762995,0.4159644678625087,0.41555623283880383,0.18806185728154345,0.22401494386269713,0.23309236879102338,0.34635616867353075,0.38191812350469884,0.19223432587676134,0.20396282028709026,0.1798928253007484,0.2534215362392371,0.2995098867617555,0.19589421765332174,0.2000353153841926,0.1673247236966293
6l9l,I,mouse,true,2020-11-18T00:00:00.000000+0000,00d671d629eff4094fee1be3c7f4da77,4.2,11.69,26.58,0.34104118956939966,0.38959004411871406,0.18321230018225582,0.205242767538082,0.22845348770242324,0.3850319377276901,0.44504901482678816,0.18741018520272054,0.195124720448579,0.1685187884762995,0.4159644678625087,0.41555623283880383,0.18806185728154345,0.22401494386269713,0.23309236879102338,0.34635616867353075,0.38191812350469884,0.19223432587676134,0.20396282028709026,0.1798928253007484,0.2534215362392371,0.2995098867617555,0.19589421765332174,0.2000353153841926,0.1673247236966293
6l9l,I,mouse,true,2020-11-18T00:00:00.000000+0000,00d671d629eff4094fee1be3c7f4da77,4.2,11.69,26.58,0.34104118956939966,0.38959004411871406,0.18321230018225582,0.205242767538082,0.22845348770242324,0.3850319377276901,0.44504901482678816,0.18741018520272054,0.195124720448579,0.1685187884762995,0.4159644678625087,0.41555623283880383,0.18806185728154345,0.22401494386269713,0.23309236879102338,0.34635616867353075,0.38191812350469884,0.19223432587676134,0.20396282028709026,0.1798928253007484,0.2534215362392371,0.2995098867617555,0.19589421765332174,0.2000353153841926,0.1673247236966293
6mtm,I,human,true,2019-02-13T00:00:00.000000+0000,1e2f70e91c8b2d204ab7d420da955a8a,2.49,5.28,3.14,0.3010373178345414,0.37616513768524484,0.1711340511298658,0.8386704917371157,0.35250070711922676,0.3002633691077161,0.40162818710308534,0.19824545173649263,0.7996600720105121,0.35403039225865723,0.32179149288665204,0.3961279755974136,0.20255129211210782,0.7820952889319187,0.34710901107039627,0.20736276648963195,0.2869555527135509,0.1795611899449082,0.8713073898301708,0.3678624603256354,0.19056961395579836,0.28179890008778363,0.1632562429037663,0.8645738324256371,0.36296051334996754
6px6,II,human,true,2020-01-15T00:00:00.000000+0000,5075ee2fbedf90b5ae427ff06b683e03,3.9,2.81,3.33,0.09218927850783523,0.11643007031366598,0.15574823829701048,0.3306925969618762,0.14850479351891624,0.16304636587233723,0.18704798624053692,0.1298448140632523,0.3092155046637783,0.1615239822609063,0.13344106923657398,0.1545255619580173,0.17551597415510922,0.30633075056261805,0.14641451338171085,0.11606511745147141,0.13515808683551964,0.14954694597978688,0.31282468662032453,0.143194170330131,0.11363571045103034,0.13060189861117866,0.15981103490934573,0.33711647601100675,0.16834294306206
6py2,II,human,true,2020-01-15T00:00:00.000000+0000,4c359b8926b0d258e209c5555ec39c94,5.45,6.38,4.37,0.18947668631751355,0.22657364551327813,0.18557404939612135,0.557835234317332,0.2717708984539225,0.4175315235394401,0.4230810444380128,0.17808186848735374,0.5045214420622117,0.24461568536573755,0.3331038470135097,0.3561422398001898,0.17948871628778995,0.529572435539533,0.22127150637104503,0.2560737848067248,0.2657475896558925,0.19650184122194034,0.5716274945750395,0.22561940132272307,0.17622281793554512,0.18102949719581515,0.16584416049953057,0.508712934582477,0.22128747675445035
6q3s,I,human,true,2019-07-24T00:00:00.000000+0000,65df34b2aecb0481b553c37e5ff14edb,,,,0.6490195616334213,0.7849917904623045,0.6950271387220276,1.0525295742137981,0.6246862437118058,0.6626835484841432,0.7868739919277018,0.7036427576743065,1.1359069957545265,0.5075050394882349,0.5728630383128409,0.7251477376965189,0.6984080465230963,1.04677292039141,0.5936934069198779,0.7064870402016781,0.8671269477882668,0.7386874673816862,1.0566749265049604,0.5575896992563241,0.7758690126666365,0.876468996205231,0.7056585312020239,1.102223021922777,0.6427800204777149
6r2l,I,human,true,2020-02-26T00:00:00.000000+0000,3d652233f2d72f3cf07ced5ec7d75381,,,,0.28852070697460497,0.2922025047459244,0.11455510532003667,0.38729593555403896,0.23293621441996687,0.22405465460254972,0.23614315968013552,0.11075616438981788,0.385393971943764,0.26168629685120665,0.22503258334347945,0.2461522371806914,0.0901354613216141,0.328440920634648,0.24694665774952385,0.41880733855253377,0.40300380735874664,0.10833212037805066,0.4283447774199772,0.23667880592030652,0.2100148929797321,0.24644078226731103,0.0940796639222383,0.43090085857205923,0.2299518457337071
6rp9,I,human,true,2020-01-15T00:00:00.000000+0000,c874eda106179b27d61348b755743159,5.67,23.64,20.27,1.55262699065697,1.5746859927906698,0.4499428712737966,0.6119044858663129,0.5518161343890725,2.2022447574171498,2.209733005629234,0.48005631581317354,0.6774791202773891,0.5973034999141195,2.036294838947365,2.015760766251542,0.40614666342027445,0.6526177885241644,0.49528860584629947,1.6594203516923747,1.6000412839342273,0.48780045125474397,0.6126301861744285,0.539314367944418,1.7699800563389911,1.7862878982274348,0.33812211023389105,0.5739944397050508,0.6041768163482313
6rpa,I,human,true,2020-01-15T00:00:00.000000+0000,4048d450da52b964383614b88c3c5e12,6.49,20.16,27.44,0.6973576240837845,0.753254971577143,0.3381911048747215,0.7686548452780405,0.5498746633044633,0.7134004464263984,0.786486863681226,0.30303255073288615,0.6182528746168215,0.5341310902284012,0.8415128103230857,0.8718294674553946,0.35771984315449046,0.6714998233387152,0.5478454220999756,0.7898668383857793,0.7999766483463757,0.3191427773853038,0.542770274365179,0.5218166450994819,0.7414504939030897,0.8183602677148591,0.3672451758843921,0.6680356492163695,0.5941279143810756
6rpb,I,human,true,2020-01-15T00:00:00.000000+0000,ef0536331ca827c84fa74f72979c36cb,5.64,7.82,23.41,1.0549454933775413,1.0776784822749035,0.3663864267651582,0.6381662432256475,0.34866423387431195,0.5281248166498029,0.6154155407001884,0.39088015425660044,0.6299072630825827,0.32202651355948536,0.6966294303970002,0.7648657531821976,0.33512523461704985,0.6284298093624262,0.3802500220657841,0.9973191436621559,1.0308005079115117,0.34471540516815313,0.6874693889844473,0.3636539082888872,0.678901275211363,0.7791152143369983,0.34791643782329784,0.6831487095344212,0.359352360416873
6rsy,I,human,true,2020-04-15T00:00:00.000000+0000,0b32089b5c9ad675e4cadfac80e8e42c,1.92,22.85,3.27,0.26476184084253285,0.3141147817321761,0.19492156316977988,0.5429083061951898,0.2396649401857335,0.2340927024115195,0.2931798147687405,0.20197406897876452,0.5011112131466375,0.26803412582557673,0.32970398208540885,0.35934780943377526,0.20616441312579245,0.5287080792743083,0.2540169168749184,0.32461441096493177,0.3658870294492644,0.21168457805260077,0.6227005601316866,0.24705763097031752,0.3020489731429674,0.3394609550830767,0.17237068818641782,0.6137632351187718,0.28620809351547083
6tmo,I,human,true,2020-10-07T00:00:00.000000+0000,4a9a0561bd9169c010577d2c1e6ea357,,,,0.2599725347201127,0.307528668391088,0.14038228035096018,0.6340577014499759,0.3786700024447093,0.30157278058345793,0.3434226454459023,0.1485536953738401,0.6421700466566236,0.4092427255609907,0.23320567319882599,0.2727776635665396,0.1678933894023396,0.5774682390502657,0.3881684101754775,0.27214921310530793,0.2914683406726337,0.17262012341417632,0.7870066533779504,0.4082591969990634,0.15912084463394796,0.23736647774919584,0.17572081404336068,0.7457083796026167,0.39501922752792973
6tro,I,human,true,2020-06-24T00:00:00.000000+0000,a484b16662afe2f5aff2c7c5fc38c2b9,9.13,7.59,8.35,0.34869799784202477,0.43737024913328343,0.18014986309629985,0.8952734058016536,0.4319156090176561,0.2640966580638529,0.30763138076107366,0.18688801013542602,0.970866966974022,0.3764747361081772,0.2627711203701728,0.3303167137895266,0.18683321558954075,0.7973959363419962,0.41523076878184195,0.36920019579228264,0.45806129193568806,0.1837807362968359,0.8261946733170268,0.40236706711404624,0.28150974654299193,0.3404161869204745,0.18361816028567038,0.845063687350795,0.4010957476561048
6u3n,II,human,true,2019-12-18T00:00:00.000000+0000,900f8132e41f6ea7b5b33fe325630a79,3.2,4.52,4.53,0.24545756281577766,0.2637642587643479,0.18217195512408388,0.7909143178084449,0.22647315291674958,0.24576933679199395,0.26673351005504164,0.21875941813017658,0.7514024335767732,0.2544865784370625,0.4571452700697484,0.4616373672872622,0.24387067083782613,0.7863741913512066,0.2790889000075304,0.5428340018903035,0.5308541729657924,0.24574260895454303,0.76781873611029,0.23941918315736713,0.19853776831365674,0.24128343391230328,0.21133451206968734,0.800958070478625,0.22531640524551325
6u3o,II,human,true,2019-12-18T00:00:00.000000+0000,cbfbd4f631800c9fd1fe571961cd7fb2,3.03,20.29,5.43,0.5495799905882828,0.5074440259394191,0.22728393337645528,0.5081250813948138,0.3009127020454854,0.52209191337085,0.4852163827165595,0.22961596524554173,0.5305573539933093,0.3891663777710948,0.32287062719564336,0.37523688592690796,0.2760997510463018,0.5178657163037165,0.25838008142947405,0.638250288156464,0.6144713848433275,0.24475554720131068,0.5465989721830021,0.30542382708606564,0.4564030665709686,0.47208727748576457,0.2673503647020054,0.5014309995755546,0.3804451740036211
6uon,I,human,true,2020-05-27T00:00:00.000000+0000,b488b22e9b55dfb1547da30022c2b00d,8.03,9.98,8.91,0.6151819585957875,0.6073687075044593,0.2066420358674763,0.44188419261060013,0.3099409005818655,0.6241694955402681,0.6240343105596211,0.27674512759952785,0.4445084343305233,0.3076199881046211,0.4516598938605267,0.4477501971582495,0.2315395158257625,0.43960526099082975,0.31482997171182897,0.45996183241201083,0.4663629999866453,0.2315662320634855,0.5434884464356918,0.2952887964723147,0.5217942777967256,0.5286617067051635,0.23374463794800013,0.4774086400126363,0.3165997494180044
6uz1,I,human,true,2020-10-28T00:00:00.000000+0000,3f5fdcde3dc3982b3fa817ced364b100,,,,52.76279943359282,52.403255176348516,0.6150724764308639,0.5271530701626743,0.6591385986100611,52.33113992604808,51.978449246793225,0.500197027128793,0.472125684889771,0.6267959997341433,52.722177340123196,52.37549682770632,0.6148523834702888,0.4934387616245928,0.6937638977286396,52.73269125648351,52.4030577308618,0.5073251731653724,0.4408351874275753,0.6421825548088186,52.60900756383481,52.291181121523834,0.5631848753300281,0.47645707569982393,0.6173198917139281
6v13,II,human,true,2020-11-25T00:00:00.000000+0000,fc860639fa2ed6b28d6b5f3dc97ed1c2,,,,0.4684555997844738,0.5015014251948904,0.3692956460907142,0.541270377687516,0.3170238994134021,0.5044636940940037,0.49190322350588306,0.38354528778449815,0.5302751828032066,0.3113329142291695,0.728117880118326,0.7192184859878701,0.4093999860738604,0.4920395055777771,0.3837497606897631,0.6249524645332766,0.6091975867564583,0.4141178700321709,0.5104916279071705,0.33078005586374587,0.741042121137991,0.6981350805269709,0.36737165462590193,0.5900888236729114,0.29910471916851106
6v13,II,human,true,2020-11-25T00:00:00.000000+0000,fc860639fa2ed6b28d6b5f3dc97ed1c2,,,,0.4684555997844738,0.5015014251948904,0.3692956460907142,0.541270377687516,0.3170238994134021,0.5044636940940037,0.49190322350588306,0.38354528778449815,0.5302751828032066,0.3113329142291695,0.728117880118326,0.7192184859878701,0.4093999860738604,0.4920395055777771,0.3837497606897631,0.6249524645332766,0.6091975867564583,0.4141178700321709,0.5104916279071705,0.33078005586374587,0.741042121137991,0.6981350805269709,0.36737165462590193,0.5900888236729114,0.29910471916851106
6v15,II,human,true,2020-11-25T00:00:00.000000+0000,fc860639fa2ed6b28d6b5f3dc97ed1c2,,,,136.3188795041218,136.32423349220971,136.211984764101,0.5384630727756219,0.3244163339024763,136.34016908496343,136.36052924815493,136.24661878682352,0.5475647416550912,0.29290342484876175,136.6129483952995,136.61341899191711,136.22442392981338,0.5200074597931791,0.38928302006541876,136.26036195161515,136.28742672608072,136.2313994031613,0.524957447061573,0.3036096924238743,136.46849184401628,136.47338038742706,136.19828871402538,0.6136195719765032,0.2817542244586275
6v15,II,human,true,2020-11-25T00:00:00.000000+0000,fc860639fa2ed6b28d6b5f3dc97ed1c2,,,,136.3188795041218,136.32423349220971,136.211984764101,0.5384630727756219,0.3244163339024763,136.34016908496343,136.36052924815493,136.24661878682352,0.5475647416550912,0.29290342484876175,136.6129483952995,136.61341899191711,136.22442392981338,0.5200074597931791,0.38928302006541876,136.26036195161515,136.28742672608072,136.2313994031613,0.524957447061573,0.3036096924238743,136.46849184401628,136.47338038742706,136.19828871402538,0.6136195719765032,0.2817542244586275
6v13,II,human,true,2020-11-25T00:00:00.000000+0000,fc860639fa2ed6b28d6b5f3dc97ed1c2,,,,135.95754719385764,135.96747839667495,136.09173561173301,0.541270377687516,0.3170238994134021,135.93732279055996,135.93183491267476,136.05649728441693,0.5302751828032066,0.3113329142291695,135.66550157693175,135.68005600265695,136.0765806568428,0.4920395055777771,0.3837497606897631,136.01744888459987,136.00526700438482,136.06848023997986,0.5104916279071705,0.33078005586374587,135.80930298256607,135.8192190372782,136.1009395131022,0.5900888236729114,0.29910471916851106
6v13,II,human,true,2020-11-25T00:00:00.000000+0000,fc860639fa2ed6b28d6b5f3dc97ed1c2,,,,135.95754719385764,135.96747839667495,136.09173561173301,0.541270377687516,0.3170238994134021,135.93732279055996,135.93183491267476,136.05649728441693,0.5302751828032066,0.3113329142291695,135.66550157693175,135.68005600265695,136.0765806568428,0.4920395055777771,0.3837497606897631,136.01744888459987,136.00526700438482,136.06848023997986,0.5104916279071705,0.33078005586374587,135.80930298256607,135.8192190372782,136.1009395131022,0.5900888236729114,0.29910471916851106
6v15,II,human,true,2020-11-25T00:00:00.000000+0000,fc860639fa2ed6b28d6b5f3dc97ed1c2,,,,0.4126674371853778,0.47647461033464555,0.4141908064721843,0.5384630727756219,0.3244163339024763,0.4742892918028926,0.4711029251452402,0.42352583230456897,0.5475647416550912,0.29290342484876175,0.7078714883990388,0.7130510749549517,0.4479177653275554,0.5200074597931791,0.38928302006541876,0.5468403227038949,0.5399367247534848,0.4484872974052281,0.524957447061573,0.3036096924238743,0.5952073171169346,0.5870299112768332,0.38892498805693065,0.6136195719765032,0.2817542244586275
6v15,II,human,true,2020-11-25T00:00:00.000000+0000,fc860639fa2ed6b28d6b5f3dc97ed1c2,,,,0.4126674371853778,0.47647461033464555,0.4141908064721843,0.5384630727756219,0.3244163339024763,0.4742892918028926,0.4711029251452402,0.42352583230456897,0.5475647416550912,0.29290342484876175,0.7078714883990388,0.7130510749549517,0.4479177653275554,0.5200074597931791,0.38928302006541876,0.5468403227038949,0.5399367247534848,0.4484872974052281,0.524957447061573,0.3036096924238743,0.5952073171169346,0.5870299112768332,0.38892498805693065,0.6136195719765032,0.2817542244586275
6v18,II,human,true,2020-11-25T00:00:00.000000+0000,ac54c2405afa03c65178a7fed984ea46,,,,0.368944287368647,0.4353613789873069,0.2640186911923,0.610453775965841,0.3301262497671656,0.514752529309372,0.5864102930836204,0.2622955816264083,0.5941353595307876,0.30746447393254434,0.6488116309157714,0.6933372028275576,0.30119231713469224,0.6135297630326763,0.3111764174192589,0.6376093895559817,0.6905189778939449,0.2780312394954757,0.6000817576773231,0.311547692472439,0.5560026103565322,0.6169451041735639,0.2235170773760879,0.6297353518033441,0.29930926706865857
6v19,II,human,true,2020-11-25T00:00:00.000000+0000,f9a7c27b38f6d26fc651083c4e31c2e1,,,,0.46313663514401554,0.497859956015139,0.3143555952043387,0.571496870374458,0.33929448864127054,0.4711698273631628,0.4952875166244658,0.282512508821212,0.5525911268980145,0.5038594619605307,0.4930534455605012,0.5546919752687348,0.29964747345178905,0.5489321273600869,0.33097061935416333,0.442265766709243,0.48961244585031755,0.29625842513507966,0.5337543398169403,0.3293530456230046,0.36563879859607823,0.4372507656691896,0.3008120330295889,0.5369697180840615,0.3428025439134706
6v19,II,human,true,2020-11-25T00:00:00.000000+0000,f9a7c27b38f6d26fc651083c4e31c2e1,,,,0.46313663514401554,0.497859956015139,0.3143555952043387,0.571496870374458,0.33929448864127054,0.4711698273631628,0.4952875166244658,0.282512508821212,0.5525911268980145,0.5038594619605307,0.4930534455605012,0.5546919752687348,0.29964747345178905,0.5489321273600869,0.33097061935416333,0.442265766709243,0.48961244585031755,0.29625842513507966,0.5337543398169403,0.3293530456230046,0.36563879859607823,0.4372507656691896,0.3008120330295889,0.5369697180840615,0.3428025439134706
6v1a,II,human,true,2020-11-25T00:00:00.000000+0000,f9a7c27b38f6d26fc651083c4e31c2e1,,,,27.64072997824073,27.68385311732042,27.808403336005227,0.7387092744044006,0.3885557098815102,27.655713238623864,27.692767668937698,27.875276180656343,0.7182743769790575,0.5501354716955912,27.436531936075227,27.491142553626904,27.86535364043266,0.6898654743717272,0.3851471876115896,27.50148041855928,27.54883833212255,27.84924778565348,0.7024613963894445,0.3681828117043143,27.645406645297186,27.696888868954108,27.87168343074457,0.72416625090377,0.43429207359222477
6v1a,II,human,true,2020-11-25T00:00:00.000000+0000,f9a7c27b38f6d26fc651083c4e31c2e1,,,,27.64072997824073,27.68385311732042,27.808403336005227,0.7387092744044006,0.3885557098815102,27.655713238623864,27.692767668937698,27.875276180656343,0.7182743769790575,0.5501354716955912,27.436531936075227,27.491142553626904,27.86535364043266,0.6898654743717272,0.3851471876115896,27.50148041855928,27.54883833212255,27.84924778565348,0.7024613963894445,0.3681828117043143,27.645406645297186,27.696888868954108,27.87168343074457,0.72416625090377,0.43429207359222477
6v19,II,human,true,2020-11-25T00:00:00.000000+0000,f9a7c27b38f6d26fc651083c4e31c2e1,,,,27.911340329018643,27.900353867246185,27.978686973401025,0.571496870374458,0.33929448864127054,27.89459394139028,27.89009017934765,27.914571742754312,0.5525911268980145,0.5038594619605307,28.11830662643626,28.097391072087095,27.920794868775843,0.5489321273600869,0.33097061935416333,28.049742841696148,28.034974078026455,27.937391157260805,0.5337543398169403,0.3293530456230046,27.90544060796422,27.887451787884025,27.91687606573595,0.5369697180840615,0.3428025439134706
6v19,II,human,true,2020-11-25T00:00:00.000000+0000,f9a7c27b38f6d26fc651083c4e31c2e1,,,,27.911340329018643,27.900353867246185,27.978686973401025,0.571496870374458,0.33929448864127054,27.89459394139028,27.89009017934765,27.914571742754312,0.5525911268980145,0.5038594619605307,28.11830662643626,28.097391072087095,27.920794868775843,0.5489321273600869,0.33097061935416333,28.049742841696148,28.034974078026455,27.937391157260805,0.5337543398169403,0.3293530456230046,27.90544060796422,27.887451787884025,27.91687606573595,0.5369697180840615,0.3428025439134706
6v1a,II,human,true,2020-11-25T00:00:00.000000+0000,f9a7c27b38f6d26fc651083c4e31c2e1,,,,0.5661484536915627,0.6401599628754823,0.24048822942569736,0.7387092744044006,0.3885557098815102,0.4866437342192902,0.5998298807777289,0.24130804417330545,0.7182743769790575,0.5501354716955912,0.7812878452351006,0.8474974903825151,0.25699205384516205,0.6898654743717272,0.3851471876115896,0.627959456527985,0.6933833233009266,0.24101837577832178,0.7024613963894445,0.3681828117043143,0.5664512259858341,0.6752212750182642,0.2562597387877583,0.72416625090377,0.43429207359222477
6v1a,II,human,true,2020-11-25T00:00:00.000000+0000,f9a7c27b38f6d26fc651083c4e31c2e1,,,,0.5661484536915627,0.6401599628754823,0.24048822942569736,0.7387092744044006,0.3885557098815102,0.4866437342192902,0.5998298807777289,0.24130804417330545,0.7182743769790575,0.5501354716955912,0.7812878452351006,0.8474974903825151,0.25699205384516205,0.6898654743717272,0.3851471876115896,0.627959456527985,0.6933833233009266,0.24101837577832178,0.7024613963894445,0.3681828117043143,0.5664512259858341,0.6752212750182642,0.2562597387877583,0.72416625090377,0.43429207359222477
6vmx,I,human,true,2020-07-29T00:00:00.000000+0000,0180aa65c714914412c99f5b23eeccdd,2.68,11.03,18.37,0.18223184632803352,0.20338879198560264,0.16966587411629938,0.6237328005757016,0.20343603148713343,0.27333863355303123,0.28947320982141117,0.16516532205781737,0.5785755663946961,0.21832165404205559,0.36120583114965893,0.3635816584184895,0.16553213956383167,0.5755912446325443,0.21469582967979509,0.30067820748945034,0.3212420851080251,0.1825507319513258,0.6088527899364271,0.20378587572698725,0.29616851915440084,0.3136202690087756,0.17443476119855594,0.5508909181911623,0.1957834089511935
6vqo,I,human,true,2020-06-17T00:00:00.000000+0000,0860b08103788272367d8f836f2270b7,6.34,20.06,22.72,0.6421948075450581,0.6970519167278049,0.2951479541748248,0.5629413026627567,0.4623306754914058,0.6905785468998713,0.7984055442931967,0.3212690567172155,0.7434077156145797,0.4455655636511838,2.0171033330858217,1.9190129139226562,0.36339813767193907,0.8468408798034074,0.49611005649925816,1.0790926853286693,0.9910466677612687,0.31118061724397295,0.7937749015046608,0.4600688929497139,0.7504992491702467,0.7909143026829112,0.3278175432565391,0.6731854524911864,0.5344813142988805
6vrm,I,human,true,2020-06-17T00:00:00.000000+0000,0be58ecda3b11af9997439f943393366,2.73,5.44,20.93,0.7264765636019981,0.786278540151533,0.26183542779376723,0.4826154960554388,0.593999759597285,0.8779892268620854,0.9343818007660748,0.25976084526115095,0.4939478726355483,0.5043383172163243,0.6408303424029677,0.680425299083269,0.3084903799018178,0.3954869414574763,0.5698616081996876,0.984421419120016,1.084986419821766,0.2725004109865468,0.40576835048688004,0.5378774214598779,0.6045716304455696,0.7303502259799313,0.2639702268891126,0.5074875869660581,0.5690647100124866
6vrn,I,human,true,2020-06-17T00:00:00.000000+0000,65f97ab883423073475f158b46e3ac5c,11.74,15.38,33.77,1.7318373015837003,1.8341248861861117,0.4122618521030387,0.5189440803758574,0.7171813296178718,1.4396840364604249,1.5275875175163884,0.33064050689084956,0.668824047067573,0.7077662012852738,1.7090720842257663,1.7380739348188026,0.3511393246828837,0.8450519515040451,0.6829660619053919,1.0982227624713998,1.198865726040201,0.31131936451557723,0.8004417729893104,0.6432673189531087,1.4419436293891137,1.5398506537782604,0.3313777611440038,0.5984106448753627,0.7510869417653874
6zkw,I,human,true,2022-01-26T00:00:00.000000+0000,7754aab55d2f25c506eecaa32b30bca8,,,,0.28824180417855133,0.30448518084712073,0.15019438195891394,1.0562009392598977,0.3328278296045302,0.18000276769938714,0.2005865897340229,0.16187085613486618,0.9792090340601303,0.30370136955762167,0.33878721928940553,0.37243791789311625,0.13932219147386815,0.8240864017940469,0.32620811697938457,0.26494451904209254,0.2823274434566752,0.16204993186743827,0.8656221009728953,0.3019228917904273,0.23773633096328264,0.2631439633106676,0.1521628227855681,0.7439735523998207,0.30613066745882367
6zkx,I,human,true,2022-01-26T00:00:00.000000+0000,d6e4a5380f4bd412fcfd69aff788e622,,,,0.2584193669496285,0.29547503539576675,0.3621155797578833,0.714730048290394,0.22811115071132387,0.33039346827568317,0.37088305646875647,0.33304172117933695,1.0554148209168568,0.26447606800878254,0.3245306217007303,0.3177973960381719,0.38065242854846515,0.9456963502515565,0.2885488025142254,0.3663717003920625,0.38570414790821805,0.31136713024042095,0.7505163745906422,0.23133446730577747,0.2561634257828609,0.2691763368055623,0.3033229910325678,0.9046169466069997,0.28180172912276796
6zky,I,human,true,2022-01-26T00:00:00.000000+0000,e13bb05d9fc30ad22beae3669e6f496d,,,,,,,,,,,,,,,,,,,,,,,,,,,,
6zkz,I,human,true,2022-01-26T00:00:00.000000+0000,14ffc3d601eb27d8018d89d612fc88b0,,,,0.310781855482616,0.35176697506776,1.4195900652503668,0.9065379865099962,0.28840609919922416,0.4429565944517749,0.46205676501969073,1.4250517669324803,0.8538644199911861,0.2901806056478989,0.4643608619150784,0.5056348129630727,1.4218040344164267,0.8117381156488319,0.2886763511300898,0.4314691067468676,0.4423515806558914,1.413457004186884,0.7825214844028839,0.29844735870400146,0.36701180804388206,0.37015620632041396,1.4129400971877177,0.7459679208283834,0.32273593322231164
7dzm,I,human,true,2022-01-26T00:00:00.000000+0000,ece4adcdb6fc45ad0c9e83403528294e,,,,0.3381701520431515,0.3475970280917211,0.15414872458448492,0.4439246075691633,0.3489671188275586,0.5367951119642399,0.5047577436511765,0.15117676033311184,0.6409584360716792,0.2971649757367233,0.35405452573575247,0.3403438288102078,0.14578303229837672,0.5300842905638579,0.32261159847773235,0.29333546139415645,0.3151052349082731,0.1708004888341835,0.5160476253110523,0.255358305804434,0.3267834907071255,0.34220129171341535,0.16682512241495953,0.5132919128783683,0.3186173967803644
7dzn,I,human,true,2022-01-26T00:00:00.000000+0000,48c16103ba57be14d38c0bbc00161db3,,,,0.50887931480038,0.5363689953421427,0.23270800793839957,0.4736326849093516,0.4356610366487965,0.6239363349634989,0.620387444181444,0.1921256275372041,0.48975176725052605,0.457034385231027,0.6860608665951451,0.6801068797206764,0.20689326333905322,0.5263341981204092,0.37911909447190445,0.6481777911992845,0.6377635494442917,0.2320004525166534,0.548101788978627,0.39740564643311005,0.4133875874023495,0.41437966219195377,0.2435849866025597,0.48858805963035334,0.38474197496080437
7jwi,I,mouse,true,2021-07-07T00:00:00.000000+0000,38fce04864542b549145c0efc3fe8980,,,,0.8144126417647001,0.7946618139590419,0.4009327924496778,1.1988077520878815,0.5894993988568208,1.0179258528120614,1.1536618236982625,0.42059342266446526,1.1113534793090687,0.5809538952510792,1.2049963235362093,1.2515730091928057,0.3376458279207886,1.2338898669938554,0.7070102417590294,1.368245479205627,1.4239161582215745,0.30430340117312205,1.1540187143271028,0.7802688474582781,1.442204238307576,1.4512022066859744,0.34011582107853106,0.9658592176159632,0.5223432256493944
7jwj,I,mouse,true,2021-07-07T00:00:00.000000+0000,7f4b0f1dd8f99a68601d93e79d973847,8.6,25.94,16.93,0.6261385375237768,0.6532709254384292,0.26894582061706257,1.0164437712671643,0.2850150015812564,0.8680253363520418,0.918307494906306,0.3140315921935853,1.3850742465862953,0.2961664131393195,0.8683843627759059,0.9257475082874944,0.31684220621017173,0.906000503080148,0.297693512807659,0.7099244607648727,0.7534744624703064,0.2779116383874165,1.0612222024222049,0.33545082402410015,0.6193364923105152,0.6850668724988318,0.2803806509812483,0.9512862454179202,0.2916478835512812
7n1e,I,human,true,2021-07-28T00:00:00.000000+0000,66588fb6f41c42796a59e21f801dccc1,8.07,22.91,26.8,0.4183272920764467,0.4343737583571194,0.22825761621283683,0.6949510289650931,0.21308245584409638,0.3175913316794309,0.3396034626331062,0.23655439413121615,0.5308811680510862,0.2248245431164988,0.3641637514292776,0.404788826310108,0.2634853720633771,0.5407349789816658,0.21397856811810143,0.34631579988171046,0.39428561724485556,0.19036224530659226,0.48912402366901225,0.21796613511030383,0.28122519088920905,0.32112825572207604,0.19421475211492067,0.49981672034643654,0.20999532429958168
7n1f,I,human,true,2021-07-28T00:00:00.000000+0000,2cb8eac025a7f79266dba7b2f6542c5f,3.51,24.63,3.21,1.0039481797476946,1.1073416905290348,0.3863632388423585,0.6063950207317932,0.5974996506279702,0.404938580981663,0.4473835793378328,0.2759778654303589,0.627256410260475,0.5066033778551379,0.8678567904559042,0.9268751292658362,0.3200962052295204,0.511891338011209,0.580750318359804,0.6614240620312641,0.7341605054726279,0.3080764960350779,0.5287570093832099,0.5581234002184181,0.8182696927714379,0.9349742678991307,0.33379780692464717,0.6711389633514516,0.5608295468665195
7n2n,I,human,true,2022-12-07T00:00:00.000000+0000,d7c121c4392e08267ade458532cbe226,,,,0.5832939539898623,0.6259786124345664,0.35513461766655785,0.6848104619279386,0.26727273224627357,0.36964556947632526,0.4765441030402024,0.24785291262980788,0.6397927459089445,0.31124688768278,0.3737244920642629,0.4562711963729169,0.2753186148607359,0.9175884272746846,0.3131892700357607,0.4906399958676181,0.535940543133603,0.29374642438023624,0.5481525072960712,0.30679721209624305,0.2721131994341559,0.37616275385462133,0.30569207062558473,0.6986019517788872,0.27578886891901794
7n2o,I,human,true,2022-12-07T00:00:00.000000+0000,c043f499fe1261d5b692e64f5890108b,,,,0.9200656600459681,1.172549931661729,0.18284735385756973,0.3248595097502329,0.41271945074018757,0.7281454819388744,1.1701018960445413,0.1481429430974059,0.331105185030356,0.4793884245381411,0.9188701104812705,1.3476604612463006,0.19008824043201505,0.43684478220002654,0.48151604409688875,0.7867402587123355,1.1346193870998431,0.1611920318011969,0.3210739212746523,0.3693095321434723,0.944389735835074,1.2047647473580145,0.18106282217396083,0.34045121927340555,0.44118540393687644
7n2p,I,human,true,2022-12-07T00:00:00.000000+0000,58e686251dca2d45d9701bedb0cece99,,,,0.23375369742343532,0.25681926504452723,0.1906203033805307,0.5882456968836666,0.20670966843158267,0.2502365423294903,0.28548980784356587,0.21819141901219075,0.4256269346141054,0.2134291072359435,0.30719815052826766,0.32042691749466207,0.2080653862599875,0.5661469955568869,0.21533954178888243,0.2861235622421011,0.311025653740915,0.1846180933891573,0.5555968411560818,0.21360284469697036,0.29323653827181145,0.3185959847450658,0.221852259507504,0.4563870074647012,0.21489750122629325
7n2q,I,human,true,2022-12-07T00:00:00.000000+0000,3a3bedfd4a57d82f92d872983a65d0af,,,,0.42691646597339133,0.46454650153564264,0.24925611590324093,0.41516689587331396,0.32419945122425936,0.9514331721638754,1.0361943746895355,0.31647919327697405,0.41597160976026953,0.36381231220083304,0.622177025534227,0.7374755084356259,0.2802224850099792,0.40145639392834787,0.42483683955069607,0.7044785074883182,0.7022749303336324,0.31979142005317907,0.5243293073515255,0.30824010445586986,0.707479352562153,0.8038333626316759,0.327303484477644,0.3702026498190603,0.35192907884967484
7n2r,I,human,true,2022-12-07T00:00:00.000000+0000,2911272d5de16290dcd4576216c25ae0,,,,0.5788264319146604,0.6645680312376532,0.17892216791871232,0.562401568007098,0.3506891288744108,0.6075650566510862,0.7274790670614809,0.18564111959414634,0.3510007667985963,0.2629560143283961,0.5924143098391277,0.6383960140960441,0.21332639397420414,0.4555708126260079,0.2818610603136006,0.4517581793330549,0.5308978545357033,0.17471846658092977,0.4663580440076045,0.2764923500459625,0.5785110202400825,0.626143888316299,0.177620680014959,0.5417882224824896,0.2871176486788524
7n2s,I,human,true,2022-12-07T00:00:00.000000+0000,ff8c6168403a200a182caa4612ce7e4d,,,,0.5585551509706681,0.7320271593666615,0.24055613031532272,0.5717828055183644,0.5474567238753746,0.703221631586137,0.9483592531021033,0.24148851254351383,0.6698322052730901,0.5114100034765624,0.7446510430299577,0.9788283752948074,0.26019225788149425,0.6277458106159088,0.5061467332068578,0.5640378554332721,0.7468253582417558,0.24566577881334,0.5057301566302294,0.4690837813865003,0.5901484810201713,0.9220979374989129,0.2021713289568163,0.4049001317574407,0.5236330328922674
7n6e,I,human,true,2021-07-28T00:00:00.000000+0000,e92c5456d5b991bd516b7bf1c0c83e35,2.02,4.18,3.17,0.6490715489207483,0.6810306923622457,0.5167777030823402,1.1285629100908792,0.6821749835823154,0.959484381604313,0.9855805582189627,0.48059139199270773,1.2909721206184763,0.6814167426104927,1.055688682917968,1.0922610232952297,0.5613884323514157,1.1996827862671342,0.6298394046656808,1.1137106224751827,1.158490569938272,0.5319076774911248,1.3156505212950929,0.7209559696019199,1.0931622794143208,1.1382139421850543,0.54784008815765,1.2519415434069179,0.7434095305278112
7na5,I,mouse,true,2022-06-22T00:00:00.000000+0000,2eb66567d73e220bf28abf7e0c7b56b3,,,,0.5322603555370907,0.5719737240642461,0.14153403434452044,0.6257491591792232,0.3076128145539419,0.6504812216068143,0.6727262514720731,0.17108814455962812,0.6477431019713369,0.2423309018480688,0.412302667271434,0.4217248657364794,0.17241091231753372,0.5842550349383049,0.2771540358907191,0.3615201116661271,0.401772013064219,0.14432395883691881,0.6982911874824338,0.2575572576538105,0.5427526084557966,0.5681103918562482,0.15842029041025618,0.8343941057144736,0.24436580838678876
7nme,I,human,true,2022-09-07T00:00:00.000000+0000,e341636cccaf061a7b0bbd6ac3600919,,,,0.2673880312844185,0.2806241632989258,0.13847644589494867,0.48716140679283476,0.35107414719728824,0.3088987663546897,0.33080849500318366,0.14037122846777625,0.4879704091775252,0.3567654616579695,0.15503822853996346,0.21378620054075356,0.13299135839411869,0.5699878167136412,0.3236154646098489,0.22090304805652672,0.2772831072641525,0.11306108480883316,0.572970592834596,0.44101290913133356,0.3050864031042026,0.33103546960120783,0.12689478488980388,0.5114862818063279,0.37360637552697606
7nmf,I,human,true,2022-09-07T00:00:00.000000+0000,08f99ad04ca1961fbe854417c5891a17,,,,0.33154491162141697,0.4379708273788788,0.24170113541436392,0.7892843433675794,0.5769508072450115,0.4459878713903659,0.5410388390916354,0.2600746104223014,0.8632434692724175,0.5783236912934913,0.4149463828206305,0.5203845642809097,0.23852089832258788,0.8139524948207629,0.5715175429311544,0.4885113561973485,0.5820071990876378,0.28636341909346996,1.0764732696919395,0.5033005437598447,0.3849105433922392,0.45871181289987445,0.25533151412447214,0.8213456352505405,0.5631370392591964
7nmg,I,human,true,2022-09-07T00:00:00.000000+0000,3c66bc7d25dd3abd6cb0c0bbdce4a70a,,,,0.29280013625499374,0.32995691104432756,0.08095913461088906,0.48264361034959985,0.20969819510221846,0.1383159433557969,0.17911654316676087,0.07703386894070288,0.34946843029753505,0.18989598873804375,0.2836639233847405,0.31658824162591653,0.08202846126493389,0.398807127061485,0.20166849295093003,0.15052003760728325,0.19707184346798728,0.09833903859441824,0.4429041395689509,0.2073625879367368,0.35802145014354325,0.368657220152299,0.1030823792563674,0.346839553847336,0.21563913969853743
7ow5,I,human,true,2022-07-20T00:00:00.000000+0000,eb54b00896884e15ffe9258ea985b715,,,,0.36039237654758,0.3638325918221571,0.1545743015654887,0.6856332670977738,0.28427470527870297,0.4278628047336604,0.39884574386018395,0.1595807726507923,0.5190260223931762,0.2762572974040558,0.3521603439258719,0.38321402760590717,0.13522022916070003,0.7741709216396486,0.26049078027702677,0.29576891708499,0.32126302736801315,0.13641036088517658,0.6674231922807965,0.2925914104378365,0.35127172738977824,0.3477931478332143,0.13750976363942943,0.7025570057816499,0.27550338352211706
7ow6,I,human,true,2022-07-20T00:00:00.000000+0000,38feefebeb3016aa5b1c99a4a056a70e,,,,0.2565200665992602,0.3024333099988082,0.2827302952103439,0.6085675243181827,0.32824036015172053,0.31939580823691055,0.34705760433194605,0.2655809464498558,0.6956453023143445,0.28465845224751546,0.2671500305531349,0.3386996650697469,0.2884105512061347,0.6430080645540431,0.3245366656267208,0.31169804321235767,0.36038688487326437,0.25339970785974925,0.6203819445729661,0.3109527354026999,0.37026053234135003,0.4061197472667434,0.30183782750206534,0.6258223662816267,0.31293362795719654
7pb2,I,human,true,2022-07-20T00:00:00.000000+0000,81dd09e2d08d5e8f0d44a39d1776b103,,,,0.49375386824964285,0.6044094361995818,0.313884228332899,0.6308706931589512,0.46263784377859374,0.4112631375874864,0.56574867689048,0.31589546079133185,0.6351815852795253,0.44148129452547386,0.6125775693564037,0.7166314712022008,0.2980936455544177,0.6851858160742547,0.4781006089166825,0.735642204412421,0.754221136266725,0.34518686701986745,0.5703775690489947,0.47791302721043954,0.4538384616613677,0.5495325346767479,0.3187763075567854,0.6506737768156395,0.46675504373477006
7pbe,I,human,true,2022-04-27T00:00:00.000000+0000,20dc9ebb309e15c410a1a5b303f878a0,,,,1.1233101255906088,1.1794663064497162,0.404063163979785,0.6885843142530785,0.6783936605733566,0.9677568979064619,1.0172035477627657,0.43705984662393826,0.7752703374135467,0.5836246805091498,0.771705379562359,0.8796054891910216,0.37761768848479726,0.6582213597025058,0.6600015874495414,1.0867002960049152,1.1653038548976278,0.4283228145894032,0.7124526889002544,0.6284577078687326,1.0862906387148126,1.154540225894378,0.40084048234885694,0.7068757609802793,0.6571746374561963
7phr,I,human,true,2022-08-31T00:00:00.000000+0000,69e7c698c95881af5549cbef83f1f075,,,,0.745825176237061,0.8538085228789054,0.697100681139392,0.47706421148765743,0.7483918414605271,0.9103184791305109,0.9872313703672935,0.5644155840858261,0.5694557620880232,0.6988710110457989,0.8053702609290759,0.8911250168638631,0.6160525675842838,0.5967702807884283,0.7425300543250898,0.9659554455393493,1.000719169026352,0.543321313927755,0.5407033532396742,0.7531993570568011,0.736561500196783,0.8447252284153949,0.6562972819023406,0.4969120939622316,0.8213048043417214
7q99,I,human,false,2023-02-22T00:00:00.000000+0000,62f1b197f4b0555c27ac38c5496ffdfa,,,,0.1941251096929821,0.26987527563921737,0.14449668807249255,0.6015607440459554,0.2851636969264017,0.17431762362066455,0.23617510445621237,0.13910663970483172,0.8002749616542153,0.2807404114934926,0.23387081382560201,0.276552284977236,0.14094766155813648,0.7153812341118003,0.3024355600164181,0.31596504574338924,0.3504783604705017,0.14146666258975474,0.7924286268012479,0.3009784859677919,0.32969943712793137,0.33858185228604964,0.1460910374676346,0.8308135576820145,0.2961558412827973
7q9a,I,human,false,2023-02-22T00:00:00.000000+0000,612461c62c67feb763ab576c7bb8af63,,,,0.3971727438765164,0.44480351810898133,0.09898395885553754,0.6128403738854938,0.1772568295400953,0.24361281032772011,0.283724721001442,0.11435372212256446,0.6561446885804291,0.17434541368723858,0.28532937725221996,0.3323629023368596,0.11439342960295855,0.6795940414128914,0.1791215322974263,0.293395969928213,0.35154721089531665,0.11310560614962584,0.663662716507352,0.18118576468519018,0.2560547428537063,0.3203667889658449,0.1272164553269457,0.5829214213501883,0.18618105651159156
7qpj,I,human,true,2022-08-03T00:00:00.000000+0000,4ce19de354a49463d78db433860c25b5,,,,0.7595406510194835,0.7210103937337897,0.17913887518102903,0.6515764099568069,0.4588232011088719,0.5214725252336493,0.5274238264250639,0.19021044912208573,0.6886340394645227,0.4509772786567922,0.7690932355797152,0.7283534419673385,0.17635808719141274,0.6419468602865985,0.44431918352186217,0.9512823437728775,0.9127134911342991,0.2062331030105089,0.6323861986777118,0.45490690800615613,0.5099693612925443,0.5034721778773062,0.16778860959642863,0.7266873744550445,0.44341975683535007
7r80,I,human,true,2022-06-29T00:00:00.000000+0000,a71c31fb21d523f596e651b80e40b534,,,,0.2432311230218039,0.24665310842729576,0.20787514778498012,0.9765887696545629,0.24196323784592347,0.3974790589980219,0.4075860866311887,0.1974229155586963,1.0683167196350012,0.27083672047873225,0.21574748497369925,0.2474167498744522,0.18613550544557,1.0976726781052664,0.2626561810440962,0.3606155743219702,0.38101316947215025,0.20341486983839166,0.9054495346252687,0.2598652151903856,0.31897958811388705,0.34557122263453605,0.21057613575463746,0.9628901161633014,0.23680118872217665
7rk7,I,human,true,2022-11-02T00:00:00.000000+0000,18a5c92d2d804446a2dd45ca5ec3ab13,,,,0.37891755876064875,0.3847352675663636,0.16121139214334623,0.7508727869824603,0.2346821082915518,0.3006851223271746,0.3687461117848164,0.19793875430630256,0.7315568777183716,0.5593262061588965,0.32075858462285645,0.3528698209402648,0.14840216455709848,0.7447281510277761,0.24808523870521326,0.309096900596779,0.3308671933537835,0.1462472856532882,0.7286163355627633,0.24872376967614793,0.4759913576380891,0.4983940496430726,0.1905869381702694,0.7712413501020909,0.2640241341510256
7rm4,I,human,true,2022-02-09T00:00:00.000000+0000,bb851a89b5b901713bd11e0fbf228337,,,,1.1086530349006187,1.0746122875326618,0.39832861674487907,0.48689733152392084,0.6320760094019338,1.364120012571056,1.4043071563188223,0.454829815578866,0.5275615965602626,0.6051613610515645,0.8143699785870239,0.8309553797116414,0.4403442474334193,0.5003746511646877,0.5773527906270272,1.5000494858503663,1.5226191156913536,0.44625273135286564,0.5354562723569114,0.6151736229823817,1.3159644529283834,1.395627660711139,0.36533850857865463,0.4243765449322433,0.6135418149677454
7rtr,I,human,true,2021-10-13T00:00:00.000000+0000,42c703438996dfefdc7616db0cb59812,,,,0.853799787199605,0.8503064614034449,0.20111471289477037,0.5484469079222551,0.7069894268943893,0.947327163904642,1.0035440683638344,0.19082991464248888,0.67727899547741,0.6941242750794451,0.8455954216237458,0.9215813988606054,0.26211539605100176,0.6345095671378487,0.7018151140523915,0.7279433596482442,0.7915432647521363,0.15901461315518348,0.6190370439092924,0.6899798014095412,0.8211056114773301,0.905442236404086,0.15844468336683037,0.6221740297555597,0.6831258517544734
7sg1,II,human,true,2022-02-23T00:00:00.000000+0000,5e8e6745eb58bac44afa75354b8ede37,,,,0.3064107726410589,0.31509731808490954,0.39327609664656066,0.35316970744090503,0.28617243880229604,0.42392157040899625,0.4121110961798632,0.35434202362546885,0.5009809934864721,0.2800969427770424,0.23441935415824722,0.2532361968212181,0.4039341710157162,0.38437217659775286,0.26438472088080217,0.3064462701621094,0.30880053711780653,0.34188246584389975,0.4135737780236922,0.26896175811425227,0.29553185050650604,0.2894574591295533,0.316029602996695,0.35772930553535165,0.263556877920609
7sg2,II,human,true,2022-02-23T00:00:00.000000+0000,f251c8e27caa16f9a0e1d362e77739dd,,,,0.5992336664215994,0.5662254725599801,0.166299006859299,0.4170678808825556,0.2520354437197832,0.5376673540875199,0.5101215125118498,0.1776105020772361,0.44187634001666226,0.24173678881750119,0.45111475656748273,0.4218451085585184,0.16853286659174951,0.4717917957999036,0.23619000764347214,0.5248596662042739,0.5181609951050077,0.15666330703657577,0.4066972472305719,0.25578873112922773,0.5772522256213936,0.5536163469944565,0.12065676072631037,0.4779626857631751,0.2376187602229493
7t2b,II,human,true,2022-12-28T00:00:00.000000+0000,6c4bcfe9687e8d9640ba1a6fbef58857,,,,0.8514561157026103,0.9806177066500268,0.4360846498925831,0.5769434081484036,0.8476106514978161,1.046792756678022,1.1894580703063224,0.42578174056415297,0.5090603737275683,0.8300561516658477,1.0153218581622678,1.1329578229475399,0.5147011967437662,0.6040550742681984,0.9029982233765722,0.9926069993873645,1.0759481555460049,0.6432381642082514,0.555071914701023,0.7633766067559262,1.162071695359396,1.2454966651992048,0.4200301402285865,0.6080977138041195,0.8584412529963545
7t2c,II,human,true,2022-12-28T00:00:00.000000+0000,0cd1ec1221fcb858872668190f2523fc,,,,2.6392257960787204,2.4480837872883967,0.5276679726580896,0.5933530170719488,1.1592260148531852,2.8668792529836136,2.6104333181012502,0.5516883844270268,0.5302723460111258,1.222156562536808,2.976034498958502,2.7488645562305116,0.5455873691873802,0.567618538670498,1.1401546128671878,2.685642296519583,2.5038449606464366,0.5435650917606913,0.565765455415474,1.203527060951838,2.6518347677246448,2.490791364943392,0.4695649067247539,0.5077728586609594,1.1719902170787397
7t2d,II,human,true,2022-12-28T00:00:00.000000+0000,516675a50df59915e449f83e7002470b,,,,1.7758685558029772,1.7647440471379487,0.3148230296554603,0.5375142231696108,0.6001743075258777,1.4467625305096175,1.4199301125665125,0.35848597091319867,0.3771061842838286,0.6317080855239274,1.6108960165141473,1.5869051079488428,0.3637386372225494,0.4787639084626422,0.6390330659277579,1.463617349513286,1.437084495412254,0.3350002599145893,0.5243728368740773,0.6332552872370375,1.6614135286607783,1.650121275890178,0.3657080047412015,0.4531358560186322,0.6237876189504257
7z50,II,mouse,true,2022-07-20T00:00:00.000000+0000,b0a9126cc84e9f7c914df32578ba2905,,,,0.14926572843873245,0.18602812967572296,0.10873679507770773,0.5795472307896307,0.17517342103953898,0.13301035922866009,0.17553135062968,0.1289221309580719,0.48690849096767114,0.18509173447830712,0.28032141033549846,0.30988401288221545,0.16763046161657758,0.634671778349837,0.17905574724483594,0.2686867280715874,0.2846740601958014,0.14627180080986196,0.4898433258448923,0.20397344959693742,0.2269897679126606,0.2616859924880412,0.14091405286690475,0.4336252323157558,0.1951900894941392
8cx4,I,human,true,2022-12-07T00:00:00.000000+0000,d6d24a93fb90e1c196c1c3c87ce6488c,,,,0.8375105673803529,0.7322204179161709,0.19737937129181574,0.7833990514607294,0.42711060163479286,0.45251627683082557,0.5093117155719545,0.21616457610723178,0.7887245779502182,0.42247063628756176,0.7558710070587957,0.7675061654139129,0.2488178889015465,0.8425545571371027,0.539117176606656,0.9493449936219346,0.8845448043182517,0.2119176099767636,0.6634875625081054,0.4393021734124777,0.4699600824250981,0.495070713594427,0.21184401525609667,0.984317222437887,0.36261378090454116
8d5q,I,mouse,true,2022-09-14T00:00:00.000000+0000,1770155f0b3200192b9279e6aad25721,,,,0.28225800409985174,0.33148353034871475,0.13228740164562242,0.2362721712836692,0.1868793293776232,0.3733060000846842,0.3889364757521373,0.13720954851236997,0.2207574858184427,0.1840972398035594,0.4028977122330666,0.40593491442875773,0.14545646690722208,0.22520591432882855,0.22079815416320728,0.23792782701993098,0.28756218150508533,0.12362425745213973,0.2298838766449387,0.1929864507415802,0.26574790051434427,0.2959344154261838,0.13557363886815665,0.21238815081099763,0.20091342432808895
8dnt,I,human,false,2023-07-19T00:00:00.000000+0000,59acb5477505053567be60b57e5f3b65,,,,3.0204498645159945,3.307990637547177,0.5635994306508384,0.960200964052853,1.2388109638752238,2.0166054039806873,2.3516514160911406,0.49959329009095427,0.9183017159831751,1.305016798856027,2.717452334231348,3.0332593999355613,0.602353880714506,0.874611401212889,1.280929624370094,1.7536159832241969,2.2045055492444274,0.4750065223916542,0.9415610492814638,1.2481762344105545,1.921267266299677,2.5341351568572583,0.505277808288848,0.9312002952445186,1.2692087993354786
8en8,I,human,false,2024-03-27T00:00:00.000000+0000,d90f97e75ddd577b7d82f7d1b729d50f,,,,2.719619507348494,4.467997825736115,0.7473408008445884,0.6552318266338422,1.5800645683592838,2.4164496519904026,4.1349521290460425,0.6182777787290579,0.5982602698148038,1.484638791889819,2.580516943678153,4.278873370346942,0.7900738692211898,0.5983957348071496,1.4918857922132023,2.179936629425882,4.093311208029463,0.811380104819344,0.5954047301430467,1.4215060882530741,2.5045560938197897,4.467943137698761,0.56436310306011,0.530229893290006,1.7507696338152945
8enh,I,human,false,2024-03-27T00:00:00.000000+0000,b093517b1cc89f77734e54d40b30ca85,,,,2.8707577782494167,4.499895117102046,0.5797335886529476,0.7991225117116751,1.7934187104892139,2.6146290343731406,4.117172040205466,0.6764938418475578,0.8480816363231559,1.5916713564583505,2.6553217041711283,4.42835805335936,0.5188348226207598,0.7341440404731382,1.7497352730025562,2.703964378237307,4.394845519696082,0.6971292655938957,1.028347135649873,1.6814889330149574,2.4290242898497887,4.282058528406883,0.6067463959102205,0.7593771989760301,1.7880364596979037
8eo8,I,human,false,2024-03-27T00:00:00.000000+0000,58484be6ef5feee9f02e558e069f5426,,,,2.186716670708657,4.268736640381988,0.7585953976132462,0.9268973445273994,1.6514359653805324,2.390337743602033,4.256934078533945,0.7218600345226416,0.9044007805880938,1.6578166879684924,2.3503174386075427,4.178126324580214,0.8176264941389898,0.7407756072302463,1.5397807048310659,2.4878984464886806,4.193148116417214,0.7866248147913549,0.9456633819277886,1.6190318670367432,2.2372914921809235,3.955465170165958,0.8198205612722355,0.8108516250011715,1.4441246118786715
8es8,I,human,false,2023-05-03T00:00:00.000000+0000,2442b486e04b4d0fb3ca207269d1dd26,,,,2.6019409092761965,2.9590652502350294,0.5091753851766554,0.7842002174397227,0.9047500555837306,2.1812761092752506,2.7743774321772747,0.522022578591957,0.7874806155325319,1.0914971834467977,2.4192762186566767,2.832475787899003,0.486988221022316,0.7870852815977809,0.9205767318640374,2.599779998986228,3.223167845278163,0.5161356127967186,0.7544658493201799,1.0631127087128456,2.227137008387563,2.9605909721669748,0.5427784344486294,0.7237362572137123,1.1016243950445694
8es9,I,human,false,2023-05-03T00:00:00.000000+0000,b8c8ce87c2ccf49f90ed895c6f40154a,,,,5.771352608668898,5.967929928448552,0.5601384001613975,0.8398968030039684,1.4807246362298576,6.883797879073429,6.76562238804352,0.6008117180688933,0.8051101211963791,1.6716901079724396,7.313603172013216,7.1798196954986695,0.546705645622821,0.7762640293165358,1.6660881247548753,5.577801590774116,5.616454222899616,0.6580083614216976,0.866775790876383,1.548783261616906,5.564803429097932,5.654089245959091,0.6390605960821498,0.8387737124332058,1.5421799818855906
8f5a,I,human,false,2024-05-22T00:00:00.000000+0000,2189f00834a936e6efea39cd61ca41f8,,,,8.858362184807467,9.060436061879775,1.5125768156609936,0.40778712873990997,1.5313381935715282,8.294766359263491,8.41042763098667,1.4932858729937575,0.5359369200812963,1.4347808078874464,8.67716667895303,8.84903040789052,1.5537469368412151,0.5065478646456382,1.4677642303809775,9.362488173812556,9.53748032667771,1.4754442614360828,0.48894916275194605,1.5493520253638338,10.48064151049988,10.617265808547199,1.559665401358209,0.4244312158885658,1.5495166107988463
8gom,I,human,false,2023-03-01T00:00:00.000000+0000,8724e5dc4d0df56b9310b074f1cf3e5e,,,,0.9227122074032807,0.9509204583213672,0.5867998313767712,0.7710069218356782,0.4283137804006239,0.8807753616641258,0.9050262939823722,0.612055094677359,0.497411099483197,0.4249731771552752,0.9338084238439193,0.9728727233191141,0.5948517362116535,0.6783701486484183,0.47739633795398834,1.1162553327171687,1.107152786644147,0.6819566912545426,0.6577135226028918,0.4407625316594798,1.0141444972058002,1.0369606457266116,0.5932210767265448,0.5724289458568542,0.39561139940977774
8gon,I,human,false,2023-03-01T00:00:00.000000+0000,612142b21e38127bab9e363c4d0eb8ee,,,,0.6272105756613158,0.5896473947426493,0.23373163833611058,0.6452215990519994,0.3197641082065001,0.22304246884491244,0.2501156203652695,0.2222780738944086,0.6030180992006491,0.28190647157673127,0.31149941402520054,0.34740421993761766,0.18327947705010977,0.6431335293180888,0.2641152024329505,0.5678278558970327,0.5410219191348374,0.1851214249619515,0.7296722106988877,0.29500991099164864,0.3264394532549854,0.33379798509509906,0.196622544541799,0.6341108883376394,0.32612258790581694
8gvb,I,human,true,2022-10-19T00:00:00.000000+0000,c7fe529fde4c83befd52fe7285509e65,,,,0.5973846375822437,0.6388774483613324,0.312778335892384,0.661236427710295,0.4932062719829077,0.7310937420695802,0.7297913101966262,0.3096315727654116,0.5816907334492533,0.4525569016848848,0.9677660701763804,0.944719931332004,0.3258898463853174,0.6491028516645245,0.4724846798312336,0.87476226811224,0.8310441875787045,0.2935498325251729,0.5588250304248377,0.4752250909638017,0.8151382354511882,0.7812184641633981,0.29578467060570557,0.517026763171719,0.45727697034742043
8gvg,I,human,true,2022-10-19T00:00:00.000000+0000,d6b29ffda8c4df2cf961580b4bb2cc16,,,,0.9805001770636425,1.0181811063460384,0.4568266470845014,0.7888354008128409,0.5557086731385503,0.735331361461037,0.7868241344874126,0.3868791819995365,0.7683031440538564,0.5180135048202873,0.6444778729503446,0.7008935973632703,0.39756443063276936,0.7251742186640469,0.5106242739254379,1.1898275027410445,1.201184475404511,0.44788172004997345,0.9050228105542926,0.5410624516722965,0.8061929927707612,0.8582401273362704,0.442447830503914,0.7487799131585641,0.549070084619833
8gvi,I,human,true,2022-10-19T00:00:00.000000+0000,63c336ccd88a4081d8a152b2847ba28c,,,,1.1776652513211805,1.2078331665115054,0.3562389456189256,0.772237073143738,0.6917311162605193,0.9098871657313691,1.0154928287375562,0.41224922318907226,0.7333283107312919,0.6878107001167438,1.476644324687643,1.565917588955319,0.5793651233144366,0.748091001891917,0.689739928467195,1.047802687575355,1.1273813757365105,0.5695611047243216,0.7661624815294825,0.6473820384746274,1.169668387017614,1.265641210713151,0.5423863033398022,0.7114316161573608,0.6666615961802751
8i5c,I,human,false,2023-08-23T00:00:00.000000+0000,3dad0fd6a6e0ce25e4106fda13a57abe,,,,2.8068431377423155,2.952138122155391,2.0030584186378,0.7944264268462958,0.6107571456773585,3.9180904785657957,3.9480151234161847,2.050047030838578,0.729592485054128,0.565568533023975,3.188658421525218,3.3157266081387324,2.056449560522595,0.6763368634765161,0.5843620056586023,3.108442580571385,3.2605047464550356,2.0355437232678195,0.7414873449521627,0.6080631078209765,3.371916825991125,3.4990816660290074,2.0452181776237826,0.6135281050228736,0.6279415046871923
8i5d,I,human,false,2023-08-23T00:00:00.000000+0000,55461d93e2317bf4eecc407caf39103e,,,,2.1917953274851154,2.458234867222392,2.1323976548484955,0.5257921596861891,1.2622189455495554,2.315137336538464,2.57973785241358,2.1174194083796904,0.5398026942980162,1.2120656789689987,2.1694786013438123,2.4731909575277222,2.084343550057823,0.5998914138841872,1.2831675877309472,2.348553045210755,2.61026309471994,2.085907182982383,0.6710282080263757,1.273166628922495,2.067475396392585,2.390463365656085,2.118452620457513,0.4684147981832393,1.197419847530316
8pjg,II,human,false,2024-06-19T00:00:00.000000+0000,7ed224bf27775709b488a69d90cbe54e,,,,0.45531413182253616,0.49166797394363615,0.3063780846673047,2.0458149100155625,0.6269151549186416,0.604727075396632,0.6331987671050798,0.29584653429251334,1.1598402775041121,0.6617853901584844,0.493545470895005,0.5182241191473317,0.2574966301160582,2.1855419351321266,0.62029961553776,0.6856921057266883,0.6859952313851009,0.25115424119173324,2.019840879419758,0.6382209181052186,0.7105568409018327,0.738927789861486,0.3085316515243749,2.0537877939109417,0.614530846235978
8shi,I,human,false,2023-06-28T00:00:00.000000+0000,a825a9509fbd53a6838631ea8d3abff6,,,,7.431968843023689,7.453954568415339,0.6930093869664589,0.7943904577742068,1.1494524310318535,7.777616745110639,7.8400820640863484,0.8086716042832146,0.7686201754825143,1.274249553139466,8.542333416879947,8.693324944848007,0.5879210770686023,0.7129045299558243,1.265675868669861,6.063920228114,6.244016460349478,0.517717775901894,0.8077750217295426,1.1093035495230792,8.550416807549865,8.630825214308459,0.6747102756104341,0.6447912761340453,1.2683078526874587
8trl,II,human,false,2024-07-31T00:00:00.000000+0000,a5e82e55d6cfc59883cc800c0a40e7fd,,,,2.295659790924937,2.671697999605104,0.46765805238373925,0.5342385968024127,1.0539680727713745,2.309742355259327,2.6511105072310106,0.42077829145615236,0.5373142301250841,1.0073255644733834,1.7460924100771091,2.3084736209019097,0.42137305193936103,0.548990706867516,1.1297188721222402,2.594594417261142,2.8928066058071225,0.5068708850472813,0.6035931642182361,1.0014703123593498,2.1885955736627793,2.5004517238832116,0.5144060838883142,0.5321595360660828,1.0172490927400342
8trr,II,human,false,2024-07-31T00:00:00.000000+0000,726165d7544d88090f5bc381772354bf,,,,2.8155469438539855,3.1259442194297664,0.5285098224343735,0.5302950114823779,1.0211937330233316,3.061650518478219,3.3457764623172146,0.46626354500653805,0.4936473563552609,1.0485660660176126,3.063865054644987,3.3641827218522558,0.5760591484861927,0.5767284586983823,1.0316063123338204,2.9139425356965085,3.2373689152357725,0.49883860613867254,0.5089601331363053,0.9928229943840824,2.8016489617164,3.1080738564621835,0.5703702413012082,0.5393277340212358,1.0202448642076127
8vcx,II,human,false,2024-08-07T00:00:00.000000+0000,98daa70e8e2597cfecfacfff18353f28,,,,1.0281397490132205,1.5398233947139202,1.6647668739760753,0.5393807690765893,0.7284812469480169,1.0803077994769128,1.4677306008623612,1.9614475424653122,0.6013420489575024,0.7021014161146465,1.0353651251388973,1.4111650927503947,1.837786397237946,0.4542518660935141,0.7390130105651271,1.2149870063589252,1.6435801984364786,2.1200566996391306,0.6514935967611277,0.8042499011036383,1.2402580847903777,1.5651880406184546,1.8211720191495064,0.6405908444513166,0.7401825198505613
8vcy,II,human,false,2024-08-07T00:00:00.000000+0000,e6da04b0f02efa07a5e1795130328a12,,,,0.7883457473703352,1.279059435171364,2.593590045155038,0.6348171006847417,0.667043031029376,0.7488731258774457,1.382167570246147,2.341425429566796,0.5709676474924813,0.7476924509585635,0.9252858671073825,1.448628369279445,2.4641761874753194,0.6274729115948947,0.7162586460934558,1.0291352315398223,1.495823221288134,2.4020644658078183,0.6719426225712329,0.7221887175616536,0.7170989698074531,1.2082529256313501,2.3141013715174923,0.6291679888289139,0.7287117096498006
8vd2,II,human,false,2024-08-07T00:00:00.000000+0000,df790dd4eb9a5164bc3171d1ce5f7065,,,,1.819616528795522,2.7541307552943515,2.12316821330697,0.6843965960270758,1.1465670755786035,2.410755323394316,3.8993847705251183,2.113058454901199,0.7308320261292773,1.4592873664209465,2.014165221387165,2.9133210194710037,2.0302703048975386,0.657123947627913,1.1480393817367145,2.3449044766230664,3.646448201680794,2.1235913250232854,0.7303784872559778,1.3994825162407776,1.5799278655585889,3.026883911799469,2.12214055828491,0.7362060275445024,1.2255898049692815
8wte,I,human,false,2024-05-01T00:00:00.000000+0000,13f7a9410810562e44920fa041315954,,,,5.190013149407927,4.812623717391348,2.155043117761426,0.7301699892786299,0.9112553284771577,2.2503659556203055,2.577046816645658,2.2063524497598612,0.6588449079270438,0.9167697106673249,2.34126978484418,3.226425662725249,2.18822732210754,0.8383256938006795,1.2050915663344897,6.007405354252011,5.467964399211466,2.101810758788795,0.6521579210013102,0.8461393713233444,6.241701633292322,5.706233071632484,2.086690225658713,0.7008089254525136,0.8477566960851933
8wul,I,human,false,2024-05-01T00:00:00.000000+0000,404f58ae3d26a08ecc8bd707789d01d4,,,,2.1037100208221444,2.4256581873618908,2.2782915543869717,0.6232194189763225,0.897311088869122,2.436407828507985,2.63420121852723,2.1467136949584837,0.6923985554830433,0.9634601612644368,1.487751541495239,2.3054745501871574,2.1101915982447137,0.6016233229280152,1.0045873587153875,2.3329054563041565,2.813811836076846,2.172325487213145,0.6898053350704267,1.0099372098483477,3.073316788818476,3.4118906193454306,2.1691839353887605,0.6234088074582264,1.1229909412106156
8ye4,I,human,false,2024-08-21T00:00:00.000000+0000,6899d34d074bdb896dbde93243ae7310,,,,4.57874507890311,4.4819797637088366,1.580053208735218,0.6985161236695039,0.8339042038738735,5.073364953858456,4.813418010665078,1.5804062240858348,0.6713336900106224,0.7685851253962265,4.931370351929326,4.709440772846559,1.6534285455029307,0.6010395372982861,0.8097775322956432,5.159606090255996,4.8854760203373395,1.6004124879806019,0.6785377216848943,0.8969621574625946,4.187427362151077,4.099545450030792,1.5816713287270987,0.6960223375030093,0.9352905034865657
6l9l,I,human,true,2020-11-18T00:00:00.000000+0000,00d671d629eff4094fee1be3c7f4da77,4.2,11.69,26.58,0.34104118956939966,0.38959004411871406,0.18321230018225582,0.205242767538082,0.22845348770242324,0.3850319377276901,0.44504901482678816,0.18741018520272054,0.195124720448579,0.1685187884762995,0.4159644678625087,0.41555623283880383,0.18806185728154345,0.22401494386269713,0.23309236879102338,0.34635616867353075,0.38191812350469884,0.19223432587676134,0.20396282028709026,0.1798928253007484,0.2534215362392371,0.2995098867617555,0.19589421765332174,0.2000353153841926,0.1673247236966293
6l9l,I,human,true,2020-11-18T00:00:00.000000+0000,00d671d629eff4094fee1be3c7f4da77,4.2,11.69,26.58,0.34104118956939966,0.38959004411871406,0.18321230018225582,0.205242767538082,0.22845348770242324,0.3850319377276901,0.44504901482678816,0.18741018520272054,0.195124720448579,0.1685187884762995,0.4159644678625087,0.41555623283880383,0.18806185728154345,0.22401494386269713,0.23309236879102338,0.34635616867353075,0.38191812350469884,0.19223432587676134,0.20396282028709026,0.1798928253007484,0.2534215362392371,0.2995098867617555,0.19589421765332174,0.2000353153841926,0.1673247236966293
6l9l,I,mouse,true,2020-11-18T00:00:00.000000+0000,00d671d629eff4094fee1be3c7f4da77,4.2,11.69,26.58,0.34104118956939966,0.38959004411871406,0.18321230018225582,0.205242767538082,0.22845348770242324,0.3850319377276901,0.44504901482678816,0.18741018520272054,0.195124720448579,0.1685187884762995,0.4159644678625087,0.41555623283880383,0.18806185728154345,0.22401494386269713,0.23309236879102338,0.34635616867353075,0.38191812350469884,0.19223432587676134,0.20396282028709026,0.1798928253007484,0.2534215362392371,0.2995098867617555,0.19589421765332174,0.2000353153841926,0.1673247236966293
6l9l,I,mouse,true,2020-11-18T00:00:00.000000+0000,00d671d629eff4094fee1be3c7f4da77,4.2,11.69,26.58,0.34104118956939966,0.38959004411871406,0.18321230018225582,0.205242767538082,0.22845348770242324,0.3850319377276901,0.44504901482678816,0.18741018520272054,0.195124720448579,0.1685187884762995,0.4159644678625087,0.41555623283880383,0.18806185728154345,0.22401494386269713,0.23309236879102338,0.34635616867353075,0.38191812350469884,0.19223432587676134,0.20396282028709026,0.1798928253007484,0.2534215362392371,0.2995098867617555,0.19589421765332174,0.2000353153841926,0.1673247236966293
